Rule,x,y,class,coverage,Pie
1,5.916435719,8.007397652,1,0.018867925,"0,100"
2,13.97095299,-49.5476532,0,0.37295082,"88.780487804878,11.219512195122"
3,26.91934776,-17.32170486,0,0.040983607,"74.0740740740741,25.9259259259259"
4,35.51585007,-7.395625114,0,0.036885246,"64.2857142857143,35.7142857142857"
5,36.73098373,-3.746792555,0,0.012295082,"100,0"
6,-31.06325531,46.50894928,0,0.022540984,"100,0"
7,-19.76991081,47.52501297,1,0.033018868,"0,100"
8,22.54583549,34.80482483,0,0.006147541,"100,0"
9,-24.44071007,5.850141048,1,0.070754717,"11.7647058823529,88.2352941176471"
10,-26.6919899,10.95367622,1,0.061320755,"48,52"
11,-20.71776009,2.946827412,0,0.055327869,"71.0526315789474,28.9473684210526"
12,-37.89673996,26.67854118,0,0.010245902,"100,0"
13,14.2078743,46.95186615,1,0.066037736,"17.6470588235294,82.3529411764706"
14,11.25148582,46.88712311,0,0.012295082,"60,40"
15,26.92277908,-6.532895088,0,0.038934426,"100,0"
16,-13.33854008,-37.70903778,0,0.06147541,"93.75,6.25"
17,-15.84827423,-5.994013309,1,0.061320755,"27.7777777777778,72.2222222222222"
18,-18.35177994,-6.537585735,0,0.079918033,"72.2222222222222,27.7777777777778"
19,-3.034987688,18.4268322,1,0.094339623,"35.4838709677419,64.5161290322581"
20,68.28351593,-6.251871586,0,0.159836066,"59.0909090909091,40.9090909090909"
21,-53.45641708,14.14281845,0,0.022540984,"100,0"
22,-1.937731862,-38.31515503,0,0.125,"82.4324324324324,17.5675675675676"
23,18.39959335,-31.34134674,0,0.055327869,"96.4285714285714,3.57142857142857"
24,-42.25185776,-14.55506134,0,0.012295082,"66.6666666666667,33.3333333333333"
25,20.93045044,-49.50646973,0,0.198770492,"96.039603960396,3.96039603960396"
26,-20.0929203,-30.39520073,0,0.114754098,"84.8484848484848,15.1515151515152"
27,76.12194824,-7.120223522,0,0.25204918,"61.8090452261307,38.1909547738693"
28,-52.217556,11.94901085,0,0.051229508,"96.1538461538462,3.84615384615385"
29,4.141502857,45.3989296,0,0.00204918,"50,50"
30,49.09474945,-16.90962982,1,0.028301887,"0,100"
31,42.45263672,-19.99624825,0,0.014344262,"100,0"
32,17.55690002,-11.93819332,0,0.016393443,"100,0"
33,36.35821152,-5.583534718,0,0.036885246,"78.2608695652174,21.7391304347826"
34,15.69507313,-3.270786762,1,0.018867925,"0,100"
35,13.65847874,-1.533464432,0,0.018442623,"100,0"
36,30.79138184,11.41138172,1,0.174528302,"30.188679245283,69.811320754717"
37,20.15487671,19.80911827,1,0.047169811,"0,100"
38,-22.46928596,42.56707382,1,0.023584906,"16.6666666666667,83.3333333333333"
39,-28.85122299,38.25112152,1,0.094339623,"4.76190476190476,95.2380952380952"
40,-3.974088192,25.91543198,0,0.004098361,"100,0"
41,-21.17649078,50.438797,0,0.010245902,"100,0"
42,-30.84903145,32.73396683,1,0.051886792,"26.6666666666667,73.3333333333333"
43,7.656440258,20.3742218,0,0.008196721,"66.6666666666667,33.3333333333333"
44,-25.58549309,25.50823593,1,0.014150943,"0,100"
45,-25.6273365,-10.87739944,0,0.00204918,"100,0"
46,3.777426243,29.55750656,0,0.014344262,"100,0"
47,-38.65382767,31.5346241,0,0.018442623,"100,0"
48,-5.600841999,9.49653244,0,0.020533881,"100,0"
49,-39.13475037,15.53246021,0,0.008213552,"80,20"
50,-19.05536079,5.109731197,0,0.032854209,"50,50"
51,-7.870551586,-40.45497131,0,0.174537988,"81.7307692307692,18.2692307692308"
52,6.904337883,21.10011864,0,0.014373717,"77.7777777777778,22.2222222222222"
53,-35.26921844,28.53445816,1,0.014084507,"0,100"
54,-18.5077343,49.83364487,1,0.018779343,"0,100"
55,-4.728935719,24.87761307,0,0.002053388,"50,50"
56,-0.468465686,-36.03358841,0,0.088295688,"91.4893617021277,8.51063829787234"
57,17.89498138,-29.50331688,0,0.067761807,"70.2127659574468,29.7872340425532"
58,-14.58537483,53.83751678,1,0.018779343,"0,100"
59,-34.86478043,-9.458928108,1,0.042253521,"25,75"
60,75.40969849,-11.38680649,0,0.151950719,"62.1848739495798,37.8151260504202"
61,28.97134399,19.72097969,0,0.016427105,"66.6666666666667,33.3333333333333"
62,29.56968689,13.59624481,1,0.117370892,"19.3548387096774,80.6451612903226"
63,-40.88327408,-2.330940723,1,0.009389671,"0,100"
64,20.89580536,3.40440011,0,0.018480493,"100,0"
65,20.88905334,-48.62891006,0,0.158110883,"100,0"
66,-30.62461853,47.19503784,0,0.006160164,"75,25"
67,-49.31168365,-18.7856102,1,0.009389671,"0,100"
68,28.17508888,-37.18099976,0,0.012320329,"100,0"
69,-16.29886055,-26.44405746,0,0.047227926,"92,8"
70,63.4996376,-5.806961536,0,0.098562628,"55.8139534883721,44.1860465116279"
71,7.527465343,31.85924911,0,0.002053388,"50,50"
72,22.82339859,20.39536667,1,0.0657277,"0,100"
73,-37.95294189,1.741588473,1,0.009389671,"0,100"
74,-43.95313644,13.561656,0,0.018480493,"100,0"
75,-47.46931458,15.54874516,0,0.04312115,"100,0"
76,-2.81139636,-38.82743835,0,0.12244898,"96.7741935483871,3.2258064516129"
77,17.5484314,-30.825634,0,0.102040816,"81.9672131147541,18.0327868852459"
78,75.27810669,-9.927983284,0,0.232653061,"65.1428571428572,34.8571428571429"
79,-53.37999725,12.00742149,0,0.042857143,"100,0"
80,-12.66664982,-25.01693726,0,0.06122449,"68.1818181818182,31.8181818181818"
81,-30.03318596,11.17208767,1,0.023809524,"0,100"
82,22.89442062,-50.33668518,0,0.267346939,"92.9078014184397,7.09219858156028"
83,0.389913499,-6.334740162,1,0.004761905,"0,100"
84,-27.94050026,39.21340942,1,0.028571429,"40,60"
85,-37.73540115,31.49861336,0,0.03877551,"79.1666666666667,20.8333333333333"
86,-19.62149239,46.02185059,1,0.038095238,"0,100"
87,-27.59932899,27.47784805,1,0.023809524,"0,100"
88,-24.70174217,24.70435715,1,0.019047619,"0,100"
89,-33.3320694,34.30060959,0,0.014285714,"70,30"
90,40.68335342,-2.333285093,0,0.002040816,"100,0"
91,45.59719086,-1.335906625,0,0.002040816,"50,50"
92,-36.76834106,-2.966966629,0,0.002040816,"50,50"
93,25.44812202,22.03393173,1,0.095238095,"0,100"
94,5.159065723,45.12535858,1,0.028571429,"14.2857142857143,85.7142857142857"
95,27.9244442,10.94742107,0,0.03877551,"67.8571428571429,32.1428571428571"
96,16.75843239,50.26519775,1,0.047619048,"0,100"
97,25.29026985,19.01504707,1,0.061904762,"27.7777777777778,72.2222222222222"
98,48.15954208,-16.12649536,1,0.028571429,"0,100"
99,-2.462548018,27.55114555,0,0.002040816,"100,0"
100,31.53466034,6.041554928,0,0.03877551,"95,5"
101,8.740514755,19.31482315,1,0.014285714,"40,60"
102,16.73516273,-10.44478798,0,0.008163265,"80,20"
103,9.120615005,32.57188034,1,0.019047619,"0,100"
104,-3.217563868,-40.6400795,0,0.071283096,"100,0"
105,13.57088375,-47.98707962,0,0.268839104,"92.3076923076923,7.69230769230769"
106,-47.87437439,-19.57415962,1,0.009569378,"33.3333333333333,66.6666666666667"
107,27.44257545,-38.05363083,0,0.065173116,"94.1176470588235,5.88235294117647"
108,28.87589836,-11.86846924,0,0.016293279,"100,0"
109,-15.28394318,53.23151398,1,0.023923445,"0,100"
110,73.08506775,-11.29830647,0,0.211812627,"74.2857142857143,25.7142857142857"
111,-6.579176903,0.253515452,0,0.016293279,"100,0"
112,-17.06809998,-3.013477564,0,0.052953157,"53.0612244897959,46.9387755102041"
113,63.65342712,-6.688549519,1,0.301435407,"29.2134831460674,70.7865168539326"
114,-37.80354309,2.941598892,0,0.00814664,"50,50"
115,-48.59189224,13.62963676,0,0.103869654,"87.9310344827586,12.0689655172414"
116,-7.805176258,2.949338675,0,0.00203666,"100,0"
117,-39.83973312,15.00452518,1,0.014354067,"0,100"
118,-22.14182281,13.50684071,0,0.00203666,"100,0"
119,-12.31774044,38.3823204,1,0.038277512,"0,100"
120,20.21884537,2.908637762,0,0.00203666,"100,0"
121,4.703219891,31.68811035,1,0.009569378,"0,100"
122,6.923613071,44.4620018,0,0.010183299,"62.5,37.5"
123,25.47120285,-8.867978096,0,0.069246436,"85,15"
124,19.1584053,19.27688408,1,0.028708134,"0,100"
125,-2.802990437,3.337536573,0,0.00610998,"100,0"
126,13.48499012,-6.544526577,0,0.020366599,"100,0"
127,0.292757094,-16.83580971,1,0.004784689,"0,100"
128,16.63450813,48.22208786,1,0.033492823,"0,100"
129,38.11244202,12.39875507,1,0.09569378,"31.0344827586207,68.9655172413793"
130,-43.52986145,-14.66258717,0,0.016877637,"100,0"
131,-43.43208313,-11.02191257,1,0.013274336,"0,100"
132,49.12031555,-14.28450584,1,0.017699115,"0,100"
133,28.09148788,-10.0474968,0,0.025316456,"85.7142857142857,14.2857142857143"
134,6.922411919,8.806302071,1,0.008849558,"0,100"
135,9.638906479,-48.48012924,0,0.162447257,"91.6666666666667,8.33333333333333"
136,10.73805332,-28.53765869,0,0.037974684,"90,10"
137,20.82601929,-44.77783585,0,0.126582278,"100,0"
138,28.71013832,-16.27288055,0,0.035864979,"68,32"
139,25.52450943,-18.14388275,0,0.048523207,"92,8"
140,17.66901779,18.51922989,1,0.017699115,"0,100"
141,-11.53477955,-37.25536728,0,0.025316456,"100,0"
142,-22.38366699,-30.42848778,0,0.054852321,"78.7878787878788,21.2121212121212"
143,-23.65630531,23.61792755,1,0.008849558,"0,100"
144,-15.38976002,-26.16590691,0,0.044303797,"100,0"
145,-23.95970726,-21.73381805,0,0.008438819,"80,20"
146,-0.470743358,-5.245600224,1,0.004424779,"0,100"
147,75.83860016,-6.2235322,0,0.215189873,"55.1351351351351,44.8648648648649"
148,-30.27580833,34.45769882,1,0.101769912,"36.1111111111111,63.8888888888889"
149,-47.0712471,13.78011322,0,0.048523207,"67.6470588235294,32.3529411764706"
150,-51.99398422,13.23243904,0,0.046413502,"84.6153846153846,15.3846153846154"
151,-1.852184653,28.23760033,0,0.025316456,"100,0"
152,31.64109039,7.502494812,1,0.061946903,"46.1538461538462,53.8461538461538"
153,29.61078453,12.10716438,1,0.07079646,"36,64"
154,25.27590942,20.92700958,1,0.132743363,"9.09090909090909,90.9090909090909"
155,-7.980690956,-8.14366436,0,0.004040404,"66.6666666666667,33.3333333333333"
156,-13.97068214,17.51828766,1,0.004878049,"0,100"
157,-23.62451744,12.29982281,0,0.032323232,"100,0"
158,-38.86658859,-2.465199232,1,0.009756098,"0,100"
159,7.112164497,7.538689613,1,0.004878049,"0,100"
160,11.47463131,-28.1290741,0,0.044444444,"95.6521739130435,4.34782608695652"
161,-21.85190582,4.81034708,1,0.112195122,"46.5116279069767,53.4883720930233"
162,17.62141037,49.51482391,1,0.048780488,"0,100"
163,-28.55595016,11.10921001,1,0.053658537,"0,100"
164,23.22296143,35.42621231,0,0.006060606,"100,0"
165,-42.31305695,-1.663580894,0,0.002020202,"50,50"
166,-33.21772003,-9.127299309,1,0.03902439,"0,100"
167,11.54756832,42.78306961,0,0.012121212,"60,40"
168,-6.497251511,-39.42486954,0,0.056565657,"96.551724137931,3.44827586206897"
169,-13.53793812,-23.83924103,0,0.074747475,"100,0"
170,-28.64676094,-2.039774418,1,0.009756098,"0,100"
171,2.046646118,-6.60711813,0,0.006060606,"75,25"
172,-23.43520546,-29.04036331,0,0.016161616,"100,0"
173,-17.83881569,-27.39616776,0,0.012121212,"50,50"
174,-23.41389465,-31.98009109,0,0.01010101,"100,0"
175,25.41302299,-21.5252533,0,0.157575758,"89.6551724137931,10.3448275862069"
176,-20.38641548,49.84722519,0,0.006060606,"50,50"
177,67.39530945,-3.573986053,0,0.17979798,"76.0683760683761,23.9316239316239"
178,-2.732132196,16.46704674,0,0.026262626,"50,50"
179,67.96105194,-8.648004532,0,0.143434343,"52.9850746268657,47.0149253731343"
180,30.11262131,-34.75407028,0,0.014141414,"100,0"
181,24.2358551,-50.67467117,0,0.155555556,"87.5,12.5"
182,-26.01425934,40.54208374,1,0.024390244,"0,100"
183,-43.60166931,-13.34221458,0,0.022869023,"100,0"
184,-44.52903366,-9.776873589,1,0.01369863,"0,100"
185,-48.97309875,-19.94727516,0,0.002079002,"50,50"
186,0.357609421,-34.49095535,0,0.056133056,"84.375,15.625"
187,13.31603718,-50.4059906,0,0.297297297,"97.2789115646258,2.72108843537415"
188,45.4645195,-0.195848987,1,0.01369863,"40,60"
189,38.95423126,-3.094893932,0,0.01039501,"100,0"
190,-38.10087967,-10.041255,1,0.063926941,"26.3157894736842,73.6842105263158"
191,73.74066925,-9.004281998,0,0.334719335,"67.0833333333333,32.9166666666667"
192,-20.11598396,-0.095083065,0,0.054054054,"100,0"
193,-23.90463638,41.65984344,0,0.004158004,"100,0"
194,-37.23193741,27.42352676,0,0.004158004,"100,0"
195,-30.15236473,35.81271362,1,0.100456621,"18.5185185185185,81.4814814814815"
196,-5.913278103,10.31226921,1,0.01369863,"0,100"
197,12.62186623,-6.845976353,0,0.043659044,"87.5,12.5"
198,-1.637033582,-16.37345505,1,0.01369863,"0,100"
199,16.21135712,-9.453095436,0,0.027027027,"100,0"
200,28.33086205,-15.2219038,0,0.041580042,"86.9565217391304,13.0434782608696"
201,43.21076584,-19.12956238,0,0.004158004,"50,50"
202,35.27267838,-2.516817331,1,0.0456621,"33.3333333333333,66.6666666666667"
203,36.91509247,-17.93197823,0,0.006237006,"100,0"
204,13.02923679,47.2530365,1,0.114155251,"10.7142857142857,89.2857142857143"
205,39.29353714,12.70642376,1,0.178082192,"35,65"
206,-3.549217701,2.85695219,0,0.006237006,"100,0"
207,10.59506989,-34.52705002,0,0.020325203,"100,0"
208,-18.75333977,44.56794357,1,0.009615385,"0,100"
209,9.618918419,-25.40198517,0,0.026422764,"86.6666666666667,13.3333333333333"
210,22.89131546,-19.42470551,0,0.091463415,"100,0"
211,-1.208891034,-17.2812748,1,0.004807692,"0,100"
212,-17.11515045,-7.664974689,0,0.044715447,"100,0"
213,-24.16642189,-23.0895195,0,0.012195122,"100,0"
214,-15.83285332,-1.097435236,1,0.052884615,"15.3846153846154,84.6153846153846"
215,14.63704967,-2.917055845,0,0.016260163,"66.6666666666667,33.3333333333333"
216,11.82224274,-31.26993752,0,0.032520325,"72.7272727272727,27.2727272727273"
217,15.01150227,-50.5511322,0,0.325203252,"90.9090909090909,9.09090909090909"
218,49.60520172,-13.14255238,1,0.004807692,"0,100"
219,44.2461853,-1.118956447,1,0.019230769,"0,100"
220,34.90691376,-8.226946831,0,0.022357724,"61.1111111111111,38.8888888888889"
221,41.36226654,-19.2942791,0,0.006097561,"100,0"
222,-20.22220612,4.583268166,1,0.091346154,"48.6486486486487,51.3513513513513"
223,15.2552948,49.74845505,1,0.0625,"0,100"
224,-24.49072838,11.62227154,1,0.048076923,"23.0769230769231,76.9230769230769"
225,-24.08970833,6.890181541,0,0.028455285,"66.6666666666667,33.3333333333333"
226,-19.30679893,-31.45817375,0,0.038617886,"100,0"
227,1.05535686,-5.145918846,1,0.004807692,"0,100"
228,68.11640167,-5.122326374,0,0.262195122,"55.3648068669528,44.6351931330472"
229,-6.549165726,1.826232672,0,0.026422764,"100,0"
230,-5.012051105,-41.68569565,0,0.070103093,"100,0"
231,-12.92740822,-36.16250229,0,0.020618557,"83.3333333333333,16.6666666666667"
232,21.32526207,33.64216232,0,0.065979381,"100,0"
233,-23.77323151,-20.14983559,0,0.006185567,"50,50"
234,-11.78214264,-23.55202866,0,0.045360825,"91.6666666666667,8.33333333333333"
235,-38.78665924,-3.797031879,1,0.041860465,"0,100"
236,-40.19423676,-14.207551,1,0.018604651,"33.3333333333333,66.6666666666667"
237,-39.57672501,-10.17163372,0,0.032989691,"84.2105263157895,15.7894736842105"
238,26.71702766,-8.130373001,0,0.035051546,"58.6206896551724,41.3793103448276"
239,24.61899567,-20.00394058,0,0.084536082,"97.6190476190476,2.38095238095238"
240,29.39579964,-35.62001419,0,0.01443299,"77.7777777777778,22.2222222222222"
241,-17.16821861,-4.562574863,0,0.053608247,"74.2857142857143,25.7142857142857"
242,27.78518105,19.74682999,1,0.03255814,"30,70"
243,11.06791115,-33.57034683,1,0.027906977,"40,60"
244,8.684552193,-48.13890076,0,0.070103093,"82.9268292682927,17.0731707317073"
245,46.40369797,-17.3166008,1,0.018604651,"0,100"
246,1.242191195,-33.09998322,1,0.018604651,"42.8571428571429,57.1428571428571"
247,20.82419777,-43.79559708,0,0.134020619,"94.2028985507246,5.79710144927536"
248,-0.494715959,-15.20525169,1,0.004651163,"0,100"
249,-19.33463669,-32.72447968,0,0.037113402,"100,0"
250,73.44755554,-7.924819946,0,0.241237113,"60.3092783505155,39.6907216494845"
251,-28.33827972,28.5701828,1,0.051162791,"8.33333333333333,91.6666666666667"
252,-31.5053997,35.70378876,1,0.08372093,"48.5714285714286,51.4285714285714"
253,-11.67862797,37.86192322,0,0.006185567,"100,0"
254,5.172269344,30.94968605,0,0.002061856,"50,50"
255,36.74722672,11.90092945,1,0.088372093,"9.52380952380952,90.4761904761905"
256,-1.95458591,16.95738792,1,0.041860465,"43.75,56.25"
257,-49.24805071,-46.46630479,,,
258,-49.24805071,-42.25793842,,,
259,-49.24805071,-38.04957204,,,
260,-49.24805071,-33.84120566,,,
261,-49.24805071,-29.63283928,,,
262,-49.24805071,-25.4244729,,,
263,-49.24805071,-12.79937377,,,
264,-49.24805071,-8.591007392,,,
265,-49.24805071,-4.382641014,,,
266,-49.24805071,-0.174274636,,,
267,-49.24805071,4.034091742,,,
268,-49.24805071,8.242458121,,,
269,-49.24805071,20.86755725,,,
270,-49.24805071,25.07592363,,,
271,-49.24805071,29.28429001,,,
272,-49.24805071,33.49265639,,,
273,-49.24805071,37.70102277,,,
274,-49.24805071,41.90938915,,,
275,-49.24805071,46.11775552,,,
276,-49.24805071,50.3261219,,,
277,-45.03968433,-46.46630479,,,
278,-45.03968433,-42.25793842,,,
279,-45.03968433,-38.04957204,,,
280,-45.03968433,-33.84120566,,,
281,-45.03968433,-29.63283928,,,
282,-45.03968433,-25.4244729,,,
283,-45.03968433,4.034091742,,,
284,-45.03968433,8.242458121,,,
285,-45.03968433,20.86755725,,,
286,-45.03968433,25.07592363,,,
287,-45.03968433,29.28429001,,,
288,-45.03968433,33.49265639,,,
289,-45.03968433,37.70102277,,,
290,-45.03968433,41.90938915,,,
291,-45.03968433,46.11775552,,,
292,-45.03968433,50.3261219,,,
293,-40.83131795,-46.46630479,,,
294,-40.83131795,-42.25793842,,,
295,-40.83131795,-38.04957204,,,
296,-40.83131795,-33.84120566,,,
297,-40.83131795,-29.63283928,,,
298,-40.83131795,-25.4244729,,,
299,-40.83131795,-21.21610653,,,
300,-40.83131795,8.242458121,,,
301,-40.83131795,20.86755725,,,
302,-40.83131795,37.70102277,,,
303,-40.83131795,41.90938915,,,
304,-40.83131795,46.11775552,,,
305,-40.83131795,50.3261219,,,
306,-36.62295157,-46.46630479,,,
307,-36.62295157,-42.25793842,,,
308,-36.62295157,-38.04957204,,,
309,-36.62295157,-33.84120566,,,
310,-36.62295157,-29.63283928,,,
311,-36.62295157,-25.4244729,,,
312,-36.62295157,-21.21610653,,,
313,-36.62295157,-17.00774015,,,
314,-36.62295157,8.242458121,,,
315,-36.62295157,20.86755725,,,
316,-36.62295157,37.70102277,,,
317,-36.62295157,41.90938915,,,
318,-36.62295157,46.11775552,,,
319,-36.62295157,50.3261219,,,
320,-32.41458519,-46.46630479,,,
321,-32.41458519,-42.25793842,,,
322,-32.41458519,-38.04957204,,,
323,-32.41458519,-33.84120566,,,
324,-32.41458519,-29.63283928,,,
325,-32.41458519,-25.4244729,,,
326,-32.41458519,-21.21610653,,,
327,-32.41458519,-17.00774015,,,
328,-32.41458519,-4.382641014,,,
329,-32.41458519,4.034091742,,,
330,-32.41458519,16.65919088,,,
331,-32.41458519,20.86755725,,,
332,-32.41458519,25.07592363,,,
333,-32.41458519,41.90938915,,,
334,-28.20621882,-46.46630479,,,
335,-28.20621882,-42.25793842,,,
336,-28.20621882,-38.04957204,,,
337,-28.20621882,-33.84120566,,,
338,-28.20621882,-29.63283928,,,
339,-28.20621882,-25.4244729,,,
340,-28.20621882,-21.21610653,,,
341,-28.20621882,-17.00774015,,,
342,-28.20621882,16.65919088,,,
343,-28.20621882,20.86755725,,,
344,-23.99785244,-46.46630479,,,
345,-23.99785244,-42.25793842,,,
346,-23.99785244,-38.04957204,,,
347,-23.99785244,-4.382641014,,,
348,-23.99785244,33.49265639,,,
349,-19.78948606,-46.46630479,,,
350,-19.78948606,-42.25793842,,,
351,-19.78948606,-38.04957204,,,
352,-19.78948606,-17.00774015,,,
353,-19.78948606,-12.79937377,,,
354,-19.78948606,20.86755725,,,
355,-19.78948606,29.28429001,,,
356,-19.78948606,33.49265639,,,
357,-19.78948606,37.70102277,,,
358,-15.58111968,-46.46630479,,,
359,-15.58111968,-42.25793842,,,
360,-15.58111968,-17.00774015,,,
361,-15.58111968,-12.79937377,,,
362,-15.58111968,8.242458121,,,
363,-15.58111968,12.4508245,,,
364,-15.58111968,25.07592363,,,
365,-15.58111968,29.28429001,,,
366,-15.58111968,33.49265639,,,
367,-11.3727533,-46.46630479,,,
368,-11.3727533,-29.63283928,,,
369,-11.3727533,-17.00774015,,,
370,-11.3727533,-12.79937377,,,
371,-11.3727533,-4.382641014,,,
372,-11.3727533,-0.174274636,,,
373,-11.3727533,8.242458121,,,
374,-11.3727533,12.4508245,,,
375,-11.3727533,20.86755725,,,
376,-11.3727533,25.07592363,,,
377,-11.3727533,29.28429001,,,
378,-11.3727533,33.49265639,,,
379,-11.3727533,46.11775552,,,
380,-11.3727533,50.3261219,,,
381,-7.164386924,-46.46630479,,,
382,-7.164386924,-33.84120566,,,
383,-7.164386924,-29.63283928,,,
384,-7.164386924,-25.4244729,,,
385,-7.164386924,-21.21610653,,,
386,-7.164386924,-17.00774015,,,
387,-7.164386924,-12.79937377,,,
388,-7.164386924,16.65919088,,,
389,-7.164386924,20.86755725,,,
390,-7.164386924,29.28429001,,,
391,-7.164386924,33.49265639,,,
392,-7.164386924,37.70102277,,,
393,-7.164386924,41.90938915,,,
394,-7.164386924,46.11775552,,,
395,-7.164386924,50.3261219,,,
396,-2.956020546,-46.46630479,,,
397,-2.956020546,-29.63283928,,,
398,-2.956020546,-25.4244729,,,
399,-2.956020546,-21.21610653,,,
400,-2.956020546,33.49265639,,,
401,-2.956020546,37.70102277,,,
402,-2.956020546,41.90938915,,,
403,-2.956020546,46.11775552,,,
404,-2.956020546,50.3261219,,,
405,1.252345832,-46.46630479,,,
406,1.252345832,-42.25793842,,,
407,1.252345832,-25.4244729,,,
408,1.252345832,-21.21610653,,,
409,1.252345832,-0.174274636,,,
410,1.252345832,8.242458121,,,
411,1.252345832,12.4508245,,,
412,1.252345832,20.86755725,,,
413,1.252345832,25.07592363,,,
414,1.252345832,37.70102277,,,
415,1.252345832,41.90938915,,,
416,1.252345832,50.3261219,,,
417,5.46071221,-42.25793842,,,
418,5.46071221,-38.04957204,,,
419,5.46071221,-33.84120566,,,
420,5.46071221,-29.63283928,,,
421,5.46071221,-21.21610653,,,
422,5.46071221,-17.00774015,,,
423,5.46071221,-12.79937377,,,
424,5.46071221,-0.174274636,,,
425,5.46071221,16.65919088,,,
426,5.46071221,25.07592363,,,
427,5.46071221,37.70102277,,,
428,5.46071221,50.3261219,,,
429,9.669078588,-42.25793842,,,
430,9.669078588,-17.00774015,,,
431,9.669078588,-12.79937377,,,
432,9.669078588,-0.174274636,,,
433,9.669078588,4.034091742,,,
434,9.669078588,12.4508245,,,
435,9.669078588,25.07592363,,,
436,9.669078588,37.70102277,,,
437,13.87744497,-42.25793842,,,
438,13.87744497,-38.04957204,,,
439,13.87744497,-21.21610653,,,
440,13.87744497,-17.00774015,,,
441,13.87744497,4.034091742,,,
442,13.87744497,8.242458121,,,
443,13.87744497,12.4508245,,,
444,13.87744497,16.65919088,,,
445,13.87744497,20.86755725,,,
446,13.87744497,25.07592363,,,
447,13.87744497,29.28429001,,,
448,13.87744497,33.49265639,,,
449,13.87744497,37.70102277,,,
450,18.08581134,-38.04957204,,,
451,18.08581134,-21.21610653,,,
452,18.08581134,-17.00774015,,,
453,18.08581134,8.242458121,,,
454,18.08581134,12.4508245,,,
455,18.08581134,25.07592363,,,
456,18.08581134,29.28429001,,,
457,18.08581134,37.70102277,,,
458,18.08581134,41.90938915,,,
459,22.29417772,-38.04957204,,,
460,22.29417772,-33.84120566,,,
461,22.29417772,-29.63283928,,,
462,22.29417772,-25.4244729,,,
463,22.29417772,-12.79937377,,,
464,22.29417772,-4.382641014,,,
465,22.29417772,8.242458121,,,
466,22.29417772,12.4508245,,,
467,22.29417772,25.07592363,,,
468,22.29417772,29.28429001,,,
469,22.29417772,41.90938915,,,
470,22.29417772,46.11775552,,,
471,22.29417772,50.3261219,,,
472,26.5025441,-46.46630479,,,
473,26.5025441,-42.25793842,,,
474,26.5025441,-29.63283928,,,
475,26.5025441,-0.174274636,,,
476,26.5025441,4.034091742,,,
477,26.5025441,29.28429001,,,
478,26.5025441,41.90938915,,,
479,26.5025441,46.11775552,,,
480,26.5025441,50.3261219,,,
481,30.71091048,-46.46630479,,,
482,30.71091048,-42.25793842,,,
483,30.71091048,-29.63283928,,,
484,30.71091048,-25.4244729,,,
485,30.71091048,-21.21610653,,,
486,30.71091048,-4.382641014,,,
487,30.71091048,-0.174274636,,,
488,30.71091048,25.07592363,,,
489,30.71091048,29.28429001,,,
490,30.71091048,33.49265639,,,
491,30.71091048,37.70102277,,,
492,30.71091048,41.90938915,,,
493,30.71091048,46.11775552,,,
494,30.71091048,50.3261219,,,
495,34.91927686,-46.46630479,,,
496,34.91927686,-42.25793842,,,
497,34.91927686,-38.04957204,,,
498,34.91927686,-33.84120566,,,
499,34.91927686,-29.63283928,,,
500,34.91927686,-25.4244729,,,
501,34.91927686,-12.79937377,,,
502,34.91927686,16.65919088,,,
503,34.91927686,20.86755725,,,
504,34.91927686,25.07592363,,,
505,34.91927686,29.28429001,,,
506,34.91927686,33.49265639,,,
507,34.91927686,37.70102277,,,
508,34.91927686,41.90938915,,,
509,34.91927686,46.11775552,,,
510,34.91927686,50.3261219,,,
511,39.12764323,-46.46630479,,,
512,39.12764323,-42.25793842,,,
513,39.12764323,-38.04957204,,,
514,39.12764323,-33.84120566,,,
515,39.12764323,-29.63283928,,,
516,39.12764323,-25.4244729,,,
517,39.12764323,-12.79937377,,,
518,39.12764323,4.034091742,,,
519,39.12764323,8.242458121,,,
520,39.12764323,20.86755725,,,
521,39.12764323,25.07592363,,,
522,39.12764323,29.28429001,,,
523,39.12764323,33.49265639,,,
524,39.12764323,37.70102277,,,
525,39.12764323,41.90938915,,,
526,39.12764323,46.11775552,,,
527,39.12764323,50.3261219,,,
528,43.33600961,-46.46630479,,,
529,43.33600961,-42.25793842,,,
530,43.33600961,-38.04957204,,,
531,43.33600961,-33.84120566,,,
532,43.33600961,-29.63283928,,,
533,43.33600961,-25.4244729,,,
534,43.33600961,-12.79937377,,,
535,43.33600961,-8.591007392,,,
536,43.33600961,4.034091742,,,
537,43.33600961,8.242458121,,,
538,43.33600961,16.65919088,,,
539,43.33600961,20.86755725,,,
540,43.33600961,25.07592363,,,
541,43.33600961,29.28429001,,,
542,43.33600961,33.49265639,,,
543,43.33600961,37.70102277,,,
544,43.33600961,41.90938915,,,
545,43.33600961,46.11775552,,,
546,43.33600961,50.3261219,,,
547,47.54437599,-46.46630479,,,
548,47.54437599,-42.25793842,,,
549,47.54437599,-38.04957204,,,
550,47.54437599,-33.84120566,,,
551,47.54437599,-29.63283928,,,
552,47.54437599,-25.4244729,,,
553,47.54437599,-8.591007392,,,
554,47.54437599,4.034091742,,,
555,47.54437599,8.242458121,,,
556,47.54437599,12.4508245,,,
557,47.54437599,16.65919088,,,
558,47.54437599,20.86755725,,,
559,47.54437599,25.07592363,,,
560,47.54437599,29.28429001,,,
561,47.54437599,33.49265639,,,
562,47.54437599,37.70102277,,,
563,47.54437599,41.90938915,,,
564,47.54437599,46.11775552,,,
565,47.54437599,50.3261219,,,
566,51.75274237,-46.46630479,,,
567,51.75274237,-42.25793842,,,
568,51.75274237,-38.04957204,,,
569,51.75274237,-33.84120566,,,
570,51.75274237,-29.63283928,,,
571,51.75274237,-25.4244729,,,
572,51.75274237,-21.21610653,,,
573,51.75274237,-8.591007392,,,
574,51.75274237,-4.382641014,,,
575,51.75274237,-0.174274636,,,
576,51.75274237,4.034091742,,,
577,51.75274237,8.242458121,,,
578,51.75274237,12.4508245,,,
579,51.75274237,16.65919088,,,
580,51.75274237,20.86755725,,,
581,51.75274237,25.07592363,,,
582,51.75274237,29.28429001,,,
583,51.75274237,33.49265639,,,
584,51.75274237,37.70102277,,,
585,51.75274237,41.90938915,,,
586,51.75274237,46.11775552,,,
587,51.75274237,50.3261219,,,
588,55.96110875,-46.46630479,,,
589,55.96110875,-42.25793842,,,
590,55.96110875,-38.04957204,,,
591,55.96110875,-33.84120566,,,
592,55.96110875,-29.63283928,,,
593,55.96110875,-25.4244729,,,
594,55.96110875,-21.21610653,,,
595,55.96110875,-17.00774015,,,
596,55.96110875,-12.79937377,,,
597,55.96110875,-8.591007392,,,
598,55.96110875,-4.382641014,,,
599,55.96110875,-0.174274636,,,
600,55.96110875,4.034091742,,,
601,55.96110875,8.242458121,,,
602,55.96110875,12.4508245,,,
603,55.96110875,16.65919088,,,
604,55.96110875,20.86755725,,,
605,55.96110875,25.07592363,,,
606,55.96110875,29.28429001,,,
607,55.96110875,33.49265639,,,
608,55.96110875,37.70102277,,,
609,55.96110875,41.90938915,,,
610,55.96110875,46.11775552,,,
611,55.96110875,50.3261219,,,
612,60.16947513,-46.46630479,,,
613,60.16947513,-42.25793842,,,
614,60.16947513,-38.04957204,,,
615,60.16947513,-33.84120566,,,
616,60.16947513,-29.63283928,,,
617,60.16947513,-25.4244729,,,
618,60.16947513,-21.21610653,,,
619,60.16947513,-17.00774015,,,
620,60.16947513,-12.79937377,,,
621,60.16947513,-0.174274636,,,
622,60.16947513,4.034091742,,,
623,60.16947513,8.242458121,,,
624,60.16947513,12.4508245,,,
625,60.16947513,16.65919088,,,
626,60.16947513,20.86755725,,,
627,60.16947513,25.07592363,,,
628,60.16947513,29.28429001,,,
629,60.16947513,33.49265639,,,
630,60.16947513,37.70102277,,,
631,60.16947513,41.90938915,,,
632,60.16947513,46.11775552,,,
633,60.16947513,50.3261219,,,
634,64.3778415,-46.46630479,,,
635,64.3778415,-42.25793842,,,
636,64.3778415,-38.04957204,,,
637,64.3778415,-33.84120566,,,
638,64.3778415,-29.63283928,,,
639,64.3778415,-25.4244729,,,
640,64.3778415,-21.21610653,,,
641,64.3778415,-17.00774015,,,
642,64.3778415,-12.79937377,,,
643,64.3778415,-0.174274636,,,
644,64.3778415,4.034091742,,,
645,64.3778415,8.242458121,,,
646,64.3778415,12.4508245,,,
647,64.3778415,16.65919088,,,
648,64.3778415,20.86755725,,,
649,64.3778415,25.07592363,,,
650,64.3778415,29.28429001,,,
651,64.3778415,33.49265639,,,
652,64.3778415,37.70102277,,,
653,64.3778415,41.90938915,,,
654,64.3778415,46.11775552,,,
655,64.3778415,50.3261219,,,
656,68.58620788,-46.46630479,,,
657,68.58620788,-42.25793842,,,
658,68.58620788,-38.04957204,,,
659,68.58620788,-33.84120566,,,
660,68.58620788,-29.63283928,,,
661,68.58620788,-25.4244729,,,
662,68.58620788,-21.21610653,,,
663,68.58620788,-17.00774015,,,
664,68.58620788,4.034091742,,,
665,68.58620788,8.242458121,,,
666,68.58620788,12.4508245,,,
667,68.58620788,16.65919088,,,
668,68.58620788,20.86755725,,,
669,68.58620788,25.07592363,,,
670,68.58620788,29.28429001,,,
671,68.58620788,33.49265639,,,
672,68.58620788,37.70102277,,,
673,68.58620788,41.90938915,,,
674,68.58620788,46.11775552,,,
675,68.58620788,50.3261219,,,
676,72.79457426,-46.46630479,,,
677,72.79457426,-42.25793842,,,
678,72.79457426,-38.04957204,,,
679,72.79457426,-33.84120566,,,
680,72.79457426,-29.63283928,,,
681,72.79457426,-25.4244729,,,
682,72.79457426,-21.21610653,,,
683,72.79457426,-17.00774015,,,
684,72.79457426,-0.174274636,,,
685,72.79457426,4.034091742,,,
686,72.79457426,8.242458121,,,
687,72.79457426,12.4508245,,,
688,72.79457426,16.65919088,,,
689,72.79457426,20.86755725,,,
690,72.79457426,25.07592363,,,
691,72.79457426,29.28429001,,,
692,72.79457426,33.49265639,,,
693,72.79457426,37.70102277,,,
694,72.79457426,41.90938915,,,
695,72.79457426,46.11775552,,,
696,72.79457426,50.3261219,,,