radius mean alpha,radius mean beta,texture mean alpha,texture mean beta,perimeter mean alpha,perimeter mean beta,area mean alpha,area mean beta,smoothness mean alpha,smoothness mean beta,compactness mean alpha,compactness mean beta,concavity mean alpha,concavity mean beta,concave mean alpha,concave mean beta,symmetry mean alpha,symmetry mean beta,fractal dimension mean alpha,fractal dimension mean beta,radius std alpha,radius std beta,texture std alpha,texture std beta,perimeter std alpha,perimeter std beta,area std alpha,area std beta,smoothness std alpha ,smoothness std beta ,compactness std alpha ,compactness std beta ,concavity std alpha ,concavity std beta ,concave std alpha ,concave std beta ,symmetry std alpha ,symmetry std beta ,fractal dimension std alpha ,fractal dimension std beta ,radius worst alpha ,radius worst beta ,texture worst alpha ,texture worst beta ,perimeter worst alpha ,perimeter worst beta ,area worst alpha ,area worst beta ,smoothness worst alpha ,smoothness worst beta ,compactness worst alpha ,compactness worst beta ,concavity worst alpha ,concavity worst beta ,concave worst alpha ,concave worst beta ,symmetry worst alpha ,symmetry worst beta ,fractal dimension worst alpha ,fractal dimension worst beta ,Rule_id,id,model,node,class,coverage,certainty,n_predicates,ranges_diameter_mean,aux_1,aux_2,aux_3,value_total,value_c0,value_c1,p1,p2,Pie
6.980999947,15.04500008,0,0,0,0,0,0,0,0,0.019379999,0.167099997,0,0,0,0.04892,0,0,0,0,0,0,0,0,0,0,0,0,0,0,0,0,0,0,0,0,0,0,0,0,0,0,0,0,0,0,0,0,0,0,0,0,0,0,0,0,0,0,0.055039998,0.055994999,1,0,0,4,1,0.006756757,1,4,0.271040413,0,0,0,1,0,1,0,100,"0,100"
6.980999947,15.04500008,9.710000038,21.57499981,0,0,0,0,0,0,0.019379999,0.167099997,0,0,0,0.04892,0,0,0,0,0,0,0,0,0,0,6.802000046,42.19000053,0,0,0,0,0,0,0,0,0,0,0,0,0,0,0,0,0,0,0,0,0,0,0,0,0,0,0,0,0,0,0.055994999,0.207499996,2,1,0,7,0,0.732,1,6,0.423163613,0,0,0,183,183,0,100,0,"100,0"
6.980999947,15.04500008,21.57499981,21.59000015,0,0,0,0,0,0,0.019379999,0.167099997,0,0,0,0.04892,0,0,0,0,0,0,0,0,0,0,6.802000046,42.19000053,0,0,0,0,0,0,0,0,0,0,0,0,0,0,0,0,0,0,0,0,0,0,0,0,0,0,0,0,0,0,0.055994999,0.207499996,3,2,0,9,1,0.006756757,1,6,0.35637295,0,0,0,1,0,1,0,100,"0,100"
6.980999947,15.04500008,21.59000015,39.27999878,0,0,0,0,0,0,0.019379999,0.167099997,0,0,0,0.04892,0,0,0,0,0,0,0,0,0,0,6.802000046,42.19000053,0,0,0,0,0,0,0,0,0,0,0,0,0,0,0,0,0,0,185.1999969,641.5999756,0,0,0,0,0,0,0,0.131849997,0,0,0.055994999,0.207499996,4,3,0,12,0,0.112,1,8,0.412654407,0,0,0,28,28,0,100,0,"100,0"
6.980999947,15.04500008,21.59000015,39.27999878,43.79000092,83.80500031,0,0,0,0,0.019379999,0.167099997,0,0,0,0.04892,0,0,0,0,0,0,0,0,0,0,6.802000046,42.19000053,0,0,0,0,0,0,0,0,0,0,0,0,0,0,0,0,0,0,641.5999756,4254,0,0,0,0,0,0,0,0.131849997,0,0,0.055994999,0.207499996,5,4,0,14,1,0.006756757,1,9,0.483712499,0,0,0,1,0,1,0,100,"0,100"
6.980999947,15.04500008,21.59000015,39.27999878,83.80500031,188.5,0,0,0,0,0.019379999,0.167099997,0,0,0,0.04892,0,0,0,0,0,0,0,0,0,0,6.802000046,42.19000053,0,0,0,0,0,0,0,0,0,0,0,0,0,0,0,0,0,0,641.5999756,4254,0,0,0,0,0,0,0,0.131849997,0,0,0.055994999,0.207499996,6,5,0,15,0,0.036,1,9,0.533375046,0,0,0,9,9,0,100,0,"100,0"
6.980999947,15.04500008,21.59000015,39.27999878,0,0,0,0,0,0,0.019379999,0.167099997,0,0,0,0.04892,0,0,0,0,0,0,0,0,0,0,6.802000046,42.19000053,0,0,0,0,0,0,0,0,0,0,0,0,0,0,0,0,0,0,0,0,0,0,0,0,0,0,0.131849997,0.291000009,0,0,0.055994999,0.207499996,7,6,0,16,1,0.006756757,1,7,0.468982725,0,0,0,1,0,1,0,100,"0,100"
6.980999947,15.04500008,0,0,0,0,0,0,0,0,0.019379999,0.064445,0,0,0,0.04892,0,0,0,0,0,0,0,0,0,0,42.19000053,542.2000122,0,0,0,0,0,0,0,0,0,0,0,0,0,0,0,0,0,0,0,0,0,0,0,0,0,0,0,0,0,0,0.055994999,0.207499996,8,7,0,18,1,0.013513514,1,5,0.538132772,0,0,0,2,0,2,0,100,"0,100"
6.980999947,15.04500008,0,0,0,0,0,0,0,0,0.064445,0.167099997,0,0,0,0.04892,0,0,0,0,0,0,0,0,0,0,42.19000053,542.2000122,0,0,0,0,0,0,0,0,0.007882,0.018655,0,0,0,0,0,0,0,0,0,0,0,0,0,0,0,0,0,0,0,0,0.055994999,0.207499996,9,8,0,20,1,0.006756757,1,6,0.503149444,0,0,0,1,0,1,0,100,"0,100"
6.980999947,15.04500008,0,0,0,0,0,0,0,0,0.064445,0.167099997,0,0,0,0.04892,0,0,0,0,0,0,0,0,0,0,42.19000053,542.2000122,0,0,0,0,0,0,0,0,0.018655,0.078950003,0,0,0,0,0,0,0,0,0,0,0,0,0,0,0,0,0,0,0,0,0.055994999,0.207499996,10,9,0,21,0,0.012,1,6,0.619287039,0,0,0,3,3,0,100,0,"100,0"
6.980999947,15.04500008,0,0,0,0,0,0,0,0,0.019379999,0.167099997,0,0,0.04892,0.201199993,0,0,0,0,0,0,0,0,0,0,0,0,0,0,0,0,0,0,0,0,0,0,0,0,0,0,0,0,0,0,185.1999969,701.5,0.071170002,0.184450001,0,0,0,0,0,0,0,0,0,0,11,10,0,24,0,0.044,1,5,0.493315252,0,0,0,11,11,0,100,0,"100,0"
6.980999947,15.04500008,0,0,0,0,0,0,0,0,0.019379999,0.167099997,0,0,0.04892,0.201199993,0,0,0,0,0,0,0,0,0,0,0,0,0,0,0,0,0,0,0,0,0,0,0,0,0,0,0,0,0,0,185.1999969,701.5,0.184450001,0.222599998,0,0,0,0,0,0,0,0,0,0,12,11,0,25,1,0.006756757,1,5,0.394087883,0,0,0,1,0,1,0,100,"0,100"
6.980999947,15.04500008,0,0,0,0,0,0,0,0,0.019379999,0.167099997,0,0,0.04892,0.201199993,0,0,0,0,0,0,0,0,0,0,0,0,0,0,0,0,0,0,0,0,0,0,0,0,0,0,12.02000046,20.64500046,0,0,701.6,4254,0,0,0,0,0,0,0,0,0,0,0,0,13,12,0,27,0,0.012,1,5,0.538915149,0,0,0,3,3,0,100,0,"100,0"
6.980999947,15.04500008,0,0,0,0,0,0,0,0,0.019379999,0.167099997,0,0,0.04892,0.201199993,0,0,0,0,0,0,0,0,0,0,0,0,0,0,0,0,0,0,0,0,0,0,0,0,0,0,20.64500046,49.54000092,0,0,701.6,4254,0,0,0,0,0,0,0,0,0,0,0.055039998,0.067175001,14,13,0,29,0,0.004,1,6,0.552402604,0,0,0,1,1,0,100,0,"100,0"
6.980999947,15.04500008,0,0,0,0,0,0,0,0,0.019379999,0.167099997,0,0,0.04892,0.201199993,0,0,0,0,0,0,0,0,0,0,0,0,0,0,0,0,0,0,0,0,0,0,0,0,0,0,20.64500046,49.54000092,0,0,701.6,4254,0,0,0,0,0,0,0,0,0,0,0.067175001,0.207499996,15,14,0,30,1,0.108108108,1,6,0.692537718,0,0,0,16,0,16,0,100,"0,100"
6.980999947,15.04500008,0,0,0,0,0,0,0.05263,0.103750002,0.167099997,0.345400006,0,0,0,0,0,0,0,0,0,0,0,0,0,0,0,0,0,0,0,0,0,0,0,0,0,0,0,0,0,0,0,0,0,0,0,0,0,0,0,0,0,0,0,0,0,0,0,0,16,15,0,32,0,0.012,1,3,0.463350447,0,0,0,3,3,0,100,0,"100,0"
6.980999947,15.04500008,0,0,0,0,0,0,0.103750002,0.163399994,0.167099997,0.345400006,0,0,0,0,0,0,0,0,0,0,0,0,0,0,0,0,0,0,0,0,0,0,0,0,0,0,0,0,0,0,0,0,0,0,0,0,0,0,0,0,0,0,0,0,0,0,0,0,17,16,0,33,1,0.094594595,1,3,0.489019224,0,0,0,14,0,14,0,100,"0,100"
15.04500008,28.11000061,9.710000038,16.3949995,0,0,0,0,0,0,0,0,0,0,0,0.07082,0,0,0,0,0,0,0,0,0,0,0,0,0,0,0,0,0,0,0,0,0,0,0,0,0,0,0,0,0,0,0,0,0,0,0,0,0,0,0,0,0,0,0,0,18,17,0,36,0,0.024,1,3,0.398802075,0,0,0,6,6,0,100,0,"100,0"
15.04500008,28.11000061,9.710000038,16.3949995,0,0,0,0,0,0,0,0,0,0,0.07082,0.201199993,0,0,0,0,0,0,0,0,0,0,0,0,0,0,0,0,0,0,0,0,0,0,0.0008948,0.004689,0,0,0,0,0,0,0,0,0,0,0,0,0,0,0,0,0,0,0,0,19,18,0,38,1,0.027027027,1,4,0.405878061,0,0,0,4,0,4,0,100,"0,100"
15.04500008,28.11000061,9.710000038,16.3949995,0,0,0,0,0,0,0,0,0,0,0.07082,0.201199993,0,0,0,0,0,0,0,0,0,0,0,0,0,0,0,0,0,0,0,0,0,0,0.004689,0.02984,0,0,0,0,0,0,0,0,0,0,0,0,0,0,0,0,0,0,0,0,20,19,0,39,0,0.004,1,4,0.590336967,0,0,0,1,1,0,100,0,"100,0"
15.04500008,28.11000061,16.3949995,39.27999878,0,0,0,0,0,0,0,0,0,0,0,0,0,0,0,0,0,0,0,0,0,0,0,0,0,0,0,0,0,0,0,0,0,0,0,0,0,0,0,0,0,0,0,0,0.071170002,0.087979998,0,0,0,0,0,0,0,0,0,0,21,20,0,41,0,0.004,1,3,0.501093019,0,0,0,1,1,0,100,0,"100,0"
15.04500008,28.11000061,16.3949995,39.27999878,0,0,0,0,0,0,0,0,0,0,0,0,0,0,0,0,0,0,0,0,0,0,0,0,0,0,0,0,0,0,0,0,0,0,0,0,0,0,0,0,50.40999985,115.5,0,0,0.087979998,0.222599998,0,0,0,0,0,0,0,0,0,0,22,21,0,44,1,0.027027027,1,4,0.651357968,0,0,0,4,0,4,0,100,"0,100"
15.04500008,28.11000061,16.3949995,39.27999878,0,0,0,0,0,0,0,0,0,0,0,0,0,0,0,0,0,0,0,0,0,0,0,0,0,0,0,0,0,0,0,0,0,0,0,0,0,0,0,0,115.6,117.4499969,0,0,0.087979998,0.222599998,0,0,0,0,0,0,0,0,0,0,23,22,0,45,0,0.004,1,4,0.57261898,0,0,0,1,1,0,100,0,"100,0"
15.04500008,28.11000061,16.3949995,39.27999878,0,0,0,0,0,0,0,0,0,0,0,0,0,0,0,0,0,0,0,0,0,0,0,0,0,0,0,0,0,0,0,0,0,0,0,0,0,0,0,0,117.4499969,251.1999969,0,0,0.087979998,0.222599998,0,0,0,0,0,0,0,0,0,0,24,23,0,46,1,0.689189189,1,4,0.736845295,0,0,0,102,0,102,0,100,"0,100"
0,0,0,0,0,0,0,0,0,0,0,0,0,0.119749997,0,0.02678,0,0,0,0,0.111500002,0.972550005,0,0,0,0,0,0,0,0,0,0,0,0,0,0,0,0,0,0,7.929999828,17.02500057,0,0,50.40999985,101.9499969,0,0,0.071170002,0.18795,0,0,0,0,0,0,0,0,0,0,25,24,1,6,0,0.588,1,6,0.346150135,0,0,0,147,147,0,100,0,"100,0"
0,0,0,0,0,0,0,0,0.05263,0.098995,0.019379999,0.059425,0,0.119749997,0.02678,0.201199993,0,0,0,0,0.111500002,0.972550005,0,0,0,0,0,0,0,0,0,0,0,0,0,0,0,0,0,0,7.929999828,17.02500057,12.02000046,29.35499954,50.40999985,101.9499969,0,0,0.071170002,0.18795,0,0,0,0,0,0,0,0,0,0,26,25,1,10,0,0.02,1,9,0.423790907,0,0,0,5,5,0,100,0,"100,0"
0,0,0,0,0,0,0,0,0.05263,0.098995,0.019379999,0.059425,0,0.119749997,0.02678,0.201199993,0,0,0,0,0.111500002,0.972550005,0,0,0,0,0,0,0,0,0,0,0,0,0,0,0,0,0,0,7.929999828,17.02500057,29.35499954,49.54000092,50.40999985,101.9499969,0,0,0.071170002,0.18795,0,0,0,0,0,0,0,0,0,0,27,26,1,11,1,0.006756757,1,9,0.432230857,0,0,0,1,0,1,0,100,"0,100"
0,0,0,0,0,0,0,0,0.098995,0.163399994,0.019379999,0.059425,0,0.119749997,0.02678,0.201199993,0,0,0,0,0.111500002,0.972550005,0,0,0,0,0,0,0,0,0,0,0,0,0,0,0,0,0,0,7.929999828,17.02500057,0,0,50.40999985,101.9499969,0,0,0.071170002,0.18795,0,0,0,0,0,0,0,0,0,0,28,27,1,12,1,0.006756757,1,8,0.439369734,0,0,0,1,0,1,0,100,"0,100"
0,0,0,0,0,0,0,0,0,0,0.059425,0.345400006,0,0.119749997,0.02678,0.201199993,0,0,0,0,0.111500002,0.972550005,0,0,0,0,0,0,0,0,0,0,0,0,0,0,0,0,0,0,7.929999828,17.02500057,0,0,50.40999985,101.9499969,0,0,0.071170002,0.18795,0,0,0,0,0,0,0,0,0,0,29,28,1,13,0,0.232,1,7,0.526838306,0,0,0,58,58,0,100,0,"100,0"
0,0,0,0,0,0,0,0,0,0,0,0,0,0.119749997,0,0,0,0,0,0,0.111500002,0.972550005,0,0,0,0,0,0,0,0,0,0,0,0,0,0,0,0,0,0,7.929999828,17.02500057,0,0,50.40999985,101.9499969,0,0,0.18795,0.222599998,0,0,0,0,0,0,0,0,0,0,30,29,1,14,1,0.006756757,1,5,0.280287318,0,0,0,1,0,1,0,100,"0,100"
0,0,0,0,0,0,0,0,0,0,0,0,0,0.119749997,0,0,0,0,0,0,0.972550005,2.872999907,0,0,0,0,0,0,0,0,0,0,0,0,0,0,0,0,0,0,7.929999828,17.02500057,0,0,50.40999985,101.9499969,0,0,0,0,0,0,0,0,0,0,0,0,0,0,31,30,1,15,1,0.006756757,1,4,0.387251906,0,0,0,1,0,1,0,100,"0,100"
0,0,0,0,43.79000092,91.92000198,0,0,0,0,0,0,0,0.030525,0,0,0,0,0,0,0,0,0,0,0,0,0,0,0,0,0,0,0,0,0,0,0,0,0,0,7.929999828,17.02500057,0,0,101.9499969,251.1999969,0,0,0,0,0,0,0,0,0,0,0,0,0,0,32,31,1,18,0,0.008,1,4,0.367745291,0,0,0,2,2,0,100,0,"100,0"
0,0,0,0,43.79000092,91.92000198,0,0,0,0,0,0,0.030525,0.119749997,0,0,0,0,0,0,0,0,0,0,0,0,0,0,0,0,0,0,0,0,0,0,0,0,0,0,7.929999828,17.02500057,0,0,101.9499969,251.1999969,0,0,0,0,0,0,0,0,0,0,0,0,0,0,33,32,1,19,1,0.047297297,1,4,0.402129074,0,0,0,7,0,7,0,100,"0,100"
0,0,0,0,91.92000198,188.5,0,0,0,0,0,0,0,0.119749997,0,0,0,0,0,0,0,0,0,0,0,0,0,0,0,0,0.002252,0.031905,0,0,0,0,0,0,0,0,7.929999828,15.79500008,0,0,101.9499969,251.1999969,0,0,0,0,0,0,0,0,0,0,0,0,0,0,34,33,1,22,1,0.006756757,1,5,0.438758967,0,0,0,1,0,1,0,100,"0,100"
0,0,0,0,91.92000198,188.5,0,0,0,0,0,0,0,0.119749997,0,0,0,0,0,0,0,0,0,0,0,0,0,0,0,0,0.031905,0.135399997,0,0,0,0,0,0,0,0,7.929999828,15.79500008,0,0,101.9499969,251.1999969,0,0,0,0,0,0,0,0,0,0,0,0,0,0,35,34,1,23,0,0.004,1,5,0.549676138,0,0,0,1,1,0,100,0,"100,0"
0,0,0,0,91.92000198,188.5,0,0,0,0,0,0,0,0.119749997,0,0,0,0,0,0,0,0,0,0,0,0,0,0,0,0,0,0,0,0,0,0,0,0,0,0,15.79500008,17.02500057,0,0,101.9499969,251.1999969,0,0,0,0,0,0,0,0,0,0,0,0,0,0,36,35,1,24,0,0.084,1,4,0.433762697,0,0,0,21,21,0,100,0,"100,0"
0,0,0,0,0,0,0,0,0,0,0,0,0.119749997,0.426800013,0,0,0,0,0,0,0,0,0,0,0,0,0,0,0,0,0,0,0,0.07748,0,0,0,0,0,0,7.929999828,17.02500057,0,0,0,0,0,0,0,0,0,0,0,0.328400001,0,0,0,0,0,0,37,36,1,27,0,0.004,1,4,0.37523272,0,0,0,1,1,0,100,0,"100,0"
0,0,0,0,0,0,0,0,0,0,0,0,0.119749997,0.426800013,0,0,0,0,0,0,0,0,0,0,0,0,0,0,0,0,0,0,0,0.07748,0,0,0,0,0,0,7.929999828,17.02500057,0,0,0,0,0,0,0,0,0,0,0.328400001,1.251999974,0,0,0,0,0,0,38,37,1,28,1,0.101351351,1,4,0.494082558,0,0,0,15,0,15,0,100,"0,100"
0,0,0,0,0,0,0,0,0,0,0,0,0.119749997,0.426800013,0,0,0,0,0,0,0,0,0,0,0,0,0,0,0,0,0,0,0.07748,0.395999998,0,0,0,0,0,0,7.929999828,17.02500057,0,0,0,0,0,0,0,0,0,0,0,0,0,0.176100001,0,0,0,0,39,38,1,30,0,0.036,1,4,0.613118012,0,0,0,9,9,0,100,0,"100,0"
0,0,0,0,0,0,0,0,0,0,0,0,0.119749997,0.426800013,0,0,0,0,0,0,0,0,0,0,0,0,0,0,0,0,0,0,0.07748,0.395999998,0,0,0,0,0,0,7.929999828,17.02500057,0,0,0,0,0,0,0,0,0,0,0,0,0.176100001,0.291000009,0,0,0,0,40,39,1,31,1,0.006756757,1,4,0.5605407,0,0,0,1,0,1,0,100,"0,100"
0,0,0,0,0,0,0,0,0,0,0,0,0,0.072140001,0,0.03483,0,0,0,0,0,0,0,0,0,0,0,0,0.001713,0.004483,0,0,0,0,0,0,0,0,0,0,17.02500057,36.04000092,0,0,0,0,0,0,0,0,0,0,0,0,0,0,0.156499997,0.314199999,0,0,41,40,1,36,0,0.008,1,5,0.284722191,0,0,0,2,2,0,100,0,"100,0"
0,0,0,0,0,0,0,0,0,0,0,0,0,0.072140001,0,0.03483,0,0,0,0,0,0,0,0,0,0,0,0,0.004483,0.031129999,0,0,0,0,0,0,0,0,0,0,17.02500057,36.04000092,0,0,0,0,0,0,0,0,0,0,0,0,0,0,0.156499997,0.314199999,0,0,42,41,1,37,1,0.02027027,1,5,0.447056897,0,0,0,3,0,3,0,100,"0,100"
0,0,0,0,0,0,0,0,0,0,0,0,0,0.072140001,0.03483,0.201199993,0,0,0,0,0,0,0,0,0,0,0,0,0,0,0,0,0,0,0,0,0,0,0,0,17.02500057,36.04000092,0,0,0,0,0,0,0,0,0,0,0,0,0,0,0.156499997,0.314199999,0,0,43,42,1,38,0,0.016,1,4,0.495806259,0,0,0,4,4,0,100,0,"100,0"
0,0,0,0,0,0,0,0,0,0,0,0,0,0.072140001,0,0,0,0,0,0,0,0,0,0,0,0,0,0,0,0,0,0,0,0,0,0,0,0,0,0,17.02500057,36.04000092,0,0,0,0,0,0,0,0,0,0,0,0,0,0,0.314199999,0.663800001,0,0,44,43,1,39,1,0.027027027,1,3,0.511537839,0,0,0,4,0,4,0,100,"0,100"
0,0,0,0,0,0,0,0,0,0,0,0,0.072140001,0.426800013,0,0,0,0,0,0,0,0,0,0,0,0,0,0,0,0,0,0,0,0,0,0,0,0,0,0,17.02500057,36.04000092,0,0,0,0,0,0,0,0,0,0,0,0,0,0,0,0,0,0,45,44,1,40,1,0.763513514,1,2,0.753712179,0,0,0,113,0,113,0,100,"0,100"
0,0,0,0,0,0,0,0,0,0,0,0,0,0,0,0.051455,0,0,0,0,0.111500002,0.420249999,0,0,0,0,0,0,0,0,0,0,0,0,0,0,0,0,0,0,0,0,0,0,50.40999985,110.25,0,0,0,0,0,0,0,0,0,0.093204997,0,0,0,0,46,45,2,4,0,0.652,1,4,0.246465162,0,0,0,163,163,0,100,0,"100,0"
0,0,0,0,0,0,0,0,0,0,0,0,0,0,0,0.051455,0,0,0.049959999,0.056524999,0.111500002,0.420249999,0,0,0,0,0,0,0,0,0,0,0,0,0,0,0,0,0,0,0,0,0,0,50.40999985,110.25,0,0,0,0,0,0,0,0,0.093204997,0.291000009,0,0,0,0,47,46,2,6,1,0.006756757,1,5,0.296709052,0,0,0,1,0,1,0,100,"0,100"
0,0,0,0,0,0,0,0,0,0,0,0,0,0,0,0.051455,0,0,0.056524999,0.097439997,0.111500002,0.420249999,0,0,0,0,0,0,0,0,0,0,0,0,0,0.0093655,0,0,0,0,0,0,12.02000046,32.3399992,50.40999985,110.25,0,0,0,0,0,0,0,0,0.093204997,0.291000009,0,0,0,0,48,47,2,9,0,0.032,1,7,0.417999428,0,0,0,8,8,0,100,0,"100,0"
0,0,0,0,0,0,0,0,0,0,0,0,0,0,0,0.051455,0,0,0.056524999,0.097439997,0.111500002,0.420249999,0,0,0,0,0,0,0,0,0,0,0,0,0,0.0093655,0,0,0,0,0,0,32.3399992,49.54000092,50.40999985,110.25,0,0,0,0,0,0,0,0,0.093204997,0.291000009,0,0,0,0,49,48,2,10,1,0.006756757,1,7,0.406120061,0,0,0,1,0,1,0,100,"0,100"
0,0,0,0,0,0,0,0,0,0,0,0,0,0,0,0.051455,0,0,0.056524999,0.097439997,0.111500002,0.420249999,0,0,0,0,0,0,0,0,0,0,0,0,0.0093655,0.052790001,0,0,0,0,0,0,0,0,50.40999985,110.25,0,0,0,0,0,0,0,0,0.093204997,0.291000009,0,0,0,0,50,49,2,11,0,0.132,1,6,0.504932872,0,0,0,33,33,0,100,0,"100,0"
0,0,0,0,43.79000092,91.42000198,0,0,0,0,0,0,0,0,0,0.051455,0,0,0,0,0.111500002,0.420249999,0,0,0,0,0,0,0,0,0,0,0,0,0,0,0,0,0,0,7.929999828,17.47999954,0,0,110.26,251.1999969,0,0,0,0,0,0,0,0,0,0,0.156499997,0.3301,0,0,51,50,2,15,1,0.006756757,1,6,0.346759127,0,0,0,1,0,1,0,100,"0,100"
0,0,0,0,91.42000198,188.5,0,0,0,0,0,0,0,0,0,0.051455,0,0,0,0,0.111500002,0.420249999,0,0,0,0,0,0,0,0,0,0,0,0,0,0,0,0,0,0,7.929999828,17.47999954,0,0,110.26,251.1999969,0,0,0,0,0,0,0,0,0,0,0.156499997,0.3301,0,0,52,51,2,16,0,0.024,1,6,0.403712113,0,0,0,6,6,0,100,0,"100,0"
0,0,0,0,0,0,0,0,0,0,0,0,0,0,0,0.051455,0,0,0,0,0.111500002,0.420249999,0,0,0,0,0,0,0,0,0,0,0,0,0,0,0,0,0,0,17.47999954,36.04000092,12.02000046,26.74000072,110.26,251.1999969,0,0,0,0,0,0,0,0,0,0,0.156499997,0.3301,0,0,53,52,2,18,0,0.004,1,6,0.410710724,0,0,0,1,1,0,100,0,"100,0"
0,0,0,0,0,0,0,0,0,0,0,0,0,0,0,0.051455,0,0,0,0,0.111500002,0.420249999,0,0,0,0,0,0,0,0,0,0,0,0,0,0,0,0,0,0,17.47999954,36.04000092,26.74000072,49.54000092,110.26,251.1999969,0,0,0,0,0,0,0,0,0,0,0.156499997,0.3301,0,0,54,53,2,19,1,0.027027027,1,6,0.446602692,0,0,0,4,0,4,0,100,"0,100"
0,0,0,0,0,0,0,0,0,0,0,0,0,0,0,0.051455,0,0,0,0,0.111500002,0.420249999,0,0,0,0,0,0,0,0,0,0,0,0,0,0,0,0,0,0,0,0,0,0,110.26,251.1999969,0,0,0,0,0,0,0,0,0,0,0.3301,0.663800001,0,0,55,54,2,20,1,0.02027027,1,4,0.431817324,0,0,0,3,0,3,0,100,"0,100"
0,0,0,0,0,0,0,0,0,0,0,0,0,0.078705002,0.051455,0.201199993,0,0,0,0,0.111500002,0.420249999,0,0,0,0,0,0,0.001713,0.011469,0,0,0,0,0,0,0,0,0,0,0,0,12.02000046,26.625,0,0,0,0,0,0,0,0,0,0,0,0,0,0,0,0,56,55,2,24,0,0.02,1,5,0.352275171,0,0,0,5,5,0,100,0,"100,0"
0,0,0,0,0,0,0,0,0,0,0,0,0,0.078705002,0.051455,0.201199993,0,0,0,0,0.111500002,0.420249999,0,0,0,0,0,0,0.001713,0.011469,0,0,0,0,0,0,0,0,0,0,0,0,26.626,49.54000092,0,0,0,0,0,0,0,0,0,0,0,0,0,0,0,0,57,56,2,25,1,0.006756757,1,5,0.396566223,0,0,0,1,0,1,0,100,"0,100"
0,0,0,0,0,0,0,0,0,0,0,0,0.078705002,0.426800013,0.051455,0.201199993,0,0,0,0,0.111500002,0.420249999,0,0,0,0,0,0,0.001713,0.011469,0,0,0,0.13005,0,0,0,0,0,0,0,0,12.02000046,21.125,0,0,0,0,0,0,0,0,0,0,0,0,0,0,0,0,58,57,2,28,0,0.008,1,6,0.429063672,0,0,0,2,2,0,100,0,"100,0"
0,0,0,0,0,0,0,0,0,0,0,0,0.078705002,0.426800013,0.051455,0.201199993,0,0,0,0,0.111500002,0.420249999,0.360199988,1.021499991,0,0,0,0,0.001713,0.011469,0,0,0,0.13005,0,0,0,0,0,0,0,0,21.126,49.54000092,50.40999985,97.15500259,0,0,0,0,0,0,0,0,0,0,0,0,0,0,59,58,2,31,0,0.004,1,8,0.433496225,0,0,0,1,1,0,100,0,"100,0"
0,0,0,0,0,0,0,0,0,0,0,0,0.078705002,0.426800013,0.051455,0.201199993,0,0,0,0,0.111500002,0.420249999,1.021499991,4.885000229,0,0,0,0,0.001713,0.011469,0,0,0,0.13005,0,0,0,0,0,0,0,0,21.126,49.54000092,50.40999985,97.15500259,0,0,0,0,0,0,0,0,0,0,0,0,0,0,60,59,2,32,1,0.02027027,1,8,0.521958699,0,0,0,3,0,3,0,100,"0,100"
0,0,0,0,0,0,0,0,0,0,0,0,0.078705002,0.426800013,0.051455,0.201199993,0,0,0,0,0.111500002,0.420249999,0,0,0,0,0,0,0.001713,0.011469,0,0,0,0.13005,0,0,0,0,0,0,0,0,21.126,49.54000092,97.15500259,251.1999969,0,0,0,0,0,0,0,0,0,0,0,0,0,0,61,60,2,33,1,0.189189189,1,7,0.550886977,0,0,0,28,0,28,0,100,"0,100"
0,0,0,0,0,0,0,0,0,0,0,0,0.078705002,0.426800013,0.051455,0.201199993,0,0,0,0,0.111500002,0.420249999,0,0,0,0,0,0,0.001713,0.011469,0,0,0.13005,0.395999998,0,0,0,0,0,0,0,0,0,0,0,0,0,0,0,0,0,0,0,0,0,0,0,0,0,0,62,61,2,34,0,0.008,1,5,0.534978658,0,0,0,2,2,0,100,0,"100,0"
0,0,0,0,0,0,0,0,0,0,0,0,0,0,0.051455,0.201199993,0,0,0,0,0.111500002,0.420249999,0,0,0,0,0,0,0.011469,0.031129999,0,0,0,0,0,0,0,0,0,0,0,0,0,0,0,0,0,0,0,0,0,0,0,0,0,0,0,0,0,0,63,62,2,35,0,0.008,1,3,0.508139881,0,0,0,2,2,0,100,0,"100,0"
0,0,0,0,0,0,0,0,0.05263,0.102389999,0,0,0,0,0,0,0,0,0,0,0.420249999,2.872999907,0,0,0,0,0,0,0,0,0,0,0,0,0,0,0.007882,0.016955,0,0,0,0,0,0,50.40999985,105.9500008,0,0,0,0,0,0,0,0,0,0,0,0,0,0,64,63,2,39,1,0.013513514,1,4,0.435421954,0,0,0,2,0,2,0,100,"0,100"
0,0,0,0,0,0,0,0,0.102389999,0.163399994,0,0,0,0,0,0,0,0,0,0,0.420249999,2.872999907,0,0,0,0,0,0,0,0,0,0,0,0,0,0,0.007882,0.016955,0,0,0,0,0,0,50.40999985,105.9500008,0,0,0,0,0,0,0,0,0,0,0,0,0,0,65,64,2,40,0,0.004,1,4,0.460812396,0,0,0,1,1,0,100,0,"100,0"
0,0,0,0,0,0,0,0,0,0,0,0,0,0,0,0,0,0,0.049959999,0.095199998,0.420249999,2.872999907,0,0,0,0,0,0,0,0,0,0,0,0,0,0,0.016955,0.078950003,0,0,0,0,0,0,50.40999985,105.9500008,0,0,0,0,0,0,0,0,0,0,0,0,0,0,66,65,2,42,0,0.088,1,4,0.74748951,0,0,0,22,22,0,100,0,"100,0"
0,0,0,0,0,0,0,0,0,0,0,0,0,0,0,0,0,0,0.095199998,0.097439997,0.420249999,2.872999907,0,0,0,0,0,0,0,0,0,0,0,0,0,0,0.016955,0.078950003,0,0,0,0,0,0,50.40999985,105.9500008,0,0,0,0,0,0,0,0,0,0,0,0,0,0,67,66,2,43,1,0.006756757,1,4,0.521078374,0,0,0,1,0,1,0,100,"0,100"
0,0,0,0,0,0,0,0,0,0,0,0,0,0,0,0.047705,0,0,0,0,0.420249999,2.872999907,0,0,0.757000029,3.152500033,0,0,0,0,0,0,0,0,0,0,0,0,0,0,0,0,0,0,105.9500008,251.1999969,0,0,0,0,0,0,0,0,0,0,0,0,0,0,68,67,2,46,1,0.02027027,1,4,0.490390664,0,0,0,3,0,3,0,100,"0,100"
0,0,0,0,0,0,0,0,0,0,0,0,0,0,0,0.047705,0,0,0,0,0.420249999,2.872999907,0,0,3.152500033,21.97999954,0,0,0,0,0,0,0,0,0,0,0,0,0,0,0,0,0,0,105.9500008,251.1999969,0,0,0,0,0,0,0,0,0,0,0,0,0,0,69,68,2,47,0,0.012,1,4,0.683954248,0,0,0,3,3,0,100,0,"100,0"
0,0,0,0,0,0,0,0,0,0,0,0,0,0.14175,0.047705,0.201199993,0,0,0,0,0.420249999,2.872999907,0,0,0,0,0,0,0,0,0,0,0,0,0,0,0,0,0,0,7.929999828,16.77499962,0,0,105.9500008,251.1999969,0,0,0,0,0,0,0,0,0,0,0,0,0,0,70,69,2,50,1,0.027027027,1,5,0.604252899,0,0,0,4,0,4,0,100,"0,100"
0,0,0,0,0,0,0,0,0,0,0,0,0.14175,0.426800013,0.047705,0.201199993,0,0,0,0,0.420249999,2.872999907,0,0,0,0,0,0,0,0,0,0,0,0,0,0,0,0,0,0,7.929999828,16.77499962,0,0,105.9500008,251.1999969,0,0,0,0,0,0,0,0,0,0,0,0,0,0,71,70,2,51,0,0.004,1,5,0.671403792,0,0,0,1,1,0,100,0,"100,0"
0,0,0,0,0,0,0,0,0,0,0,0,0,0,0.047705,0.201199993,0,0,0,0,0.420249999,2.872999907,0,0,0,0,0,0,0,0,0,0,0,0,0,0,0,0,0,0,16.77499962,36.04000092,0,0,105.9500008,251.1999969,0,0,0,0,0,0,0,0,0,0,0,0,0,0,72,71,2,52,1,0.648648649,1,4,0.76495709,0,0,0,96,0,96,0,100,"0,100"
0,0,0,0,0,0,143.5,696.25,0.05263,0.118450001,0,0,0,0.118649997,0,0,0,0,0,0,0.111500002,0.546949998,0,0,0,0,0,0,0,0,0,0,0,0,0,0,0.007882,0.01649,0,0,7.929999828,15.7249999,0,0,0,0,185.1999969,893.6499939,0.071170002,0.141050003,0,0,0,0,0,0,0,0,0.055039998,0.102650002,73,72,3,9,0,0.204,1,9,0.290071599,0,0,0,51,51,0,100,0,"100,0"
0,0,0,0,0,0,143.5,696.25,0.05263,0.118450001,0,0,0,0.118649997,0,0,0,0,0,0,0.111500002,0.546949998,0,0,0,0,0,0,0,0,0,0,0,0,0,0,0.007882,0.01649,0,0,7.929999828,15.7249999,0,0,0,0,185.1999969,893.6499939,0.141050003,0.142350003,0,0,0,0,0,0,0,0,0.055039998,0.102650002,74,73,3,11,1,0.006756757,1,9,0.239751317,0,0,0,1,0,1,0,100,"0,100"
0,0,0,0,0,0,143.5,696.25,0.05263,0.118450001,0,0,0,0.118649997,0,0,0,0,0,0,0.111500002,0.546949998,0,0,0,0,0,0,0,0,0,0,0,0,0,0,0.007882,0.01649,0,0,7.929999828,15.7249999,0,0,0,0,185.1999969,893.6499939,0.142350003,0.222599998,0,0,0,0,0,0,0,0,0.055039998,0.102650002,75,74,3,12,0,0.032,1,9,0.297680538,0,0,0,8,8,0,100,0,"100,0"
0,0,0,0,43.79000092,74.13500214,143.5,696.25,0.118450001,0.163399994,0,0,0,0.118649997,0,0,0,0,0,0,0.111500002,0.546949998,0,0,0,0,0,0,0,0,0,0,0,0,0,0,0.007882,0.01649,0,0,7.929999828,15.7249999,0,0,0,0,185.1999969,893.6499939,0,0,0,0,0,0,0,0,0,0,0.055039998,0.102650002,76,75,3,14,1,0.006756757,1,9,0.241162646,0,0,0,1,0,1,0,100,"0,100"
0,0,0,0,74.13500214,188.5,143.5,696.25,0.118450001,0.163399994,0,0,0,0.118649997,0,0,0,0,0,0,0.111500002,0.546949998,0,0,0,0,0,0,0,0,0,0,0,0,0,0,0.007882,0.01649,0,0,7.929999828,15.7249999,0,0,0,0,185.1999969,893.6499939,0,0,0,0,0,0,0,0,0,0,0.055039998,0.102650002,77,76,3,15,0,0.004,1,9,0.305674813,0,0,0,1,1,0,100,0,"100,0"
0,0,0,0,0,0,143.5,696.25,0,0,0,0,0,0.118649997,0,0,0,0,0,0,0.546949998,2.872999907,0,0,0,0,0,0,0,0,0,0,0,0,0,0,0.007882,0.01649,0,0,7.929999828,15.7249999,0,0,0,0,185.1999969,893.6499939,0,0,0,0,0,0,0,0,0,0,0.055039998,0.102650002,78,77,3,16,1,0.006756757,1,7,0.319942957,0,0,0,1,0,1,0,100,"0,100"
0,0,0,0,0,0,143.5,696.25,0,0,0,0,0,0.118649997,0,0,0,0,0,0,0,0,0,0,0,0,0,0,0,0,0,0,0,0,0,0,0.01649,0.078950003,0,0,7.929999828,15.7249999,0,0,0,0,185.1999969,893.6499939,0,0,0,0,0,0,0,0,0,0,0.055039998,0.102650002,79,78,3,17,0,0.572,1,6,0.359173311,0,0,0,143,143,0,100,0,"100,0"
0,0,0,0,0,0,143.5,696.25,0,0,0,0,0,0.118649997,0,0,0,0,0,0,0,0,0,0,0,0,0,0,0.001713,0.0034425,0,0,0,0.012345,0,0,0,0,0,0,15.7249999,36.04000092,0,0,0,0,185.1999969,893.6499939,0,0,0,0,0,0,0,0,0,0,0.055039998,0.102650002,80,79,3,20,0,0.004,1,7,0.258789029,0,0,0,1,1,0,100,0,"100,0"
0,0,0,0,0,0,143.5,696.25,0,0,0,0,0,0.118649997,0,0,0,0,0,0,0,0,0,0,0,0,0,0,0.001713,0.0034425,0,0,0.012345,0.395999998,0,0,0,0,0,0,15.7249999,36.04000092,0,0,0,0,185.1999969,893.6499939,0,0,0,0,0,0,0,0,0,0,0.055039998,0.102650002,81,80,3,21,1,0.013513514,1,7,0.392739246,0,0,0,2,0,2,0,100,"0,100"
0,0,0,0,0,0,143.5,602.6500244,0,0,0,0,0,0.118649997,0,0,0,0,0,0,0,0,0,0,0,0,0,0,0.0034425,0.031129999,0,0,0,0,0,0,0,0,0,0,15.7249999,36.04000092,12.02000046,31.62999916,0,0,185.1999969,893.6499939,0,0,0,0,0,0,0,0,0,0,0.055039998,0.102650002,82,81,3,24,1,0.006756757,1,7,0.449387912,0,0,0,1,0,1,0,100,"0,100"
0,0,0,0,0,0,602.6500244,696.25,0,0,0,0,0,0.118649997,0,0,0,0,0,0,0,0,0,0,0,0,0,0,0.0034425,0.031129999,0,0,0,0,0,0,0,0,0,0,15.7249999,36.04000092,12.02000046,31.62999916,0,0,185.1999969,893.6499939,0,0,0,0,0,0,0,0,0,0,0.055039998,0.102650002,83,82,3,25,0,0.076,1,7,0.42723672,0,0,0,19,19,0,100,0,"100,0"
0,0,0,0,43.79000092,94.88999939,143.5,696.25,0,0,0,0,0,0.118649997,0,0,0,0,0,0,0,0,0,0,0,0,0,0,0.0034425,0.031129999,0,0,0,0,0,0,0,0,0,0,15.7249999,36.04000092,31.62999916,49.54000092,0,0,185.1999969,893.6499939,0,0,0,0,0,0,0,0,0,0,0.055039998,0.102650002,84,83,3,27,1,0.013513514,1,8,0.436653676,0,0,0,2,0,2,0,100,"0,100"
0,0,0,0,94.88999939,188.5,143.5,696.25,0,0,0,0,0,0.118649997,0,0,0,0,0,0,0,0,0,0,0,0,0,0,0.0034425,0.031129999,0,0,0,0,0,0,0,0,0,0,15.7249999,36.04000092,31.62999916,49.54000092,0,0,185.1999969,893.6499939,0,0,0,0,0,0,0,0,0,0,0.055039998,0.102650002,85,84,3,28,0,0.004,1,8,0.473373671,0,0,0,1,1,0,100,0,"100,0"
0,0,0,0,0,0,143.5,696.25,0,0,0,0,0,0.118649997,0,0,0,0,0,0,0,0,0,0,0,0,0,0,0,0,0,0,0,0,0,0,0,0,0,0,0,0,0,0,0,0,893.6499939,4254,0,0,0,0,0,0,0,0,0,0,0.055039998,0.102650002,86,85,3,29,1,0.02027027,1,4,0.412656126,0,0,0,3,0,3,0,100,"0,100"
0,0,0,0,0,0,143.5,696.25,0,0,0,0,0.118649997,0.426800013,0,0,0,0,0,0,0,0,0,0,0,0,0,0,0,0,0,0,0,0,0,0,0,0,0.0008948,0.004878,0,0,0,0,0,0,0,0,0,0,0,0,0,0,0,0,0,0,0.055039998,0.102650002,87,86,3,31,1,0.040540541,1,4,0.351588963,0,0,0,6,0,6,0,100,"0,100"
0,0,0,0,0,0,143.5,696.25,0,0,0,0,0.118649997,0.426800013,0,0,0,0,0,0,0,0,0,0,0,0,0,0,0,0,0,0,0,0,0,0,0,0,0.004878,0.02984,0,0,0,0,0,0,0,0,0,0,0,0,0,0,0,0,0,0,0.055039998,0.102650002,88,87,3,32,0,0.004,1,4,0.532783082,0,0,0,1,1,0,100,0,"100,0"
0,0,0,0,0,0,143.5,696.25,0,0,0.019379999,0.167999998,0,0,0,0,0,0,0,0,0,0,0,0,0,0,0,0,0,0,0,0,0,0,0,0,0,0,0,0,0,0,0,0,0,0,185.1999969,710.2000122,0,0,0,0,0,0,0,0,0,0,0.102650002,0.207499996,89,88,3,35,0,0.06,1,4,0.376769526,0,0,0,15,15,0,100,0,"100,0"
0,0,0,0,0,0,143.5,696.25,0,0,0.167999998,0.345400006,0,0,0,0,0,0,0,0,0,0,0,0,0,0,0,0,0,0,0,0,0,0,0,0,0,0,0,0,0,0,0,0,0,0,185.1999969,710.2000122,0,0,0,0,0,0,0,0,0.156499997,0.327099994,0.102650002,0.207499996,90,89,3,37,0,0.008,1,5,0.386329014,0,0,0,2,2,0,100,0,"100,0"
0,0,0,0,0,0,143.5,696.25,0,0,0.167999998,0.345400006,0,0,0,0,0,0,0,0,0,0,0,0,0,0,0,0,0,0,0,0,0,0,0,0,0,0,0,0,0,0,0,0,0,0,185.1999969,710.2000122,0,0,0,0,0,0,0,0,0.327099994,0.663800001,0.102650002,0.207499996,91,90,3,38,1,0.027027027,1,5,0.45181295,0,0,0,4,0,4,0,100,"0,100"
0,0,0,0,0,0,143.5,696.25,0,0,0,0,0,0,0,0,0,0,0,0,0,0,0,0,0,0,0,0,0,0,0,0,0,0,0,0,0,0,0,0,0,0,0,0,0,0,710.2000122,4254,0,0,0,0,0,0,0,0,0,0,0.102650002,0.207499996,92,91,3,39,1,0.108108108,1,3,0.597718383,0,0,0,16,0,16,0,100,"0,100"
0,0,0,0,0,0,696.26,2501,0,0,0,0,0,0,0,0,0,0,0,0,0,0,0,0,0,0,6.802000046,21.47500038,0,0,0,0,0,0,0,0.006691,0,0,0,0,0,0,0,0,0,0,0,0,0,0,0,0,0,0,0,0,0,0,0,0,93,92,3,42,1,0.006756757,1,3,0.306561517,0,0,0,1,0,1,0,100,"0,100"
0,0,0,0,0,0,696.26,2501,0,0,0,0,0,0,0,0,0,0,0,0,0,0,0,0,0,0,6.802000046,21.47500038,0,0,0,0,0,0,0.006691,0.052790001,0,0,0,0,0,0,0,0,0,0,0,0,0,0,0,0,0,0,0,0,0,0,0,0,94,93,3,43,0,0.016,1,3,0.555396526,0,0,0,4,4,0,100,0,"100,0"
0,0,0,0,43.79000092,101.5999985,696.26,2501,0,0,0,0,0,0.072140001,0,0,0,0,0,0,0,0,0,0,0,0,21.47500038,542.2000122,0,0,0,0,0,0,0,0,0,0,0,0,0,0,0,0,0,0,0,0,0,0,0,0,0,0,0,0,0,0,0,0,95,94,3,46,1,0.027027027,1,4,0.576659862,0,0,0,4,0,4,0,100,"0,100"
0,0,0,0,101.5999985,188.5,696.26,2501,0,0,0,0,0,0.072140001,0,0,0,0,0,0,0,0,0,0,0,0,21.47500038,542.2000122,0,0,0,0,0,0,0,0,0,0,0,0,0,0,0,0,50.40999985,127.2000008,0,0,0,0,0,0,0,0,0,0,0,0,0,0,96,95,3,48,0,0.016,1,5,0.578020321,0,0,0,4,4,0,100,0,"100,0"
0,0,0,0,101.5999985,188.5,696.26,2501,0,0,0,0,0,0.072140001,0,0,0,0,0,0,0,0,0,0,0,0,21.47500038,542.2000122,0,0,0,0,0,0,0,0,0,0,0,0,0,0,0,0,127.2000008,251.1999969,0,0,0,0,0,0,0,0,0,0,0,0,0,0,97,96,3,49,1,0.013513514,1,5,0.625044572,0,0,0,2,0,2,0,100,"0,100"
0,0,0,0,0,0,696.26,2501,0,0,0,0,0.072140001,0.426800013,0,0,0,0,0,0,0,0,0,0,0,0,21.47500038,542.2000122,0,0,0,0,0,0,0,0,0,0,0,0,0,0,0,0,0,0,0,0,0,0,0,0,0,0,0,0,0,0,0,0,98,97,3,50,1,0.702702703,1,3,0.856366735,0,0,0,104,0,104,0,100,"0,100"
0,0,0,0,43.79000092,95.10000229,0,0,0,0,0,0,0,0.103700001,0,0,0,0,0,0,0,0,0.360199988,2.092000008,0,0,0,0,0,0,0,0,0,0,0,0,0,0,0,0,0,0,0,0,50.40999985,101.9499969,185.1999969,650.9499817,0,0,0,0,0,0,0,0,0,0,0,0,99,98,4,6,0,0.652,1,5,0.270286406,0,0,0,163,163,0,100,0,"100,0"
0,0,0,0,43.79000092,82.21500015,0,0,0,0,0,0,0,0.103700001,0,0,0,0,0,0,0,0,0.360199988,2.092000008,0,0,0,0,0,0,0,0,0,0,0,0,0,0,0,0,0,0,0,0,50.40999985,101.9499969,650.9499817,884.5499878,0,0,0,0,0,0,0,0,0,0,0,0,100,99,4,8,1,0.006756757,1,5,0.241067146,0,0,0,1,0,1,0,100,"0,100"
0,0,0,0,82.21500015,95.10000229,0,0,0,0,0,0,0,0.103700001,0,0,0,0,0,0,0,0,0.360199988,2.092000008,0,0,0,0,0,0,0,0,0,0,0,0,0,0,0,0,0,0,0,0,50.40999985,101.9499969,650.9499817,884.5499878,0,0,0,0,0,0,0,0,0,0,0,0,101,100,4,9,0,0.124,1,5,0.205768966,0,0,0,31,31,0,100,0,"100,0"
0,0,0,0,43.79000092,95.10000229,0,0,0,0,0,0,0,0.103700001,0,0.032924999,0,0,0,0,0,0,2.092000008,4.885000229,0,0,0,0,0,0,0,0,0,0,0,0,0,0,0,0,0,0,0,0,50.40999985,101.9499969,185.1999969,884.5499878,0,0,0,0,0,0,0,0,0,0,0,0,102,101,4,11,0,0.048,1,6,0.301169568,0,0,0,12,12,0,100,0,"100,0"
0,0,0,0,43.79000092,95.10000229,0,0,0,0,0,0,0,0.103700001,0.032924999,0.201199993,0,0,0,0,0,0,2.092000008,4.885000229,0.757000029,4.07949996,0,0,0,0,0,0,0,0,0,0,0,0,0,0,0,0,0,0,50.40999985,101.9499969,185.1999969,884.5499878,0,0,0,0,0,0,0,0,0,0,0,0,103,102,4,13,0,0.004,1,7,0.376611854,0,0,0,1,1,0,100,0,"100,0"
0,0,0,0,43.79000092,95.10000229,0,0,0,0,0,0,0,0.103700001,0.032924999,0.201199993,0,0,0,0,0,0,2.092000008,4.885000229,4.07949996,21.97999954,0,0,0,0,0,0,0,0,0,0,0,0,0,0,0,0,0,0,50.40999985,101.9499969,185.1999969,884.5499878,0,0,0,0,0,0,0,0,0,0,0,0,104,103,4,14,1,0.006756757,1,7,0.474739895,0,0,0,1,0,1,0,100,"0,100"
0,0,0,0,95.10000229,188.5,0,0,0,0,0,0,0,0.103700001,0,0,0,0,0,0,0,0,0,0,0,0,0,0,0,0,0,0,0,0,0,0,0,0,0,0,0,0,0,0,50.40999985,101.9499969,185.1999969,884.5499878,0,0,0,0,0,0,0,0,0,0,0,0,105,104,4,15,1,0.006756757,1,4,0.329241744,0,0,0,1,0,1,0,100,"0,100"
0,0,0,0,43.79000092,91.92000198,0,0,0,0,0,0,0,0.103700001,0,0,0,0,0,0,0,0,0,0,0,0,0,0,0,0,0,0,0,0,0,0,0,0,0,0,0,0,0,0,101.9499969,251.1999969,185.1999969,884.5499878,0.071170002,0.107899997,0,0,0,0,0,0,0,0,0,0,106,105,4,18,0,0.008,1,5,0.346663312,0,0,0,2,2,0,100,0,"100,0"
0,0,0,0,43.79000092,91.92000198,0,0,0,0,0,0,0,0.103700001,0,0,0,0,0,0,0,0,0,0,0,0,0,0,0,0,0,0,0,0,0,0,0,0,0,0,0,0,0,0,101.9499969,251.1999969,185.1999969,884.5499878,0.107899997,0.222599998,0,0,0,0,0,0,0,0,0,0,107,106,4,19,1,0.033783784,1,5,0.449641596,0,0,0,5,0,5,0,100,"0,100"
0,0,9.710000038,22.98500061,91.92000198,188.5,0,0,0,0,0,0,0,0.103700001,0,0,0,0,0,0,0,0,0,0,0,0,0,0,0,0,0,0,0,0,0,0,0,0,0,0,0,0,0,0,101.9499969,251.1999969,185.1999969,884.5499878,0,0,0,0,0,0,0,0,0,0,0,0,108,107,4,21,0,0.08,1,5,0.454900914,0,0,0,20,20,0,100,0,"100,0"
0,0,22.98500061,39.27999878,91.92000198,188.5,0,0,0,0,0,0,0,0.103700001,0,0,0,0,0,0,0,0,0,0,0,0,0,0,0,0,0,0,0,0,0,0,0,0,0,0,0,0,0,0,101.9499969,251.1999969,185.1999969,783.5500183,0,0,0,0,0,0,0,0,0,0,0,0,109,108,4,23,1,0.006756757,1,5,0.470362398,0,0,0,1,0,1,0,100,"0,100"
0,0,22.98500061,39.27999878,91.92000198,188.5,0,0,0,0,0,0,0,0.103700001,0,0,0,0,0,0,0,0,0,0,0,0,0,0,0,0,0,0,0,0,0,0,0,0,0,0,0,0,0,0,101.9499969,251.1999969,783.5500183,884.5499878,0,0,0,0,0,0,0,0,0,0,0,0,110,109,4,24,0,0.004,1,5,0.445915385,0,0,0,1,1,0,100,0,"100,0"
0,0,0,0,0,0,0,0,0,0,0,0,0.103700001,0.426800013,0,0.04923,0,0,0,0,0,0,0,0,0,0,0,0,0,0,0,0,0,0,0,0,0,0,0,0,0,0,0,0,0,0,185.1999969,884.5499878,0,0,0,0,0,0,0,0,0,0,0,0,111,110,4,26,0,0.032,1,3,0.391197372,0,0,0,8,8,0,100,0,"100,0"
0,0,9.710000038,16.48499966,43.79000092,95.00500107,0,0,0,0,0,0,0.103700001,0.426800013,0.04923,0.201199993,0,0,0,0,0,0,0.360199988,0.969900012,0,0,0,0,0,0,0,0,0,0,0,0,0,0,0,0,0,0,0,0,0,0,185.1999969,884.5499878,0,0,0,0,0,0,0,0,0,0,0,0,112,111,4,30,1,0.013513514,1,6,0.400334442,0,0,0,2,0,2,0,100,"0,100"
0,0,9.710000038,16.48499966,95.00500107,188.5,0,0,0,0,0,0,0.103700001,0.426800013,0.04923,0.201199993,0,0,0,0,0,0,0.360199988,0.969900012,0,0,0,0,0,0,0,0,0,0,0,0,0,0,0,0,0,0,0,0,0,0,185.1999969,884.5499878,0,0,0,0,0,0,0,0,0,0,0,0,113,112,4,31,0,0.004,1,6,0.449029535,0,0,0,1,1,0,100,0,"100,0"
0,0,9.710000038,16.48499966,0,0,0,0,0,0,0,0,0.103700001,0.426800013,0.04923,0.201199993,0,0,0,0,0,0,0.969900012,4.885000229,0,0,0,0,0,0,0,0,0,0,0,0,0,0,0,0,0,0,0,0,0,0,185.1999969,884.5499878,0,0,0,0,0,0,0,0,0,0,0,0,114,113,4,32,0,0.016,1,5,0.555719865,0,0,0,4,4,0,100,0,"100,0"
0,0,16.48499966,39.27999878,0,0,0,0,0,0,0,0,0.103700001,0.426800013,0.04923,0.201199993,0,0,0,0,0,0,0,0,0,0,0,0,0,0,0,0,0,0.13005,0,0,0,0,0,0,0,0,0,0,0,0,185.1999969,884.5499878,0,0,0,0,0,0,0,0,0,0,0,0,115,114,4,34,1,0.114864865,1,5,0.556704001,0,0,0,17,0,17,0,100,"0,100"
0,0,16.48499966,39.27999878,0,0,0,0,0,0,0,0,0.103700001,0.426800013,0.04923,0.201199993,0,0,0,0,0,0,0,0,0,0,0,0,0,0,0,0,0.13005,0.395999998,0,0,0,0,0,0,0,0,0,0,0,0,185.1999969,884.5499878,0,0,0,0,0,0,0,0,0,0,0,0,116,115,4,35,0,0.008,1,5,0.625340364,0,0,0,2,2,0,100,0,"100,0"
0,0,0,0,43.79000092,99.35499954,0,0,0,0,0,0,0,0,0,0,0,0,0,0,0,0,0,0,0,0,0,0,0,0,0,0,0,0,0,0,0,0,0,0,0,0,0,0,0,0,884.5499878,4254,0,0,0,0,0,0.204599999,0,0,0,0,0,0,117,116,4,38,1,0.006756757,1,3,0.45850408,0,0,0,1,0,1,0,100,"0,100"
0,0,0,0,99.35499954,188.5,0,0,0,0,0,0,0,0,0,0,0,0,0,0,0,0,0,0,0,0,0,0,0,0,0,0,0,0,0,0,0,0,0,0,0,0,12.02000046,29.7699995,0,0,884.5499878,4254,0,0,0,0,0,0.204599999,0,0,0,0,0,0,118,117,4,40,0,0.016,1,4,0.520160892,0,0,0,4,4,0,100,0,"100,0"
0,0,0,0,99.35499954,188.5,0,0,0,0,0,0,0,0,0,0,0,0,0,0,0,0,0,0,0,0,0,0,0,0,0,0,0,0,0,0,0,0,0,0,0,0,29.7699995,49.54000092,0,0,884.5499878,4254,0,0,0,0,0,0.204599999,0,0,0,0,0,0,119,118,4,41,1,0.006756757,1,4,0.533620396,0,0,0,1,0,1,0,100,"0,100"
0,0,0,0,0,0,0,0,0,0,0,0,0,0,0,0.032099999,0,0,0,0,0,0,0,0,0,0,0,0,0,0,0,0,0,0,0,0,0,0,0,0,0,0,0,0,0,0,884.5499878,1008.350006,0,0,0,0,0.204599999,1.251999974,0,0,0,0,0,0,120,119,4,44,0,0.004,1,3,0.342183626,0,0,0,1,1,0,100,0,"100,0"
0,0,0,0,0,0,0,0,0,0,0,0,0,0,0,0.032099999,0,0,0,0,0,0,0,0,0,0,0,0,0,0,0,0,0,0,0,0,0,0,0,0,0,0,0,0,0,0,1008.350006,4254,0,0,0,0,0.204599999,1.251999974,0,0,0,0,0,0,121,120,4,45,1,0.006756757,1,3,0.597938799,0,0,0,1,0,1,0,100,"0,100"
0,0,0,0,0,0,0,0,0,0,0,0,0,0,0.032099999,0.201199993,0,0,0,0,0,0,0,0,0,0,0,0,0,0,0,0,0,0,0,0,0,0,0,0,0,0,0,0,0,0,884.5499878,4254,0,0,0,0,0.204599999,1.251999974,0,0,0,0,0,0,122,121,4,46,1,0.790540541,1,3,0.835052523,0,0,0,117,0,117,0,100,"0,100"
0,0,0,0,0,0,143.5,696.25,0,0,0,0,0,0.027925,0,0,0,0,0,0,0.111500002,0.643099993,0,0,0,0,0,0,0.001713,0.003309,0,0,0,0,0,0,0,0,0,0,0,0,0,0,0,0,0,0,0,0,0,0,0,0.260650009,0,0,0,0,0,0,123,122,5,5,0,0.012,1,5,0.150967716,0,0,0,3,3,0,100,0,"100,0"
0,0,0,0,0,0,143.5,696.25,0,0,0,0,0.027925,0.426800013,0,0,0,0,0,0,0.111500002,0.643099993,0,0,0,0,0,0,0.001713,0.003309,0,0,0,0.01544,0,0,0,0,0,0,0,0,0,0,0,0,0,0,0,0,0,0,0,0.260650009,0,0,0,0,0,0,124,123,5,7,1,0.006756757,1,6,0.277161824,0,0,0,1,0,1,0,100,"0,100"
0,0,0,0,0,0,143.5,696.25,0,0,0,0,0.027925,0.426800013,0,0,0,0,0,0,0.111500002,0.643099993,0,0,0,0,0,0,0.001713,0.003309,0,0,0.01544,0.395999998,0,0,0,0,0,0,0,0,0,0,0,0,0,0,0,0,0,0,0,0.260650009,0,0,0,0,0,0,125,124,5,8,0,0.004,1,6,0.430831857,0,0,0,1,1,0,100,0,"100,0"
0,0,0,0,0,0,143.5,696.25,0,0,0,0,0,0,0,0,0,0,0,0,0.111500002,0.643099993,0,0,0,0,0,0,0.003309,0.031129999,0,0,0,0,0,0,0,0,0,0,0,0,0,0,0,0,185.1999969,650.9499817,0,0,0,0,0,0.260650009,0,0,0,0,0,0,126,125,5,10,0,0.612,1,5,0.339073952,0,0,0,153,153,0,100,0,"100,0"
0,0,0,0,0,0,143.5,696.25,0,0,0,0,0,0,0,0,0,0,0,0,0.111500002,0.643099993,0,0,0,0,0,0,0.003309,0.031129999,0,0,0,0,0,0,0,0,0,0,0,0,0,0,50.40999985,93,650.9499817,4254,0,0,0,0,0,0.260650009,0,0,0,0,0,0,127,126,5,12,1,0.006756757,1,6,0.446424108,0,0,0,1,0,1,0,100,"0,100"
0,0,0,0,0,0,143.5,696.25,0,0,0,0,0,0,0,0,0,0,0,0,0.111500002,0.643099993,0,0,0,0,0,0,0.003309,0.031129999,0,0,0,0,0,0,0,0,0,0,0,0,0,0,93.1,251.1999969,650.9499817,4254,0,0,0,0,0,0.260650009,0,0,0,0,0,0,128,127,5,13,0,0.172,1,6,0.542303717,0,0,0,43,43,0,100,0,"100,0"
0,0,0,0,0,0,143.5,696.25,0,0,0,0,0,0,0,0,0.105999999,0.165650003,0,0,0.643099993,2.872999907,0,0,0,0,0,0,0,0,0,0,0,0,0,0,0,0,0,0,0,0,0,0,0,0,0,0,0,0,0,0,0,0.260650009,0,0,0,0,0,0,129,128,5,15,1,0.006756757,1,4,0.387852497,0,0,0,1,0,1,0,100,"0,100"
0,0,0,0,0,0,143.5,696.25,0,0,0,0,0,0,0,0,0.165650003,0.30399999,0,0,0.643099993,2.872999907,0,0,0,0,0,0,0,0,0,0,0,0,0,0,0,0,0,0,0,0,0,0,0,0,0,0,0,0,0,0,0,0.260650009,0,0,0,0,0,0,130,129,5,16,0,0.008,1,4,0.487221171,0,0,0,2,2,0,100,0,"100,0"
0,0,9.710000038,20.76000023,0,0,143.5,696.25,0,0,0,0,0,0,0,0,0,0,0,0,0,0,0,0,0,0,6.802000046,23.32000065,0,0,0,0,0,0,0,0,0,0,0,0,0,0,12.02000046,29.79500008,0,0,0,0,0,0,0,0,0.260650009,1.251999974,0,0,0,0,0,0,131,130,5,20,0,0.1,1,5,0.380913251,0,0,0,25,25,0,100,0,"100,0"
0,0,20.76000023,21.68000031,0,0,143.5,696.25,0,0,0,0,0,0,0,0,0,0,0,0,0,0,0,0,0,0,6.802000046,23.32000065,0,0,0,0,0,0,0,0,0,0,0,0,0,0,12.02000046,29.79500008,0,0,0,0,0,0,0,0,0.260650009,1.251999974,0,0,0,0,0,0,132,131,5,22,1,0.006756757,1,5,0.312397863,0,0,0,1,0,1,0,100,"0,100"
0,0,21.68000031,39.27999878,0,0,143.5,696.25,0,0,0,0,0,0,0,0,0,0,0,0,0,0,0,0,0,0,6.802000046,23.32000065,0,0,0,0,0,0,0,0,0,0,0,0,0,0,12.02000046,29.79500008,0,0,0,0,0,0,0,0,0.260650009,1.251999974,0,0,0,0,0,0,133,132,5,23,0,0.008,1,5,0.425214897,0,0,0,2,2,0,100,0,"100,0"
0,0,0,0,0,0,143.5,696.25,0,0,0,0,0,0,0,0,0,0,0,0,0,0,0,0,0.757000029,2.620000005,23.32000065,542.2000122,0,0,0,0,0,0,0,0,0,0,0,0,0,0,12.02000046,25.88999939,0,0,0,0,0,0,0,0,0.260650009,1.251999974,0,0.161900006,0,0,0,0,134,133,5,27,1,0.013513514,1,6,0.501539124,0,0,0,2,0,2,0,100,"0,100"
0,0,0,0,0,0,143.5,696.25,0,0,0,0,0,0,0,0,0,0,0,0,0,0,0,0,2.620000005,21.97999954,23.32000065,542.2000122,0,0,0,0,0,0,0,0,0,0,0,0,0,0,12.02000046,25.88999939,0,0,0,0,0,0,0,0,0.260650009,1.251999974,0,0.161900006,0,0,0,0,135,134,5,28,0,0.028,1,6,0.638945082,0,0,0,7,7,0,100,0,"100,0"
0,0,0,0,0,0,143.5,696.25,0,0,0,0,0,0,0,0,0,0,0,0,0,0,0,0,0,0,23.32000065,542.2000122,0,0,0,0,0,0,0,0,0,0,0,0,0,0,12.02000046,25.88999939,0,0,0,0,0,0,0,0,0.260650009,1.251999974,0.161900006,0.291000009,0,0,0,0,136,135,5,29,1,0.02027027,1,5,0.561747567,0,0,0,3,0,3,0,100,"0,100"
0,0,0,0,0,0,143.5,696.25,0,0,0,0,0,0,0,0,0,0,0,0,0,0,0,0,0,0,23.32000065,542.2000122,0,0,0,0,0,0,0,0,0,0,0,0,0,0,25.88999939,29.79500008,0,0,0,0,0,0,0,0,0.260650009,1.251999974,0,0,0,0,0,0,137,136,5,30,1,0.040540541,1,4,0.524875898,0,0,0,6,0,6,0,100,"0,100"
0,0,0,0,0,0,143.5,696.25,0,0,0,0,0,0,0,0,0,0,0,0,0,0,0,0,0.757000029,2.738000035,0,0,0,0,0,0,0,0,0,0,0,0,0,0,0,0,29.79500008,49.54000092,0,0,0,0,0,0,0,0,0.260650009,1.251999974,0,0.131849997,0,0,0,0,138,137,5,33,0,0.024,1,5,0.419793027,0,0,0,6,6,0,100,0,"100,0"
0,0,0,0,0,0,143.5,696.25,0,0,0,0,0,0,0,0,0,0,0,0,0,0,0,0,2.738000035,21.97999954,0,0,0,0,0,0,0,0,0,0,0,0,0,0,0,0,29.79500008,49.54000092,0,0,0,0,0,0,0,0,0.260650009,1.251999974,0,0.131849997,0,0,0,0,139,138,5,34,1,0.013513514,1,5,0.582456174,0,0,0,2,0,2,0,100,"0,100"
0,0,0,0,0,0,143.5,696.25,0,0,0,0,0,0,0,0,0,0,0,0,0,0,0,0,0,0,0,0,0,0,0,0,0,0,0,0,0,0,0,0,0,0,29.79500008,49.54000092,0,0,0,0,0,0,0,0,0.260650009,1.251999974,0.131849997,0.291000009,0,0,0,0,140,139,5,35,1,0.135135135,1,4,0.524859371,0,0,0,20,0,20,0,100,"0,100"
0,0,0,0,0,0,696.26,2501,0,0,0,0,0,0,0,0,0,0,0.049959999,0.05524,0,0,0,0,0,0,0,0,0,0,0,0,0,0,0,0,0,0,0,0,0,0,0,0,0,0,0,0,0,0,0,0,0,0.216200002,0,0.082880002,0,0,0,0,141,140,5,39,1,0.02027027,1,4,0.333557683,0,0,0,3,0,3,0,100,"0,100"
0,0,0,0,0,0,696.26,2501,0,0,0,0,0,0,0,0,0,0,0.05524,0.097439997,0,0,0,0,0,0,0,0,0,0,0,0,0,0,0,0,0,0,0,0,0,0,0,0,0,0,0,0,0,0,0,0,0,0.216200002,0,0.082880002,0,0,0,0,142,141,5,40,0,0.004,1,4,0.527955311,0,0,0,1,1,0,100,0,"100,0"
0,0,0,0,0,0,696.26,2501,0,0,0,0,0,0,0,0,0,0,0,0,0,0,0,0,0,0,0,0,0,0,0,0,0,0,0,0,0,0,0,0,0,0,0,0,0,0,0,0,0,0,0,0,0,0.216200002,0.082880002,0.291000009,0,0,0,0,143,142,5,41,0,0.02,1,3,0.551134667,0,0,0,5,5,0,100,0,"100,0"
0,0,0,0,0,0,696.26,2501,0,0,0,0,0,0,0,0,0,0,0,0,0.111500002,0.230350003,0,0,0,0,0,0,0,0,0,0,0,0,0,0,0,0,0,0,0,0,0,0,0,0,0,0,0,0,0.02729,0.313899994,0.216200002,1.251999974,0,0,0,0,0,0,144,143,5,44,0,0.008,1,4,0.478489058,0,0,0,2,2,0,100,0,"100,0"
0,0,0,0,0,0,696.26,2501,0,0,0,0,0,0,0,0,0,0,0,0,0.111500002,0.230350003,0,0,0,0,0,0,0,0,0,0,0,0,0,0,0,0,0,0,0,0,0,0,0,0,0,0,0,0,0.313899994,1.057999969,0.216200002,1.251999974,0,0,0,0,0,0,145,144,5,45,1,0.006756757,1,4,0.589453827,0,0,0,1,0,1,0,100,"0,100"
0,0,0,0,0,0,696.26,2501,0,0,0,0,0,0,0,0,0,0,0,0,0.230350003,2.872999907,0,0,0,0,0,0,0,0,0,0,0,0,0,0,0,0,0,0,0,0,0,0,0,0,0,0,0,0,0,0,0.216200002,1.251999974,0,0,0,0,0,0,146,145,5,46,1,0.722972973,1,3,0.849936458,0,0,0,107,0,107,0,100,"0,100"
0,0,0,0,0,0,0,0,0,0,0,0,0,0,0,0.04923,0,0,0,0,0,0,0,0,0,0,6.802000046,48.70000076,0,0,0,0,0,0,0,0,0,0,0,0,0,0,0,0,50.40999985,112.6499977,185.1999969,884.5499878,0,0,0,0,0,0,0,0,0.156499997,0.282800004,0,0,147,146,6,5,0,0.572,1,5,0.210751914,0,0,0,143,143,0,100,0,"100,0"
0,0,0,0,0,0,0,0,0,0,0,0,0,0,0,0.04923,0,0,0,0,0,0,0,0,0,0,6.802000046,48.70000076,0,0,0,0,0,0,0,0,0.007882,0.01907,0.0008948,0.001323,0,0,0,0,50.40999985,112.6499977,185.1999969,884.5499878,0,0,0,0,0,0,0,0,0.282800004,0.663800001,0,0,148,147,6,8,1,0.006756757,1,7,0.246864209,0,0,0,1,0,1,0,100,"0,100"
0,0,0,0,0,0,0,0,0,0,0,0,0,0,0,0.04923,0,0,0,0,0,0,0,0,0,0,6.802000046,48.70000076,0,0,0,0,0,0,0,0,0.01907,0.078950003,0.0008948,0.001323,0,0,0,0,50.40999985,112.6499977,185.1999969,884.5499878,0,0,0,0,0,0,0,0,0.282800004,0.663800001,0,0,149,148,6,9,0,0.004,1,7,0.344742298,0,0,0,1,1,0,100,0,"100,0"
0,0,9.710000038,22.38499928,0,0,0,0,0,0,0,0,0,0,0,0.04923,0,0,0,0,0,0,0,0,0,0,6.802000046,48.70000076,0,0,0,0,0,0,0,0,0,0,0.001323,0.02984,0,0,0,0,50.40999985,112.6499977,185.1999969,884.5499878,0,0,0,0,0,0,0,0,0.282800004,0.663800001,0,0,150,149,6,11,0,0.284,1,7,0.424239958,0,0,0,71,71,0,100,0,"100,0"
0,0,22.38499928,39.27999878,0,0,0,0,0,0,0,0,0,0,0,0.04923,0,0,0,0,0,0,0,0,0,0,6.802000046,48.70000076,0,0,0,0,0,0,0,0,0,0,0.001323,0.02984,0,0,0,0,50.40999985,112.6499977,185.1999969,590.6999817,0,0,0,0,0,0,0,0,0.282800004,0.663800001,0,0,151,150,6,13,0,0.024,1,7,0.434310231,0,0,0,6,6,0,100,0,"100,0"
0,0,22.38499928,39.27999878,0,0,0,0,0,0,0,0,0,0,0,0.04923,0,0,0,0,0,0,0,0,0,0,6.802000046,48.70000076,0,0,0,0,0,0,0,0,0,0,0.001323,0.02984,0,0,0,0,50.40999985,112.6499977,590.6999817,884.5499878,0,0,0,0,0,0,0,0,0.282800004,0.663800001,0,0,152,151,6,14,1,0.006756757,1,7,0.430390157,0,0,0,1,0,1,0,100,"0,100"
0,0,0,0,0,0,0,0,0,0,0,0,0,0,0,0.04923,0,0,0,0,0.111500002,0.231400006,0,0,0,0,6.802000046,48.70000076,0,0,0,0,0,0,0,0,0,0,0,0,0,0,0,0,112.6499977,251.1999969,185.1999969,884.5499878,0,0,0,0,0,0,0,0,0,0,0,0,153,152,6,16,1,0.006756757,1,5,0.245652343,0,0,0,1,0,1,0,100,"0,100"
0,0,0,0,0,0,0,0,0,0,0,0,0,0,0,0.04923,0,0,0,0,0.231400006,2.872999907,0,0,0,0,6.802000046,48.70000076,0,0,0,0,0,0,0,0,0,0,0,0,0,0,0,0,112.6499977,251.1999969,185.1999969,884.5499878,0,0,0,0,0,0,0,0,0,0,0,0,154,153,6,17,0,0.012,1,5,0.428284971,0,0,0,3,3,0,100,0,"100,0"
0,0,0,0,0,0,0,0,0,0,0,0,0,0,0,0.04923,0,0,0,0,0,0,0,0,0,0,48.70000076,542.2000122,0,0,0,0,0,0,0,0,0,0,0,0,0,0,0,0,0,0,185.1999969,884.5499878,0,0,0,0,0,0,0,0,0.156499997,0.207849994,0,0,155,154,6,19,1,0.013513514,1,4,0.359882351,0,0,0,2,0,2,0,100,"0,100"
0,0,0,0,0,0,0,0,0,0,0,0,0,0,0,0.04923,0,0,0,0,0,0,0,0,0,0,48.70000076,542.2000122,0,0,0,0,0,0,0,0,0,0,0,0,0,0,0,0,0,0,185.1999969,884.5499878,0,0,0,0,0,0,0,0,0.207849994,0.663800001,0,0,156,155,6,20,0,0.004,1,4,0.55927127,0,0,0,1,1,0,100,0,"100,0"
0,0,0,0,43.79000092,89.67000198,0,0,0,0,0,0,0,0,0.04923,0.201199993,0,0,0,0,0,0,0,0,0,0,0,0,0,0,0,0,0,0,0,0,0,0,0,0,0,0,0,0,0,0,185.1999969,884.5499878,0,0,0,0,0,0,0,0,0,0,0.055039998,0.093295,157,156,6,23,0,0.024,1,4,0.373791359,0,0,0,6,6,0,100,0,"100,0"
0,0,0,0,89.67000198,188.5,0,0,0,0,0,0,0,0,0.04923,0.201199993,0,0,0,0,0,0,0,0,0,0,0,0,0,0,0,0,0,0,0,0,0,0,0,0,0,0,12.02000046,21.25,0,0,185.1999969,884.5499878,0,0,0,0,0,0,0,0,0,0,0.055039998,0.093295,158,157,6,25,0,0.028,1,5,0.421414355,0,0,0,7,7,0,100,0,"100,0"
0,0,0,0,89.67000198,188.5,0,0,0,0,0,0,0,0.076069999,0.04923,0.201199993,0,0,0,0,0,0,0,0,0,0,0,0,0,0,0,0,0,0,0,0,0,0,0,0,0,0,21.26,49.54000092,0,0,185.1999969,884.5499878,0,0,0,0,0,0,0,0,0,0,0.055039998,0.093295,159,158,6,27,0,0.004,1,6,0.465505729,0,0,0,1,1,0,100,0,"100,0"
0,0,0,0,89.67000198,188.5,0,0,0,0,0,0,0.076069999,0.426800013,0.04923,0.201199993,0,0,0,0,0,0,0,0,0,0,0,0,0,0,0,0,0,0,0,0,0,0,0,0,0,0,21.26,49.54000092,0,0,185.1999969,884.5499878,0,0,0,0,0,0,0,0,0,0,0.055039998,0.093295,160,159,6,28,1,0.033783784,1,6,0.572761277,0,0,0,5,0,5,0,100,"0,100"
6.980999947,10.75999975,0,0,0,0,0,0,0,0,0,0,0,0,0.04923,0.201199993,0,0,0,0,0,0,0,0,0,0,0,0,0,0,0,0,0,0,0,0,0,0,0,0,0,0,0,0,0,0,185.1999969,884.5499878,0,0,0,0,0,0,0,0,0,0,0.093295,0.207499996,161,160,6,30,0,0.008,1,4,0.463783659,0,0,0,2,2,0,100,0,"100,0"
10.75999975,28.11000061,0,0,0,0,0,0,0,0,0.019379999,0.1307,0,0,0.04923,0.05177,0,0,0,0,0,0,0,0,0,0,0,0,0,0,0,0,0,0,0,0,0,0,0,0,0,0,0,0,0,0,185.1999969,884.5499878,0,0,0,0,0,0,0,0,0,0,0.093295,0.207499996,162,161,6,33,1,0.006756757,1,5,0.419236966,0,0,0,1,0,1,0,100,"0,100"
10.75999975,28.11000061,0,0,0,0,0,0,0,0,0.1307,0.345400006,0,0,0.04923,0.05177,0,0,0,0,0,0,0,0,0,0,0,0,0,0,0,0,0,0,0,0,0,0,0,0,0,0,0,0,0,0,185.1999969,884.5499878,0,0,0,0,0,0,0,0,0,0,0.093295,0.207499996,163,162,6,34,0,0.008,1,5,0.482656392,0,0,0,2,2,0,100,0,"100,0"
10.75999975,28.11000061,0,0,0,0,0,0,0,0,0,0,0,0.270850003,0.05177,0.201199993,0,0,0,0,0,0,0,0,0,0,0,0,0,0,0,0,0,0,0,0,0,0,0,0,0,0,12.02000046,23.47000027,0,0,185.1999969,721.0500183,0,0,0,0,0,0,0,0,0,0,0.093295,0.207499996,164,163,6,38,0,0.004,1,6,0.56406601,0,0,0,1,1,0,100,0,"100,0"
10.75999975,28.11000061,0,0,0,0,0,0,0,0,0,0,0,0.270850003,0.05177,0.201199993,0,0,0,0,0,0,0,0,0,0,0,0,0,0,0,0,0,0,0,0,0,0,0,0,0,0,12.02000046,23.47000027,0,0,721.0500183,884.5499878,0,0,0,0,0,0,0,0,0,0,0.093295,0.207499996,165,164,6,39,1,0.006756757,1,6,0.548813764,0,0,0,1,0,1,0,100,"0,100"
10.75999975,28.11000061,0,0,0,0,0,0,0,0,0,0,0,0.270850003,0.05177,0.201199993,0,0,0,0,0,0,0,0,0,0,0,0,0,0,0,0,0,0,0,0,0,0,0,0,0,0,23.47000027,49.54000092,0,0,185.1999969,884.5499878,0,0,0,0,0,0,0,0,0,0,0.093295,0.207499996,166,165,6,40,1,0.108108108,1,6,0.63570646,0,0,0,16,0,16,0,100,"0,100"
10.75999975,28.11000061,0,0,0,0,0,0,0,0,0,0,0.270850003,0.426800013,0.05177,0.201199993,0,0,0,0,0,0,0,0,0,0,0,0,0,0,0,0,0,0,0,0,0,0,0,0,0,0,0,0,0,0,185.1999969,884.5499878,0,0,0,0,0,0,0,0,0,0,0.093295,0.207499996,167,166,6,41,0,0.004,1,5,0.570039321,0,0,0,1,1,0,100,0,"100,0"
0,0,0,0,0,0,143.5,722.5,0,0,0,0,0,0.072140001,0,0,0,0,0,0,0,0,0,0,0,0,0,0,0,0,0,0,0,0,0,0,0,0,0,0,0,0,0,0,0,0,884.5499878,4254,0,0,0,0,0,0,0,0,0,0,0,0,168,167,6,44,1,0.027027027,1,3,0.414247767,0,0,0,4,0,4,0,100,"0,100"
0,0,0,0,0,0,722.6,2501,0,0,0,0,0,0.03668,0,0,0,0,0,0,0,0,0,0,0,0,0,0,0,0,0,0,0,0,0,0,0,0,0,0,0,0,0,0,0,0,884.5499878,4254,0,0,0,0,0,0,0,0,0.156499997,0.307999998,0,0,169,168,6,47,1,0.006756757,1,4,0.491764755,0,0,0,1,0,1,0,100,"0,100"
0,0,0,0,0,0,722.6,2501,0,0,0,0,0.03668,0.072140001,0,0,0,0,0,0,0,0,0,0,0,0,0,0,0,0,0,0,0,0,0,0,0,0,0,0,0,0,0,0,0,0,884.5499878,4254,0,0,0,0,0,0,0,0,0.156499997,0.307999998,0,0,170,169,6,48,0,0.02,1,4,0.491050135,0,0,0,5,5,0,100,0,"100,0"
0,0,0,0,0,0,722.6,2501,0,0,0,0,0,0.072140001,0,0,0,0,0,0,0,0,0,0,0,0,0,0,0,0,0,0,0,0,0,0,0,0,0,0,0,0,0,0,0,0,884.5499878,4254,0,0,0,0,0,0,0,0,0.307999998,0.663800001,0,0,171,170,6,49,1,0.013513514,1,4,0.613215675,0,0,0,2,0,2,0,100,"0,100"
0,0,0,0,0,0,0,0,0,0,0,0,0.072140001,0.426800013,0,0,0,0,0,0,0,0,0,0,0,0,0,0,0,0,0,0,0,0,0,0,0,0,0,0,0,0,0,0,0,0,884.5499878,4254,0,0,0,0,0,0,0,0,0,0,0,0,172,171,6,50,1,0.763513514,1,2,0.829546774,0,0,0,113,0,113,0,100,"0,100"
0,0,9.710000038,21.57499981,0,0,0,0,0,0,0,0,0,0,0,0,0,0,0,0,0,0,0.360199988,2.092000008,0.757000029,6.597499847,0,0,0,0,0,0,0,0,0,0,0,0,0,0,7.929999828,16.82999992,0,0,0,0,0,0,0,0,0,0,0,0,0,0.135050006,0,0,0,0,173,172,7,6,0,0.728,1,5,0.367977153,0,0,0,182,182,0,100,0,"100,0"
0,0,21.57499981,39.27999878,0,0,0,0,0,0,0,0,0,0,0,0,0,0,0,0,0,0,0.360199988,2.092000008,0.757000029,6.597499847,0,0,0.001713,0.003349,0,0,0,0,0,0,0,0,0,0,7.929999828,16.82999992,0,0,0,0,0,0,0,0,0,0,0,0,0,0.135050006,0,0,0,0,174,173,7,8,1,0.006756757,1,6,0.348832885,0,0,0,1,0,1,0,100,"0,100"
0,0,21.57499981,39.27999878,0,0,0,0,0,0,0,0,0,0,0,0,0,0,0,0,0,0,0.360199988,2.092000008,0.757000029,6.597499847,0,0,0.003349,0.031129999,0,0,0,0,0,0,0,0,0,0,7.929999828,16.82999992,0,0,0,0,185.1999969,646.4499817,0,0,0,0,0,0,0,0.135050006,0,0,0,0,175,174,7,10,0,0.088,1,7,0.442161681,0,0,0,22,22,0,100,0,"100,0"
0,0,21.57499981,39.27999878,0,0,0,0,0,0,0,0,0,0,0,0,0,0,0,0,0,0,0.360199988,2.092000008,0.757000029,6.597499847,0,0,0.003349,0.031129999,0.002252,0.012025,0,0,0,0,0,0,0,0,7.929999828,16.82999992,0,0,0,0,646.4499817,4254,0,0,0,0,0,0,0,0.135050006,0,0,0,0,176,175,7,12,1,0.006756757,1,8,0.492725746,0,0,0,1,0,1,0,100,"0,100"
0,0,21.57499981,39.27999878,0,0,0,0,0,0,0,0,0,0,0,0,0,0,0,0,0,0,0.360199988,2.092000008,0.757000029,6.597499847,0,0,0.003349,0.031129999,0.012025,0.135399997,0,0,0,0,0,0,0,0,7.929999828,16.82999992,0,0,0,0,646.4499817,4254,0,0,0,0,0,0,0,0.135050006,0,0,0,0,177,176,7,13,0,0.036,1,8,0.599375862,0,0,0,9,9,0,100,0,"100,0"
6.980999947,13.45499992,0,0,0,0,0,0,0,0,0,0,0,0,0,0,0,0,0,0,0,0,2.092000008,4.885000229,0.757000029,4.07949996,0,0,0,0,0,0,0,0,0,0,0,0,0,0,7.929999828,16.82999992,0,0,0,0,0,0,0,0,0,0,0,0,0,0.135050006,0,0,0,0,178,177,7,16,0,0.056,1,5,0.372184573,0,0,0,14,14,0,100,0,"100,0"
6.980999947,13.45499992,0,0,0,0,0,0,0,0,0,0,0,0,0,0,0,0,0,0,0,0,2.092000008,4.885000229,4.07949996,6.597499847,0,0,0,0,0,0,0,0,0,0,0,0,0,0,7.929999828,16.82999992,0,0,0,0,0,0,0,0,0,0,0,0,0,0.135050006,0,0,0,0,179,178,7,17,1,0.006756757,1,5,0.364603175,0,0,0,1,0,1,0,100,"0,100"
13.45499992,28.11000061,0,0,0,0,0,0,0,0,0,0,0,0,0,0,0,0,0,0,0,0,2.092000008,4.885000229,0.757000029,6.597499847,0,0,0,0,0,0,0,0,0,0,0,0,0,0,7.929999828,16.82999992,0,0,0,0,0,0,0,0,0,0,0,0,0,0.135050006,0,0,0,0,180,179,7,18,1,0.006756757,1,5,0.473352138,0,0,0,1,0,1,0,100,"0,100"
0,0,0,0,0,0,0,0,0,0,0,0,0,0,0,0,0,0,0,0,0,0,0,0,6.597499847,21.97999954,0,0,0,0,0,0,0,0,0,0,0,0,0,0,7.929999828,16.82999992,0,0,0,0,0,0,0,0,0,0,0,0,0,0.135050006,0,0,0,0,181,180,7,19,1,0.006756757,1,3,0.501835312,0,0,0,1,0,1,0,100,"0,100"
0,0,0,0,0,0,0,0,0,0,0,0,0,0,0,0,0,0,0.049959999,0.0671,0,0,0,0,0,0,0,0,0,0,0.002252,0.02744,0,0,0,0,0,0,0,0,7.929999828,16.82999992,0,0,0,0,0,0,0,0,0,0,0,0,0.135050006,0.142349996,0,0,0,0,182,181,7,22,1,0.027027027,1,4,0.222966567,0,0,0,4,0,4,0,100,"0,100"
0,0,0,0,0,0,0,0,0,0,0,0,0,0,0,0,0,0,0.0671,0.097439997,0,0,0,0,0,0,0,0,0,0,0.002252,0.02744,0,0,0,0,0,0,0,0,7.929999828,16.82999992,0,0,0,0,0,0,0,0,0,0,0,0,0.135050006,0.142349996,0,0,0,0,183,182,7,23,0,0.004,1,4,0.292469498,0,0,0,1,1,0,100,0,"100,0"
0,0,0,0,0,0,0,0,0,0,0,0,0,0,0,0,0,0,0,0,0,0,0,0,0,0,0,0,0,0,0.02744,0.135399997,0,0,0,0,0,0,0,0,7.929999828,16.82999992,0,0,0,0,0,0,0,0,0,0,0,0,0.135050006,0.142349996,0,0,0,0,184,183,7,24,0,0.02,1,3,0.384175401,0,0,0,5,5,0,100,0,"100,0"
0,0,0,0,0,0,0,0,0.05263,0.076675002,0,0,0,0,0,0,0,0,0,0,0,0,0,0,0,0,0,0,0,0,0,0,0,0.01995,0,0,0,0,0,0,16.82999992,36.04000092,0,0,0,0,0,0,0.071170002,0.123749997,0,0,0,0,0,0.142349996,0,0,0,0,185,184,7,28,1,0.006756757,1,5,0.357447057,0,0,0,1,0,1,0,100,"0,100"
0,0,0,0,0,0,0,0,0.076675002,0.163399994,0,0,0,0,0,0,0,0,0,0,0,0,0,0,0,0,0,0,0,0,0,0,0,0.01995,0,0,0,0,0,0,16.82999992,36.04000092,0,0,0,0,0,0,0.071170002,0.123749997,0,0,0,0,0,0.142349996,0,0,0,0,186,185,7,29,0,0.02,1,5,0.470618483,0,0,0,5,5,0,100,0,"100,0"
0,0,0,0,0,0,0,0,0,0,0,0,0,0,0,0.04049,0,0,0,0,0,0,0,0,0,0,0,0,0,0,0,0,0,0.01995,0,0,0,0,0,0,16.82999992,36.04000092,0,0,0,0,0,0,0.123749997,0.222599998,0,0,0,0,0,0.142349996,0,0,0,0,187,186,7,31,1,0.02027027,1,5,0.415392033,0,0,0,3,0,3,0,100,"0,100"
0,0,0,0,0,0,0,0,0,0,0,0,0,0,0.04049,0.201199993,0,0,0,0,0,0,0,0,0,0,0,0,0,0,0,0,0,0.01995,0,0,0,0,0,0,16.82999992,36.04000092,0,0,0,0,0,0,0.123749997,0.222599998,0,0,0,0,0,0.142349996,0,0,0,0,188,187,7,32,0,0.004,1,5,0.534895013,0,0,0,1,1,0,100,0,"100,0"
0,0,0,0,0,0,0,0,0,0,0,0,0,0,0,0,0,0,0,0,0,0,0,0,0,0,0,0,0,0,0,0,0.01995,0.395999998,0,0,0,0,0,0,16.82999992,36.04000092,0,0,0,0,0,0,0.071170002,0.087979998,0,0,0,0,0,0.142349996,0,0,0,0,189,188,7,34,0,0.004,1,4,0.55829788,0,0,0,1,1,0,100,0,"100,0"
0,0,0,0,0,0,0,0,0,0,0,0,0,0,0,0,0,0,0,0,0,0,0,0,0,0,0,0,0,0,0,0,0.01995,0.395999998,0,0,0,0,0,0,16.82999992,36.04000092,0,0,0,0,0,0,0.087979998,0.222599998,0,0,0,0,0,0.142349996,0,0,0,0,190,189,7,35,1,0.101351351,1,4,0.752793698,0,0,0,15,0,15,0,100,"0,100"
0,0,0,0,43.79000092,71.81500244,0,0,0,0,0,0,0,0,0,0,0,0,0,0,0,0,0,0,0,0,0,0,0,0,0,0,0,0,0,0,0,0,0,0,0,0,0,0,0,0,0,0,0,0,0,0,0,0,0.142349996,0.291000009,0,0,0,0,191,190,7,37,0,0.016,1,2,0.352243991,0,0,0,4,4,0,100,0,"100,0"
0,0,0,0,71.81500244,188.5,0,0,0,0,0,0,0,0,0,0,0,0,0,0,0,0,0,0,0,0,6.802000046,13.92999983,0,0,0,0,0,0,0,0,0,0,0,0,0,0,0,0,0,0,0,0,0,0,0,0,0,0,0.142349996,0.291000009,0,0,0,0,192,191,7,39,0,0.008,1,3,0.443491691,0,0,0,2,2,0,100,0,"100,0"
0,0,0,0,71.81500244,188.5,0,0,0,0,0,0,0,0,0,0,0,0,0,0,0,0,0.360199988,0.457949996,0,0,13.92999983,542.2000122,0,0,0,0,0,0,0,0,0,0,0,0,0,0,0,0,0,0,0,0,0,0,0,0,0,0,0.142349996,0.291000009,0,0,0,0,193,192,7,41,0,0.004,1,4,0.581362831,0,0,0,1,1,0,100,0,"100,0"
0,0,0,0,71.81500244,188.5,0,0,0,0,0,0,0,0,0,0,0.105999999,0.188700005,0,0,0.111500002,0.226800002,0.457949996,4.885000229,0,0,13.92999983,542.2000122,0,0,0,0,0,0,0,0,0,0,0,0,0,0,0,0,50.40999985,110.3499985,0,0,0,0,0,0,0,0,0.142349996,0.291000009,0,0,0,0,194,193,7,45,1,0.013513514,1,7,0.577170762,0,0,0,2,0,2,0,100,"0,100"
0,0,0,0,71.81500244,188.5,0,0,0,0,0,0,0,0,0,0,0.105999999,0.188700005,0,0,0.226800002,2.872999907,0.457949996,4.885000229,0,0,13.92999983,542.2000122,0,0,0,0,0,0,0,0,0,0,0,0,0,0,0,0,50.40999985,110.3499985,0,0,0,0,0,0,0,0,0.142349996,0.291000009,0,0,0,0,195,194,7,46,0,0.012,1,7,0.708098571,0,0,0,3,3,0,100,0,"100,0"
0,0,0,0,71.81500244,188.5,0,0,0,0,0,0,0,0,0,0,0.188700005,0.30399999,0,0,0,0,0.457949996,4.885000229,0,0,13.92999983,542.2000122,0,0,0,0,0,0,0,0,0,0,0,0,0,0,0,0,50.40999985,110.3499985,0,0,0,0,0,0,0,0,0.142349996,0.291000009,0,0,0,0,196,195,7,47,1,0.081081081,1,6,0.693848171,0,0,0,12,0,12,0,100,"0,100"
0,0,0,0,71.81500244,188.5,0,0,0,0,0,0,0,0,0,0,0,0,0,0,0,0,0.457949996,4.885000229,0,0,13.92999983,542.2000122,0,0,0,0,0,0,0,0,0,0,0,0,0,0,0,0,110.3499985,251.1999969,0,0,0,0,0,0,0,0,0.142349996,0.291000009,0,0,0,0,197,196,7,48,1,0.716216216,1,5,0.796744831,0,0,0,106,0,106,0,100,"0,100"
0,0,9.710000038,19.58500004,0,0,0,0,0,0,0,0,0,0.072264999,0,0,0,0,0,0,0.111500002,0.643099993,0,0,0,0,0,0,0,0,0,0,0,0,0,0,0,0,0,0,0,0,0,0,0,0,0,0,0,0,0,0,0,0,0,0,0,0,0,0,198,197,8,3,0,0.624,1,3,0.231925196,0,0,0,156,156,0,100,0,"100,0"
0,0,9.710000038,19.58500004,0,0,0,0,0,0,0,0,0,0.072264999,0,0,0.105999999,0.207850002,0,0,0.643099993,2.872999907,0,0,0,0,0,0,0,0,0,0,0,0,0,0,0,0,0,0,0,0,0,0,0,0,0,0,0,0,0,0,0,0,0,0,0,0,0,0,199,198,8,5,1,0.006756757,1,4,0.456290359,0,0,0,1,0,1,0,100,"0,100"
0,0,9.710000038,19.58500004,0,0,0,0,0,0,0,0,0,0.072264999,0,0,0.207850002,0.30399999,0,0,0.643099993,2.872999907,0,0,0,0,0,0,0,0,0,0,0,0,0,0,0,0,0,0,0,0,0,0,0,0,0,0,0,0,0,0,0,0,0,0,0,0,0,0,200,199,8,6,0,0.004,1,4,0.44909337,0,0,0,1,1,0,100,0,"100,0"
6.980999947,15.04500008,19.58500004,39.27999878,0,0,143.5,696.25,0,0,0,0,0,0.072264999,0,0,0,0,0,0,0,0,0.360199988,0.850499988,0,0,0,0,0,0,0,0,0,0,0,0,0,0,0,0,0,0,0,0,0,0,0,0,0,0,0,0,0,0,0,0,0,0,0,0,201,200,8,10,1,0.006756757,1,5,0.311968636,0,0,0,1,0,1,0,100,"0,100"
6.980999947,15.04500008,19.58500004,39.27999878,0,0,143.5,696.25,0,0,0,0,0,0.072264999,0,0,0,0,0,0,0,0,0.850499988,4.885000229,0,0,0,0,0,0,0,0,0,0,0,0,0,0,0,0,0,0,0,0,0,0,0,0,0,0,0,0,0,0,0,0.092289999,0,0,0,0,202,201,8,12,0,0.192,1,6,0.443379029,0,0,0,48,48,0,100,0,"100,0"
6.980999947,15.04500008,19.58500004,39.27999878,0,0,143.5,696.25,0.05263,0.084755,0,0,0,0.072264999,0,0,0,0,0,0,0,0,0.850499988,4.885000229,0,0,0,0,0,0,0,0,0,0,0,0,0.007882,0.0154,0,0,0,0,0,0,0,0,0,0,0,0,0,0,0,0,0.092289999,0.291000009,0,0,0,0,203,202,8,15,0,0.004,1,8,0.427722503,0,0,0,1,1,0,100,0,"100,0"
6.980999947,15.04500008,19.58500004,39.27999878,0,0,143.5,696.25,0.084755,0.163399994,0,0,0,0.072264999,0,0,0,0,0,0,0,0,0.850499988,4.885000229,0,0,0,0,0,0,0,0,0,0,0,0,0.007882,0.0154,0,0,0,0,0,0,0,0,0,0,0,0,0,0,0,0,0.092289999,0.291000009,0,0,0,0,204,203,8,16,1,0.013513514,1,8,0.480218663,0,0,0,2,0,2,0,100,"0,100"
6.980999947,15.04500008,19.58500004,39.27999878,0,0,143.5,696.25,0,0,0,0,0,0.072264999,0,0,0,0,0,0,0,0,0.850499988,4.885000229,0,0,0,0,0,0,0,0,0,0,0,0,0.0154,0.078950003,0,0,0,0,0,0,0,0,0,0,0,0,0.02729,0.161700003,0,0.193850003,0.092289999,0.291000009,0,0,0,0,205,204,8,19,0,0.004,1,9,0.46727002,0,0,0,1,1,0,100,0,"100,0"
6.980999947,15.04500008,19.58500004,39.27999878,0,0,143.5,696.25,0,0,0,0,0,0.072264999,0,0,0,0,0,0,0,0,0.850499988,4.885000229,0,0,0,0,0,0,0,0,0,0,0,0,0.0154,0.078950003,0,0,0,0,0,0,0,0,0,0,0,0,0.02729,0.161700003,0.193850003,1.251999974,0.092289999,0.291000009,0,0,0,0,206,205,8,20,1,0.006756757,1,9,0.543973959,0,0,0,1,0,1,0,100,"0,100"
6.980999947,15.04500008,19.58500004,39.27999878,0,0,143.5,696.25,0,0,0,0,0,0.072264999,0,0,0,0,0,0,0,0,0.850499988,4.885000229,0,0,0,0,0,0,0,0,0,0,0,0,0.0154,0.078950003,0,0,0,0,0,0,0,0,0,0,0,0,0.161700003,1.057999969,0,0,0.092289999,0.291000009,0,0,0,0,207,206,8,21,0,0.028,1,8,0.598723422,0,0,0,7,7,0,100,0,"100,0"
6.980999947,15.04500008,19.58500004,39.27999878,0,0,696.26,2501,0,0,0,0,0,0.072264999,0,0,0,0,0,0,0,0,0,0,0,0,0,0,0,0,0,0,0,0,0,0,0,0,0,0,0,0,0,0,0,0,0,0,0,0,0,0,0,0,0,0,0,0,0,0,208,207,8,22,1,0.006756757,1,4,0.495637903,0,0,0,1,0,1,0,100,"0,100"
15.04500008,28.11000061,19.58500004,39.27999878,0,0,0,0,0,0,0,0,0,0.072264999,0,0,0,0,0,0,0,0,0,0,0,0,0,0,0,0,0,0,0,0,0,0,0,0,0,0,0,0,0,0,0,0,0,0,0,0,0,0,0,0,0,0,0,0,0,0,209,208,8,23,1,0.040540541,1,3,0.484569747,0,0,0,6,0,6,0,100,"0,100"
0,0,0,0,0,0,0,0,0,0,0,0,0.072264999,0.426800013,0,0,0,0,0,0,0,0,0,0,0,0,0,0,0,0,0,0,0,0,0,0,0,0,0,0,0,0,0,0,50.40999985,111.6999969,0,0,0,0,0,0,0,0,0,0.116450001,0,0,0,0,210,209,8,26,0,0.072,1,3,0.512032639,0,0,0,18,18,0,100,0,"100,0"
0,0,0,0,0,0,0,0,0,0,0,0,0.072264999,0.426800013,0,0,0,0,0,0,0,0,0,0,0,0,0,0,0,0,0,0,0,0,0,0,0,0,0,0,0,0,0,0,111.6999969,251.1999969,185.1999969,888.1000061,0,0,0,0,0,0,0,0.116450001,0,0,0,0,211,210,8,28,0,0.004,1,4,0.524590753,0,0,0,1,1,0,100,0,"100,0"
0,0,0,0,0,0,0,0,0,0,0,0,0.072264999,0.426800013,0,0,0,0,0,0,0,0,0,0,0,0,0,0,0,0,0,0,0,0,0,0,0,0,0,0,0,0,0,0,111.6999969,251.1999969,888.1000061,4254,0,0,0,0,0,0,0,0.116450001,0,0,0,0,212,211,8,29,1,0.027027027,1,4,0.688213931,0,0,0,4,0,4,0,100,"0,100"
0,0,0,0,0,0,0,0,0,0,0,0,0.072264999,0.426800013,0,0,0,0,0,0,0,0,0,0,0,0,0,0,0,0,0,0,0,0,0,0,0,0,0,0,7.929999828,17.02500057,0,0,0,0,0,0,0.071170002,0.15755,0.02729,0.273399994,0,0,0.116450001,0.291000009,0,0,0,0,213,212,8,33,1,0.027027027,1,5,0.512653221,0,0,0,4,0,4,0,100,"0,100"
0,0,0,0,0,0,0,0,0,0,0,0,0.072264999,0.426800013,0,0,0,0,0,0,0,0,0,0,0,0,0,0,0,0,0,0,0,0,0,0,0,0,0.0008948,0.0026115,7.929999828,17.02500057,12.02000046,25.93999958,0,0,0,0,0.071170002,0.15755,0.273399994,1.057999969,0,0,0.116450001,0.291000009,0,0,0,0,214,213,8,37,0,0.008,1,7,0.50228893,0,0,0,2,2,0,100,0,"100,0"
0,0,0,0,0,0,0,0,0,0,0,0,0.072264999,0.426800013,0,0,0,0,0,0,0,0,0,0,0,0,0,0,0,0,0,0,0,0,0,0,0,0,0.0026115,0.0032515,7.929999828,17.02500057,12.02000046,25.93999958,0,0,0,0,0.071170002,0.15755,0.273399994,1.057999969,0,0,0.116450001,0.291000009,0,0,0,0,215,214,8,38,1,0.013513514,1,7,0.496974949,0,0,0,2,0,2,0,100,"0,100"
0,0,0,0,0,0,0,0,0,0,0,0,0.072264999,0.426800013,0,0,0,0,0,0,0,0,0,0,0,0,0,0,0,0,0,0,0,0,0,0,0,0,0.0032515,0.02984,7.929999828,17.02500057,12.02000046,25.93999958,0,0,0,0,0.071170002,0.15755,0.273399994,1.057999969,0,0,0.116450001,0.291000009,0,0,0,0,216,215,8,39,0,0.044,1,7,0.625042073,0,0,0,11,11,0,100,0,"100,0"
6.980999947,11.55000019,0,0,0,0,0,0,0,0,0,0,0.072264999,0.426800013,0,0,0,0,0,0,0,0,0,0,0,0,0,0,0,0,0,0,0,0,0,0,0,0,0,0,7.929999828,17.02500057,25.93999958,49.54000092,0,0,0,0,0.071170002,0.15755,0.273399994,1.057999969,0,0,0.116450001,0.291000009,0,0,0,0,217,216,8,41,0,0.008,1,7,0.561564679,0,0,0,2,2,0,100,0,"100,0"
11.55000019,28.11000061,0,0,0,0,0,0,0,0,0,0,0.072264999,0.426800013,0,0,0,0,0,0,0,0,0,0,0,0,0,0,0,0,0,0,0,0,0,0,0,0,0,0,7.929999828,17.02500057,25.93999958,49.54000092,0,0,185.1999969,804.25,0.071170002,0.15755,0.273399994,1.057999969,0,0,0.116450001,0.291000009,0,0,0,0,218,217,8,43,1,0.033783784,1,8,0.58132652,0,0,0,5,0,5,0,100,"0,100"
11.55000019,28.11000061,0,0,0,0,0,0,0,0,0,0,0.072264999,0.426800013,0,0,0,0,0,0,0,0,0,0,0,0,0,0,0,0,0,0,0,0,0,0,0,0,0,0,7.929999828,17.02500057,25.93999958,49.54000092,0,0,804.26,4254,0.071170002,0.15755,0.273399994,1.057999969,0,0,0.116450001,0.291000009,0,0,0,0,219,218,8,44,0,0.004,1,8,0.668289812,0,0,0,1,1,0,100,0,"100,0"
0,0,0,0,0,0,0,0,0,0,0,0,0.072264999,0.426800013,0,0,0,0,0,0,0,0,0,0,0,0,0,0,0,0,0,0,0,0,0,0,0,0,0,0,7.929999828,17.02500057,0,0,0,0,0,0,0.15755,0.222599998,0,0,0,0.328349993,0.116450001,0.291000009,0,0,0,0,220,219,8,46,0,0.004,1,5,0.489178435,0,0,0,1,1,0,100,0,"100,0"
0,0,0,0,0,0,0,0,0,0,0,0,0.072264999,0.426800013,0,0,0,0,0,0,0,0,0,0,0,0,0,0,0,0,0,0,0,0,0,0,0,0,0,0,7.929999828,17.02500057,0,0,0,0,0,0,0.15755,0.222599998,0,0,0.328349993,1.251999974,0.116450001,0.291000009,0,0,0,0,221,220,8,47,1,0.081081081,1,5,0.584274282,0,0,0,12,0,12,0,100,"0,100"
0,0,0,0,0,0,0,0,0,0,0,0,0.072264999,0.426800013,0,0,0,0,0,0,0,0,0,0,0,0,0,0,0,0,0,0,0,0,0,0,0,0,0,0,17.02500057,36.04000092,0,0,0,0,0,0,0,0,0,0,0,0,0.116450001,0.291000009,0,0,0,0,222,221,8,48,1,0.736486486,1,3,0.702319891,0,0,0,109,0,109,0,100,"0,100"
0,0,0,0,0,0,143.5,694.5,0,0,0,0,0,0,0,0.051455,0,0,0,0,0,0,0.360199988,2.092000008,0,0,0,0,0,0,0,0,0,0,0,0,0,0,0,0,0,0,12.02000046,28.00500011,0,0,185.1999969,811.1000061,0,0,0,0,0,0,0,0,0,0,0,0,223,222,9,5,0,0.66,1,5,0.290413286,0,0,0,165,165,0,100,0,"100,0"
0,0,0,0,0,0,143.5,694.5,0,0,0,0,0,0,0,0.051455,0,0,0,0,0,0,0.360199988,2.092000008,0,0,0,0,0,0,0,0,0,0,0,0,0,0,0,0,0,0,12.02000046,28.00500011,0,0,811.1000061,816.0500183,0,0,0,0,0,0,0,0,0,0,0,0,224,223,9,7,1,0.006756757,1,5,0.259890773,0,0,0,1,0,1,0,100,"0,100"
0,0,0,0,0,0,143.5,694.5,0,0,0,0,0,0,0,0.051455,0,0,0,0,0,0,0.360199988,2.092000008,0,0,0,0,0,0,0,0,0,0,0,0,0,0,0,0,0,0,12.02000046,28.00500011,0,0,816.0500183,4254,0,0,0,0,0,0,0,0,0,0,0,0,225,224,9,8,0,0.036,1,5,0.428638312,0,0,0,9,9,0,100,0,"100,0"
0,0,0,0,0,0,143.5,694.5,0,0,0,0,0,0,0,0.051455,0,0,0,0,0,0,2.092000008,4.885000229,0,0,6.802000046,41.73999977,0,0,0,0,0,0,0,0,0,0,0,0,0,0,12.02000046,28.00500011,0,0,0,0,0,0,0,0,0,0,0,0,0,0,0,0,226,225,9,10,0,0.02,1,5,0.319604629,0,0,0,5,5,0,100,0,"100,0"
0,0,0,0,0,0,143.5,694.5,0,0,0,0,0,0,0,0.051455,0,0,0,0,0,0,2.092000008,4.885000229,0,0,41.73999977,542.2000122,0,0,0,0,0,0,0,0,0,0,0,0,0,0,12.02000046,28.00500011,0,0,0,0,0,0,0,0,0,0,0,0,0,0,0,0,227,226,9,11,1,0.006756757,1,5,0.49350218,0,0,0,1,0,1,0,100,"0,100"
6.980999947,15.15499973,0,0,0,0,694.6,2501,0,0,0,0,0,0,0,0.051455,0,0,0,0,0,0,0,0,0,0,0,0,0,0,0,0,0,0,0,0,0,0,0,0,0,0,12.02000046,28.00500011,0,0,0,0,0,0,0,0,0,0,0,0,0,0,0,0,228,227,9,13,1,0.013513514,1,4,0.458719259,0,0,0,2,0,2,0,100,"0,100"
15.15499973,28.11000061,0,0,0,0,694.6,2501,0,0,0,0,0,0,0,0.051455,0,0,0,0,0,0,0,0,0,0,0,0,0,0,0,0,0,0,0,0.006335,0,0,0,0,0,0,12.02000046,28.00500011,0,0,0,0,0,0,0,0,0,0,0,0,0,0,0,0,229,228,9,15,1,0.006756757,1,5,0.436231508,0,0,0,1,0,1,0,100,"0,100"
15.15499973,28.11000061,0,0,0,0,694.6,2501,0,0,0,0,0,0,0,0.051455,0,0,0,0,0,0,0,0,0,0,0,0,0,0,0,0,0,0,0.006335,0.052790001,0,0,0,0,0,0,12.02000046,28.00500011,0,0,0,0,0,0,0,0,0,0,0,0,0,0,0,0,230,229,9,16,0,0.016,1,5,0.588229993,0,0,0,4,4,0,100,0,"100,0"
0,0,0,0,0,0,0,0,0,0,0,0,0,0,0,0.051455,0,0,0,0,0.111500002,0.385849997,0,0,0,0,0,0,0,0,0,0,0,0,0,0,0.007882,0.011935,0,0,0,0,28.00500011,49.54000092,0,0,0,0,0,0,0,0,0,0,0,0,0,0,0,0,231,230,9,19,1,0.013513514,1,4,0.2465198,0,0,0,2,0,2,0,100,"0,100"
0,0,0,0,0,0,0,0,0,0,0,0,0,0,0,0.051455,0,0,0,0,0.111500002,0.385849997,0,0,0,0,0,0,0,0,0.002252,0.012025,0,0.012765,0,0,0.011935,0.078950003,0,0,0,0,28.00500011,49.54000092,0,0,0,0,0,0,0,0,0,0,0,0,0,0,0,0,232,231,9,22,0,0.04,1,6,0.329608966,0,0,0,10,10,0,100,0,"100,0"
0,0,0,0,0,0,0,0,0,0,0,0,0,0,0,0.051455,0,0,0,0,0.111500002,0.385849997,0,0,0,0,0,0,0,0,0.002252,0.012025,0.012765,0.395999998,0,0,0.011935,0.078950003,0,0,0,0,28.00500011,49.54000092,0,0,0,0,0,0,0,0,0,0,0,0,0,0,0,0,233,232,9,23,1,0.02027027,1,6,0.485530684,0,0,0,3,0,3,0,100,"0,100"
0,0,0,0,0,0,0,0,0,0,0,0,0,0,0,0.051455,0,0,0,0,0.111500002,0.385849997,0,0,0,0,0,0,0,0,0.012025,0.135399997,0,0,0,0,0.011935,0.078950003,0,0,0,0,28.00500011,49.54000092,0,0,0,0,0,0,0,0,0,0,0,0,0,0,0,0,234,233,9,24,0,0.136,1,5,0.559723976,0,0,0,34,34,0,100,0,"100,0"
0,0,0,0,0,0,0,0,0,0,0,0,0,0.033665,0,0.02804,0,0,0,0,0.385849997,2.872999907,0,0,0,0,0,0,0,0,0,0,0,0,0,0,0,0,0,0,0,0,28.00500011,49.54000092,0,0,0,0,0,0,0,0,0,0,0,0,0,0,0,0,235,234,9,27,0,0.016,1,4,0.423213477,0,0,0,4,4,0,100,0,"100,0"
0,0,0,0,0,0,0,0,0,0,0,0,0.033665,0.426800013,0,0.02804,0,0,0,0,0.385849997,2.872999907,0,0,0,0,0,0,0.001713,0.005137,0,0,0,0,0,0,0,0,0,0,0,0,28.00500011,49.54000092,0,0,0,0,0,0,0,0,0,0,0,0,0,0,0,0,236,235,9,29,0,0.004,1,5,0.530298762,0,0,0,1,1,0,100,0,"100,0"
0,0,0,0,0,0,0,0,0,0,0,0,0.033665,0.426800013,0,0.02804,0,0,0,0,0.385849997,2.872999907,0,0,0,0,0,0,0.005137,0.031129999,0,0,0,0,0,0,0,0,0,0,0,0,28.00500011,49.54000092,0,0,0,0,0,0,0,0,0,0,0,0,0,0,0,0,237,236,9,30,1,0.006756757,1,5,0.68374065,0,0,0,1,0,1,0,100,"0,100"
0,0,0,0,0,0,0,0,0,0,0,0,0,0,0.02804,0.051455,0,0,0,0,0.385849997,2.872999907,0,0,0,0,0,0,0,0,0,0,0,0,0,0,0,0,0,0,0,0,28.00500011,49.54000092,0,0,0,0,0,0,0,0,0,0,0,0,0,0,0,0,238,237,9,31,1,0.033783784,1,3,0.530329713,0,0,0,5,0,5,0,100,"0,100"
0,0,0,0,0,0,0,0,0,0,0,0,0,0,0.051455,0.201199993,0,0,0,0,0,0,0.360199988,0.826050013,0,0,6.802000046,30.72000122,0,0,0,0,0,0,0,0,0,0,0,0,7.929999828,17.02500057,12.02000046,27.88000011,0,0,0,0,0,0,0,0,0,0,0,0.160299994,0,0,0,0,239,238,9,37,0,0.02,1,6,0.364834145,0,0,0,5,5,0,100,0,"100,0"
0,0,0,0,0,0,0,0,0,0,0,0,0,0,0.051455,0.201199993,0,0,0,0,0,0,0.360199988,0.826050013,0,0,30.72000122,542.2000122,0,0,0,0,0,0,0,0,0,0,0,0,7.929999828,17.02500057,12.02000046,27.88000011,0,0,0,0,0,0,0,0,0,0,0,0.160299994,0,0,0,0,240,239,9,38,1,0.006756757,1,6,0.516609709,0,0,0,1,0,1,0,100,"0,100"
0,0,0,0,0,0,0,0,0,0,0,0,0,0,0.051455,0.201199993,0,0,0,0,0,0,0.826050013,4.885000229,0,0,0,0,0,0,0,0,0,0,0,0,0,0,0,0,7.929999828,17.02500057,12.02000046,27.88000011,0,0,0,0,0,0,0,0,0,0,0,0.160299994,0,0,0,0,241,240,9,39,0,0.044,1,5,0.587684379,0,0,0,11,11,0,100,0,"100,0"
0,0,0,0,0,0,0,0,0,0,0,0,0,0,0.051455,0.201199993,0,0,0,0,0,0,0,0,0,0,0,0,0,0,0,0,0,0,0,0,0,0,0,0,7.929999828,17.02500057,27.88000011,49.54000092,0,0,0,0,0,0,0,0,0,0,0,0.160299994,0,0,0,0,242,241,9,40,1,0.033783784,1,4,0.548990246,0,0,0,5,0,5,0,100,"0,100"
0,0,0,0,0,0,0,0,0,0,0,0,0,0,0.051455,0.201199993,0,0,0,0,0,0,0,0,0,0,6.802000046,13.4749999,0,0,0,0,0,0,0,0,0,0,0,0,7.929999828,17.02500057,0,0,0,0,0,0,0,0,0,0,0,0,0.160299994,0.291000009,0,0,0,0,243,242,9,42,0,0.004,1,4,0.382353586,0,0,0,1,1,0,100,0,"100,0"
0,0,0,0,0,0,0,0,0,0,0,0,0,0,0.051455,0.201199993,0,0,0,0,0,0,0,0,0,0,13.4749999,542.2000122,0,0,0,0,0,0,0,0,0,0,0,0,7.929999828,17.02500057,0,0,0,0,0,0,0,0,0,0,0,0,0.160299994,0.291000009,0,0,0,0,244,243,9,43,1,0.094594595,1,4,0.626121775,0,0,0,14,0,14,0,100,"0,100"
0,0,9.710000038,14.09500027,0,0,0,0,0.05263,0.110159997,0,0,0,0,0.051455,0.201199993,0,0,0,0,0,0,0,0,0,0,0,0,0,0,0,0,0,0,0,0,0,0,0,0,17.02500057,36.04000092,0,0,0,0,0,0,0,0,0,0,0,0,0,0,0,0,0,0,245,244,9,46,0,0.004,1,4,0.522091434,0,0,0,1,1,0,100,0,"100,0"
0,0,9.710000038,14.09500027,0,0,0,0,0.110159997,0.163399994,0,0,0,0,0.051455,0.201199993,0,0,0,0,0,0,0,0,0,0,0,0,0,0,0,0,0,0,0,0,0,0,0,0,17.02500057,36.04000092,0,0,0,0,0,0,0,0,0,0,0,0,0,0,0,0,0,0,246,245,9,47,1,0.006756757,1,4,0.51240921,0,0,0,1,0,1,0,100,"0,100"
0,0,14.09500027,39.27999878,0,0,0,0,0,0,0,0,0,0,0.051455,0.201199993,0,0,0,0,0,0,0,0,0,0,0,0,0,0,0,0,0,0,0,0,0,0,0,0,17.02500057,36.04000092,0,0,0,0,0,0,0,0,0,0,0,0,0,0,0,0,0,0,247,246,9,48,1,0.75,1,3,0.757472288,0,0,0,111,0,111,0,100,"0,100"