id,Instance,x,y,class,Pred_class,Matches,Pie,Mixnew
0,1,0.548511346,-0.113857425,Iris-setosa,Iris-setosa,Match,"97.05882352941177,2.9411764705882355,0.0","R1,R5,R9"
1,2,0.548511346,-0.113857425,Iris-setosa,Iris-setosa,Match,"97.05882352941177,2.9411764705882355,0.0","R1,R5,R9"
2,3,0.548511346,-0.113857425,Iris-setosa,Iris-setosa,Match,"97.05882352941177,2.9411764705882355,0.0","R1,R5,R9"
3,4,0.548511346,-0.113857424,Iris-setosa,Iris-setosa,Match,"97.05882352941177,2.9411764705882355,0.0","R1,R5,R9"
4,5,0.548511346,-0.113857425,Iris-setosa,Iris-setosa,Match,"97.05882352941177,2.9411764705882355,0.0","R1,R5,R9"
5,6,0.548511346,-0.113857425,Iris-setosa,Iris-setosa,Match,"97.05882352941177,2.9411764705882355,0.0","R1,R5,R9"
6,7,0.548511346,-0.113857425,Iris-setosa,Iris-setosa,Match,"97.05882352941177,2.9411764705882355,0.0","R1,R5,R9"
7,8,0.548511346,-0.113857425,Iris-setosa,Iris-setosa,Match,"97.05882352941177,2.9411764705882355,0.0","R1,R5,R9"
8,9,0.548511346,-0.113857425,Iris-setosa,Iris-setosa,Match,"97.05882352941177,2.9411764705882355,0.0","R1,R5,R9"
9,10,0.548511346,-0.113857425,Iris-setosa,Iris-setosa,Match,"97.05882352941177,2.9411764705882355,0.0","R1,R5,R9"
10,11,0.548511346,-0.113857425,Iris-setosa,Iris-setosa,Match,"97.05882352941177,2.9411764705882355,0.0","R1,R5,R9"
11,12,0.548511346,-0.113857425,Iris-setosa,Iris-setosa,Match,"97.05882352941177,2.9411764705882355,0.0","R1,R5,R9"
12,13,0.548511346,-0.113857425,Iris-setosa,Iris-setosa,Match,"97.05882352941177,2.9411764705882355,0.0","R1,R5,R9"
13,14,0.548511346,-0.113857425,Iris-setosa,Iris-setosa,Match,"97.05882352941177,2.9411764705882355,0.0","R1,R5,R9"
14,15,0.614061859,0.08978561,Iris-setosa,Iris-setosa,Match,"100.0,0.0,0.0","R1,R5,R11"
15,16,0.550248809,-0.313307749,Iris-setosa,Iris-setosa,Match,"100.0,0.0,0.0","R1,R5,R11"
16,17,0.548511346,-0.113857425,Iris-setosa,Iris-setosa,Match,"97.05882352941177,2.9411764705882355,0.0","R1,R5,R9"
17,18,0.548511346,-0.113857425,Iris-setosa,Iris-setosa,Match,"97.05882352941177,2.9411764705882355,0.0","R1,R5,R9"
18,19,0.614061591,0.089785847,Iris-setosa,Iris-setosa,Match,"100.0,0.0,0.0","R1,R5,R11"
19,20,0.548511346,-0.113857425,Iris-setosa,Iris-setosa,Match,"97.05882352941177,2.9411764705882355,0.0","R1,R5,R9"
20,21,0.548511346,-0.113857425,Iris-setosa,Iris-setosa,Match,"97.05882352941177,2.9411764705882355,0.0","R1,R5,R9"
21,22,0.548511346,-0.113857425,Iris-setosa,Iris-setosa,Match,"97.05882352941177,2.9411764705882355,0.0","R1,R5,R9"
22,23,0.548511346,-0.113857425,Iris-setosa,Iris-setosa,Match,"97.05882352941177,2.9411764705882355,0.0","R1,R5,R9"
23,24,0.548511346,-0.113857425,Iris-setosa,Iris-setosa,Match,"97.05882352941177,2.9411764705882355,0.0","R1,R5,R9"
24,25,0.548511346,-0.113857425,Iris-setosa,Iris-setosa,Match,"97.05882352941177,2.9411764705882355,0.0","R1,R5,R9"
25,26,0.548511346,-0.113857425,Iris-setosa,Iris-setosa,Match,"97.05882352941177,2.9411764705882355,0.0","R1,R5,R9"
26,27,0.548511346,-0.113857425,Iris-setosa,Iris-setosa,Match,"97.05882352941177,2.9411764705882355,0.0","R1,R5,R9"
27,28,0.548511346,-0.113857425,Iris-setosa,Iris-setosa,Match,"97.05882352941177,2.9411764705882355,0.0","R1,R5,R9"
28,29,0.548511346,-0.113857425,Iris-setosa,Iris-setosa,Match,"97.05882352941177,2.9411764705882355,0.0","R1,R5,R9"
29,30,0.548511346,-0.113857425,Iris-setosa,Iris-setosa,Match,"97.05882352941177,2.9411764705882355,0.0","R1,R5,R9"
30,31,0.548511346,-0.113857425,Iris-setosa,Iris-setosa,Match,"97.05882352941177,2.9411764705882355,0.0","R1,R5,R9"
31,32,0.548511346,-0.113857425,Iris-setosa,Iris-setosa,Match,"97.05882352941177,2.9411764705882355,0.0","R1,R5,R9"
32,33,0.548511346,-0.113857425,Iris-setosa,Iris-setosa,Match,"97.05882352941177,2.9411764705882355,0.0","R1,R5,R9"
33,34,0.550259608,-0.313302484,Iris-setosa,Iris-setosa,Match,"100.0,0.0,0.0","R1,R5,R11"
34,35,0.548511346,-0.113857425,Iris-setosa,Iris-setosa,Match,"97.05882352941177,2.9411764705882355,0.0","R1,R5,R9"
35,36,0.548511346,-0.113857425,Iris-setosa,Iris-setosa,Match,"97.05882352941177,2.9411764705882355,0.0","R1,R5,R9"
36,37,0.550250639,-0.313306857,Iris-setosa,Iris-setosa,Match,"100.0,0.0,0.0","R1,R5,R11"
37,38,0.548511346,-0.113857425,Iris-setosa,Iris-setosa,Match,"97.05882352941177,2.9411764705882355,0.0","R1,R5,R9"
38,39,0.548511346,-0.113857425,Iris-setosa,Iris-setosa,Match,"97.05882352941177,2.9411764705882355,0.0","R1,R5,R9"
39,40,0.548511346,-0.113857425,Iris-setosa,Iris-setosa,Match,"97.05882352941177,2.9411764705882355,0.0","R1,R5,R9"
40,41,0.548511346,-0.113857425,Iris-setosa,Iris-setosa,Match,"97.05882352941177,2.9411764705882355,0.0","R1,R5,R9"
41,42,0.548511346,-0.113857425,Iris-setosa,Iris-setosa,Match,"97.05882352941177,2.9411764705882355,0.0","R1,R5,R9"
42,43,0.548511346,-0.113857425,Iris-setosa,Iris-setosa,Match,"97.05882352941177,2.9411764705882355,0.0","R1,R5,R9"
43,44,0.548511346,-0.113857425,Iris-setosa,Iris-setosa,Match,"97.05882352941177,2.9411764705882355,0.0","R1,R5,R9"
44,45,0.548511346,-0.113857425,Iris-setosa,Iris-setosa,Match,"97.05882352941177,2.9411764705882355,0.0","R1,R5,R9"
45,46,0.548511346,-0.113857425,Iris-setosa,Iris-setosa,Match,"97.05882352941177,2.9411764705882355,0.0","R1,R5,R9"
46,47,0.548511346,-0.113857425,Iris-setosa,Iris-setosa,Match,"97.05882352941177,2.9411764705882355,0.0","R1,R5,R9"
47,48,0.548511346,-0.113857425,Iris-setosa,Iris-setosa,Match,"97.05882352941177,2.9411764705882355,0.0","R1,R5,R9"
48,49,0.548511346,-0.113857425,Iris-setosa,Iris-setosa,Match,"97.05882352941177,2.9411764705882355,0.0","R1,R5,R9"
49,50,0.548511346,-0.113857425,Iris-setosa,Iris-setosa,Match,"97.05882352941177,2.9411764705882355,0.0","R1,R5,R9"
50,51,-0.364167302,-0.5057825,Iris-versicolor,Iris-versicolor,Match,"0.0,91.50326797385621,8.496732026143789","R3,R6,R10"
51,52,-0.364175757,-0.505779478,Iris-versicolor,Iris-versicolor,Match,"0.0,91.50326797385621,8.496732026143789","R3,R6,R10"
52,53,-0.212380841,-0.666794561,Iris-versicolor,Iris-versicolor,Match,"0.0,71.50326797385621,28.49673202614379","R3,R7,R10"
53,54,-0.454264092,-0.284543054,Iris-versicolor,Iris-versicolor,Match,"0.0,89.7671568627451,10.232843137254903","R2,R6,R10"
54,55,-0.364155747,-0.505786629,Iris-versicolor,Iris-versicolor,Match,"0.0,91.50326797385621,8.496732026143789","R3,R6,R10"
55,56,-0.454264085,-0.28454306,Iris-versicolor,Iris-versicolor,Match,"0.0,89.7671568627451,10.232843137254903","R2,R6,R10"
56,57,-0.364172101,-0.505780785,Iris-versicolor,Iris-versicolor,Match,"0.0,91.50326797385621,8.496732026143789","R3,R6,R10"
57,58,-0.058793896,-0.279212854,Iris-versicolor,Iris-versicolor,Match,"30.392156862745097,62.31617647058824,7.291666666666667","R2,R6,R9"
58,59,-0.364139717,-0.505792351,Iris-versicolor,Iris-versicolor,Match,"0.0,91.50326797385621,8.496732026143789","R3,R6,R10"
59,60,-0.058787435,-0.279223964,Iris-versicolor,Iris-versicolor,Match,"30.392156862745097,62.31617647058824,7.291666666666667","R2,R6,R9"
60,61,-0.05881151,-0.279182572,Iris-versicolor,Iris-versicolor,Match,"30.392156862745097,62.31617647058824,7.291666666666667","R2,R6,R9"
61,62,-0.454264086,-0.284543059,Iris-versicolor,Iris-versicolor,Match,"0.0,89.7671568627451,10.232843137254903","R2,R6,R10"
62,63,-0.45426409,-0.284543057,Iris-versicolor,Iris-versicolor,Match,"0.0,89.7671568627451,10.232843137254903","R2,R6,R10"
63,64,-0.45426409,-0.284543056,Iris-versicolor,Iris-versicolor,Match,"0.0,89.7671568627451,10.232843137254903","R2,R6,R10"
64,65,-0.454264089,-0.284543057,Iris-versicolor,Iris-versicolor,Match,"0.0,89.7671568627451,10.232843137254903","R2,R6,R10"
65,66,-0.364159023,-0.505785458,Iris-versicolor,Iris-versicolor,Match,"0.0,91.50326797385621,8.496732026143789","R3,R6,R10"
66,67,-0.454264092,-0.284543055,Iris-versicolor,Iris-versicolor,Match,"0.0,89.7671568627451,10.232843137254903","R2,R6,R10"
67,68,-0.454264092,-0.284543054,Iris-versicolor,Iris-versicolor,Match,"0.0,89.7671568627451,10.232843137254903","R2,R6,R10"
68,69,-0.364154767,-0.505786979,Iris-versicolor,Iris-versicolor,Match,"0.0,91.50326797385621,8.496732026143789","R3,R6,R10"
69,70,-0.454264044,-0.284543096,Iris-versicolor,Iris-versicolor,Match,"0.0,89.7671568627451,10.232843137254903","R2,R6,R10"
70,71,-0.33025409,0.374120497,Iris-versicolor,Iris-virginica,NonMatch,"0.0,28.061868686868685,71.93813131313132","R2,R8,R12"
71,72,-0.454264069,-0.284543074,Iris-versicolor,Iris-versicolor,Match,"0.0,89.7671568627451,10.232843137254903","R2,R6,R10"
72,73,-0.212226595,-0.66680675,Iris-versicolor,Iris-versicolor,Match,"0.0,71.50326797385621,28.49673202614379","R3,R7,R10"
73,74,-0.454264078,-0.284543066,Iris-versicolor,Iris-versicolor,Match,"0.0,89.7671568627451,10.232843137254903","R2,R6,R10"
74,75,-0.364161957,-0.505784409,Iris-versicolor,Iris-versicolor,Match,"0.0,91.50326797385621,8.496732026143789","R3,R6,R10"
75,76,-0.364154606,-0.505787036,Iris-versicolor,Iris-versicolor,Match,"0.0,91.50326797385621,8.496732026143789","R3,R6,R10"
76,77,-0.364137559,-0.505793111,Iris-versicolor,Iris-versicolor,Match,"0.0,91.50326797385621,8.496732026143789","R3,R6,R10"
77,78,-0.212292003,-0.666801579,Iris-versicolor,Iris-versicolor,Match,"0.0,71.50326797385621,28.49673202614379","R3,R7,R10"
78,79,-0.45426409,-0.284543056,Iris-versicolor,Iris-versicolor,Match,"0.0,89.7671568627451,10.232843137254903","R2,R6,R10"
79,80,-0.454264092,-0.284543054,Iris-versicolor,Iris-versicolor,Match,"0.0,89.7671568627451,10.232843137254903","R2,R6,R10"
80,81,-0.454264089,-0.284543057,Iris-versicolor,Iris-versicolor,Match,"0.0,89.7671568627451,10.232843137254903","R2,R6,R10"
81,82,-0.454264085,-0.28454306,Iris-versicolor,Iris-versicolor,Match,"0.0,89.7671568627451,10.232843137254903","R2,R6,R10"
82,83,-0.454264092,-0.284543055,Iris-versicolor,Iris-versicolor,Match,"0.0,89.7671568627451,10.232843137254903","R2,R6,R10"
83,84,-0.584352133,-0.146170858,Iris-versicolor,Iris-versicolor,Match,"0.0,69.7671568627451,30.2328431372549","R2,R7,R10"
84,85,-0.058783453,-0.279230811,Iris-versicolor,Iris-versicolor,Match,"30.392156862745097,62.31617647058824,7.291666666666667","R2,R6,R9"
85,86,-0.454264091,-0.284543055,Iris-versicolor,Iris-versicolor,Match,"0.0,89.7671568627451,10.232843137254903","R2,R6,R10"
86,87,-0.364175779,-0.50577947,Iris-versicolor,Iris-versicolor,Match,"0.0,91.50326797385621,8.496732026143789","R3,R6,R10"
87,88,-0.364163151,-0.505783983,Iris-versicolor,Iris-versicolor,Match,"0.0,91.50326797385621,8.496732026143789","R3,R6,R10"
88,89,-0.454264071,-0.284543072,Iris-versicolor,Iris-versicolor,Match,"0.0,89.7671568627451,10.232843137254903","R2,R6,R10"
89,90,-0.454264077,-0.284543067,Iris-versicolor,Iris-versicolor,Match,"0.0,89.7671568627451,10.232843137254903","R2,R6,R10"
90,91,-0.454264091,-0.284543055,Iris-versicolor,Iris-versicolor,Match,"0.0,89.7671568627451,10.232843137254903","R2,R6,R10"
91,92,-0.454264084,-0.284543061,Iris-versicolor,Iris-versicolor,Match,"0.0,89.7671568627451,10.232843137254903","R2,R6,R10"
92,93,-0.454264087,-0.284543059,Iris-versicolor,Iris-versicolor,Match,"0.0,89.7671568627451,10.232843137254903","R2,R6,R10"
93,94,-0.058796293,-0.279208733,Iris-versicolor,Iris-versicolor,Match,"30.392156862745097,62.31617647058824,7.291666666666667","R2,R6,R9"
94,95,-0.454264091,-0.284543055,Iris-versicolor,Iris-versicolor,Match,"0.0,89.7671568627451,10.232843137254903","R2,R6,R10"
95,96,-0.454264092,-0.284543054,Iris-versicolor,Iris-versicolor,Match,"0.0,89.7671568627451,10.232843137254903","R2,R6,R10"
96,97,-0.454264092,-0.284543054,Iris-versicolor,Iris-versicolor,Match,"0.0,89.7671568627451,10.232843137254903","R2,R6,R10"
97,98,-0.364160991,-0.505784755,Iris-versicolor,Iris-versicolor,Match,"0.0,91.50326797385621,8.496732026143789","R3,R6,R10"
98,99,-0.058784182,-0.279229557,Iris-versicolor,Iris-versicolor,Match,"30.392156862745097,62.31617647058824,7.291666666666667","R2,R6,R9"
99,100,-0.454264091,-0.284543056,Iris-versicolor,Iris-versicolor,Match,"0.0,89.7671568627451,10.232843137254903","R2,R6,R10"
100,101,-0.129973152,0.600406318,Iris-virginica,Iris-virginica,Match,"0.0,2.0202020202020203,97.97979797979798","R4,R8,R12"
101,102,-0.330254023,0.37412049,Iris-virginica,Iris-virginica,Match,"0.0,28.061868686868685,71.93813131313132","R2,R8,R12"
102,103,-0.129973192,0.600406312,Iris-virginica,Iris-virginica,Match,"0.0,2.0202020202020203,97.97979797979798","R4,R8,R12"
103,104,-0.129973198,0.600406311,Iris-virginica,Iris-virginica,Match,"0.0,2.0202020202020203,97.97979797979798","R4,R8,R12"
104,105,-0.129973117,0.600406324,Iris-virginica,Iris-virginica,Match,"0.0,2.0202020202020203,97.97979797979798","R4,R8,R12"
105,106,-0.129973109,0.600406325,Iris-virginica,Iris-virginica,Match,"0.0,2.0202020202020203,97.97979797979798","R4,R8,R12"
106,107,-0.058786413,-0.279225722,Iris-virginica,Iris-versicolor,NonMatch,"30.392156862745097,62.31617647058824,7.291666666666667","R2,R6,R9"
107,108,-0.129973121,0.600406323,Iris-virginica,Iris-virginica,Match,"0.0,2.0202020202020203,97.97979797979798","R4,R8,R12"
108,109,-0.129973103,0.600406326,Iris-virginica,Iris-virginica,Match,"0.0,2.0202020202020203,97.97979797979798","R4,R8,R12"
109,110,-0.129973164,0.600406316,Iris-virginica,Iris-virginica,Match,"0.0,2.0202020202020203,97.97979797979798","R4,R8,R12"
110,111,-0.129973099,0.600406327,Iris-virginica,Iris-virginica,Match,"0.0,2.0202020202020203,97.97979797979798","R4,R8,R12"
111,112,-0.129973157,0.600406318,Iris-virginica,Iris-virginica,Match,"0.0,2.0202020202020203,97.97979797979798","R4,R8,R12"
112,113,-0.129973108,0.600406325,Iris-virginica,Iris-virginica,Match,"0.0,2.0202020202020203,97.97979797979798","R4,R8,R12"
113,114,-0.330254325,0.374120523,Iris-virginica,Iris-virginica,Match,"0.0,28.061868686868685,71.93813131313132","R2,R8,R12"
114,115,-0.330253781,0.374120463,Iris-virginica,Iris-virginica,Match,"0.0,28.061868686868685,71.93813131313132","R2,R8,R12"
115,116,-0.129973164,0.600406316,Iris-virginica,Iris-virginica,Match,"0.0,2.0202020202020203,97.97979797979798","R4,R8,R12"
116,117,-0.12997312,0.600406323,Iris-virginica,Iris-virginica,Match,"0.0,2.0202020202020203,97.97979797979798","R4,R8,R12"
117,118,-0.129973117,0.600406324,Iris-virginica,Iris-virginica,Match,"0.0,2.0202020202020203,97.97979797979798","R4,R8,R12"
118,119,-0.129973096,0.600406327,Iris-virginica,Iris-virginica,Match,"0.0,2.0202020202020203,97.97979797979798","R4,R8,R12"
119,120,-0.584366411,-0.146185992,Iris-virginica,Iris-versicolor,NonMatch,"0.0,69.7671568627451,30.2328431372549","R2,R7,R10"
120,121,-0.129973113,0.600406324,Iris-virginica,Iris-virginica,Match,"0.0,2.0202020202020203,97.97979797979798","R4,R8,R12"
121,122,-0.330242729,0.374119254,Iris-virginica,Iris-virginica,Match,"0.0,28.061868686868685,71.93813131313132","R2,R8,R12"
122,123,-0.129973113,0.600406324,Iris-virginica,Iris-virginica,Match,"0.0,2.0202020202020203,97.97979797979798","R4,R8,R12"
123,124,-0.12997315,0.600406319,Iris-virginica,Iris-virginica,Match,"0.0,2.0202020202020203,97.97979797979798","R4,R8,R12"
124,125,-0.129973142,0.60040632,Iris-virginica,Iris-virginica,Match,"0.0,2.0202020202020203,97.97979797979798","R4,R8,R12"
125,126,-0.129973167,0.600406316,Iris-virginica,Iris-virginica,Match,"0.0,2.0202020202020203,97.97979797979798","R4,R8,R12"
126,127,-0.129973148,0.600406319,Iris-virginica,Iris-virginica,Match,"0.0,2.0202020202020203,97.97979797979798","R4,R8,R12"
127,128,-0.330252669,0.374120342,Iris-virginica,Iris-virginica,Match,"0.0,28.061868686868685,71.93813131313132","R2,R8,R12"
128,129,-0.129973145,0.600406319,Iris-virginica,Iris-virginica,Match,"0.0,2.0202020202020203,97.97979797979798","R4,R8,R12"
129,130,-0.221175753,-0.664032203,Iris-virginica,Iris-versicolor,NonMatch,"0.0,71.50326797385621,28.49673202614379","R3,R7,R10"
130,131,-0.129973108,0.600406325,Iris-virginica,Iris-virginica,Match,"0.0,2.0202020202020203,97.97979797979798","R4,R8,R12"
131,132,-0.129973123,0.600406323,Iris-virginica,Iris-virginica,Match,"0.0,2.0202020202020203,97.97979797979798","R4,R8,R12"
132,133,-0.129973213,0.600406309,Iris-virginica,Iris-virginica,Match,"0.0,2.0202020202020203,97.97979797979798","R4,R8,R12"
133,134,-0.212505613,-0.666784716,Iris-virginica,Iris-versicolor,NonMatch,"0.0,71.50326797385621,28.49673202614379","R3,R7,R10"
134,135,-0.584843598,-0.1467678,Iris-virginica,Iris-versicolor,NonMatch,"0.0,69.7671568627451,30.2328431372549","R2,R7,R10"
135,136,-0.129973197,0.600406311,Iris-virginica,Iris-virginica,Match,"0.0,2.0202020202020203,97.97979797979798","R4,R8,R12"
136,137,-0.129973146,0.600406319,Iris-virginica,Iris-virginica,Match,"0.0,2.0202020202020203,97.97979797979798","R4,R8,R12"
137,138,-0.12997316,0.600406317,Iris-virginica,Iris-virginica,Match,"0.0,2.0202020202020203,97.97979797979798","R4,R8,R12"
138,139,-0.330247261,0.37411975,Iris-virginica,Iris-virginica,Match,"0.0,28.061868686868685,71.93813131313132","R2,R8,R12"
139,140,-0.129973202,0.60040631,Iris-virginica,Iris-virginica,Match,"0.0,2.0202020202020203,97.97979797979798","R4,R8,R12"
140,141,-0.12997318,0.600406314,Iris-virginica,Iris-virginica,Match,"0.0,2.0202020202020203,97.97979797979798","R4,R8,R12"
141,142,-0.129973203,0.60040631,Iris-virginica,Iris-virginica,Match,"0.0,2.0202020202020203,97.97979797979798","R4,R8,R12"
142,143,-0.330254509,0.374120543,Iris-virginica,Iris-virginica,Match,"0.0,28.061868686868685,71.93813131313132","R2,R8,R12"
143,144,-0.129973168,0.600406316,Iris-virginica,Iris-virginica,Match,"0.0,2.0202020202020203,97.97979797979798","R4,R8,R12"
144,145,-0.129973082,0.600406329,Iris-virginica,Iris-virginica,Match,"0.0,2.0202020202020203,97.97979797979798","R4,R8,R12"
145,146,-0.129973109,0.600406325,Iris-virginica,Iris-virginica,Match,"0.0,2.0202020202020203,97.97979797979798","R4,R8,R12"
146,147,-0.129973142,0.60040632,Iris-virginica,Iris-virginica,Match,"0.0,2.0202020202020203,97.97979797979798","R4,R8,R12"
147,148,-0.129973147,0.600406319,Iris-virginica,Iris-virginica,Match,"0.0,2.0202020202020203,97.97979797979798","R4,R8,R12"
148,149,-0.129973128,0.600406322,Iris-virginica,Iris-virginica,Match,"0.0,2.0202020202020203,97.97979797979798","R4,R8,R12"
149,150,-0.330242579,0.374119238,Iris-virginica,Iris-virginica,Match,"0.0,28.061868686868685,71.93813131313132","R2,R8,R12"
150,151,-0.537051927,-0.619015079,dummy,dummy,Match,,
151,152,-0.537051927,-0.571223408,dummy,dummy,Match,,
152,153,-0.537051927,-0.523431738,dummy,dummy,Match,,
153,154,-0.537051927,-0.475640067,dummy,dummy,Match,,
154,155,-0.537051927,-0.427848396,dummy,dummy,Match,,
155,156,-0.537051927,-0.380056725,dummy,dummy,Match,,
156,157,-0.537051927,-0.332265055,dummy,dummy,Match,,
157,158,-0.537051927,-0.284473384,dummy,dummy,Match,,
158,159,-0.537051927,-0.236681713,dummy,dummy,Match,,
159,160,-0.537051927,-0.188890043,dummy,dummy,Match,,
160,161,-0.537051927,-0.093306701,dummy,dummy,Match,,
161,162,-0.537051927,-0.04551503,dummy,dummy,Match,,
162,163,-0.537051927,0.00227664,dummy,dummy,Match,,
163,164,-0.537051927,0.050068311,dummy,dummy,Match,,
164,165,-0.537051927,0.097859982,dummy,dummy,Match,,
165,166,-0.537051927,0.145651653,dummy,dummy,Match,,
166,167,-0.537051927,0.193443323,dummy,dummy,Match,,
167,168,-0.537051927,0.241234994,dummy,dummy,Match,,
168,169,-0.537051927,0.289026665,dummy,dummy,Match,,
169,170,-0.537051927,0.336818335,dummy,dummy,Match,,
170,171,-0.537051927,0.384610006,dummy,dummy,Match,,
171,172,-0.537051927,0.432401677,dummy,dummy,Match,,
172,173,-0.537051927,0.480193348,dummy,dummy,Match,,
173,174,-0.537051927,0.527985018,dummy,dummy,Match,,
174,175,-0.537051927,0.575776689,dummy,dummy,Match,,
175,176,-0.489260256,-0.619015079,dummy,dummy,Match,,
176,177,-0.489260256,-0.571223408,dummy,dummy,Match,,
177,178,-0.489260256,-0.523431738,dummy,dummy,Match,,
178,179,-0.489260256,-0.475640067,dummy,dummy,Match,,
179,180,-0.489260256,-0.427848396,dummy,dummy,Match,,
180,181,-0.489260256,-0.380056725,dummy,dummy,Match,,
181,182,-0.489260256,-0.332265055,dummy,dummy,Match,,
182,183,-0.489260256,-0.236681713,dummy,dummy,Match,,
183,184,-0.489260256,-0.188890043,dummy,dummy,Match,,
184,185,-0.489260256,-0.141098372,dummy,dummy,Match,,
185,186,-0.489260256,-0.093306701,dummy,dummy,Match,,
186,187,-0.489260256,-0.04551503,dummy,dummy,Match,,
187,188,-0.489260256,0.00227664,dummy,dummy,Match,,
188,189,-0.489260256,0.050068311,dummy,dummy,Match,,
189,190,-0.489260256,0.097859982,dummy,dummy,Match,,
190,191,-0.489260256,0.145651653,dummy,dummy,Match,,
191,192,-0.489260256,0.193443323,dummy,dummy,Match,,
192,193,-0.489260256,0.241234994,dummy,dummy,Match,,
193,194,-0.489260256,0.289026665,dummy,dummy,Match,,
194,195,-0.489260256,0.336818335,dummy,dummy,Match,,
195,196,-0.489260256,0.384610006,dummy,dummy,Match,,
196,197,-0.489260256,0.432401677,dummy,dummy,Match,,
197,198,-0.489260256,0.480193348,dummy,dummy,Match,,
198,199,-0.489260256,0.527985018,dummy,dummy,Match,,
199,200,-0.489260256,0.575776689,dummy,dummy,Match,,
200,201,-0.441468586,-0.619015079,dummy,dummy,Match,,
201,202,-0.441468586,-0.571223408,dummy,dummy,Match,,
202,203,-0.441468586,-0.523431738,dummy,dummy,Match,,
203,204,-0.441468586,-0.475640067,dummy,dummy,Match,,
204,205,-0.441468586,-0.427848396,dummy,dummy,Match,,
205,206,-0.441468586,-0.380056725,dummy,dummy,Match,,
206,207,-0.441468586,-0.332265055,dummy,dummy,Match,,
207,208,-0.441468586,-0.236681713,dummy,dummy,Match,,
208,209,-0.441468586,-0.188890043,dummy,dummy,Match,,
209,210,-0.441468586,-0.141098372,dummy,dummy,Match,,
210,211,-0.441468586,-0.093306701,dummy,dummy,Match,,
211,212,-0.441468586,-0.04551503,dummy,dummy,Match,,
212,213,-0.441468586,0.00227664,dummy,dummy,Match,,
213,214,-0.441468586,0.050068311,dummy,dummy,Match,,
214,215,-0.441468586,0.097859982,dummy,dummy,Match,,
215,216,-0.441468586,0.145651653,dummy,dummy,Match,,
216,217,-0.441468586,0.193443323,dummy,dummy,Match,,
217,218,-0.441468586,0.241234994,dummy,dummy,Match,,
218,219,-0.441468586,0.289026665,dummy,dummy,Match,,
219,220,-0.441468586,0.336818335,dummy,dummy,Match,,
220,221,-0.441468586,0.384610006,dummy,dummy,Match,,
221,222,-0.441468586,0.432401677,dummy,dummy,Match,,
222,223,-0.441468586,0.480193348,dummy,dummy,Match,,
223,224,-0.441468586,0.527985018,dummy,dummy,Match,,
224,225,-0.441468586,0.575776689,dummy,dummy,Match,,
225,226,-0.393676915,-0.619015079,dummy,dummy,Match,,
226,227,-0.393676915,-0.571223408,dummy,dummy,Match,,
227,228,-0.393676915,-0.427848396,dummy,dummy,Match,,
228,229,-0.393676915,-0.380056725,dummy,dummy,Match,,
229,230,-0.393676915,-0.332265055,dummy,dummy,Match,,
230,231,-0.393676915,-0.284473384,dummy,dummy,Match,,
231,232,-0.393676915,-0.236681713,dummy,dummy,Match,,
232,233,-0.393676915,-0.188890043,dummy,dummy,Match,,
233,234,-0.393676915,-0.141098372,dummy,dummy,Match,,
234,235,-0.393676915,-0.093306701,dummy,dummy,Match,,
235,236,-0.393676915,-0.04551503,dummy,dummy,Match,,
236,237,-0.393676915,0.00227664,dummy,dummy,Match,,
237,238,-0.393676915,0.050068311,dummy,dummy,Match,,
238,239,-0.393676915,0.097859982,dummy,dummy,Match,,
239,240,-0.393676915,0.145651653,dummy,dummy,Match,,
240,241,-0.393676915,0.193443323,dummy,dummy,Match,,
241,242,-0.393676915,0.241234994,dummy,dummy,Match,,
242,243,-0.393676915,0.289026665,dummy,dummy,Match,,
243,244,-0.393676915,0.336818335,dummy,dummy,Match,,
244,245,-0.393676915,0.384610006,dummy,dummy,Match,,
245,246,-0.393676915,0.432401677,dummy,dummy,Match,,
246,247,-0.393676915,0.480193348,dummy,dummy,Match,,
247,248,-0.393676915,0.527985018,dummy,dummy,Match,,
248,249,-0.393676915,0.575776689,dummy,dummy,Match,,
249,250,-0.345885244,-0.619015079,dummy,dummy,Match,,
250,251,-0.345885244,-0.571223408,dummy,dummy,Match,,
251,252,-0.345885244,-0.427848396,dummy,dummy,Match,,
252,253,-0.345885244,-0.380056725,dummy,dummy,Match,,
253,254,-0.345885244,-0.332265055,dummy,dummy,Match,,
254,255,-0.345885244,-0.284473384,dummy,dummy,Match,,
255,256,-0.345885244,-0.236681713,dummy,dummy,Match,,
256,257,-0.345885244,-0.188890043,dummy,dummy,Match,,
257,258,-0.345885244,-0.141098372,dummy,dummy,Match,,
258,259,-0.345885244,-0.093306701,dummy,dummy,Match,,
259,260,-0.345885244,-0.04551503,dummy,dummy,Match,,
260,261,-0.345885244,0.00227664,dummy,dummy,Match,,
261,262,-0.345885244,0.050068311,dummy,dummy,Match,,
262,263,-0.345885244,0.097859982,dummy,dummy,Match,,
263,264,-0.345885244,0.145651653,dummy,dummy,Match,,
264,265,-0.345885244,0.193443323,dummy,dummy,Match,,
265,266,-0.345885244,0.241234994,dummy,dummy,Match,,
266,267,-0.345885244,0.289026665,dummy,dummy,Match,,
267,268,-0.345885244,0.432401677,dummy,dummy,Match,,
268,269,-0.345885244,0.480193348,dummy,dummy,Match,,
269,270,-0.345885244,0.527985018,dummy,dummy,Match,,
270,271,-0.345885244,0.575776689,dummy,dummy,Match,,
271,272,-0.298093573,-0.619015079,dummy,dummy,Match,,
272,273,-0.298093573,-0.571223408,dummy,dummy,Match,,
273,274,-0.298093573,-0.523431738,dummy,dummy,Match,,
274,275,-0.298093573,-0.475640067,dummy,dummy,Match,,
275,276,-0.298093573,-0.427848396,dummy,dummy,Match,,
276,277,-0.298093573,-0.380056725,dummy,dummy,Match,,
277,278,-0.298093573,-0.332265055,dummy,dummy,Match,,
278,279,-0.298093573,-0.284473384,dummy,dummy,Match,,
279,280,-0.298093573,-0.236681713,dummy,dummy,Match,,
280,281,-0.298093573,-0.188890043,dummy,dummy,Match,,
281,282,-0.298093573,-0.141098372,dummy,dummy,Match,,
282,283,-0.298093573,-0.093306701,dummy,dummy,Match,,
283,284,-0.298093573,-0.04551503,dummy,dummy,Match,,
284,285,-0.298093573,0.00227664,dummy,dummy,Match,,
285,286,-0.298093573,0.050068311,dummy,dummy,Match,,
286,287,-0.298093573,0.097859982,dummy,dummy,Match,,
287,288,-0.298093573,0.145651653,dummy,dummy,Match,,
288,289,-0.298093573,0.193443323,dummy,dummy,Match,,
289,290,-0.298093573,0.241234994,dummy,dummy,Match,,
290,291,-0.298093573,0.289026665,dummy,dummy,Match,,
291,292,-0.298093573,0.336818335,dummy,dummy,Match,,
292,293,-0.298093573,0.432401677,dummy,dummy,Match,,
293,294,-0.298093573,0.480193348,dummy,dummy,Match,,
294,295,-0.298093573,0.527985018,dummy,dummy,Match,,
295,296,-0.298093573,0.575776689,dummy,dummy,Match,,
296,297,-0.250301903,-0.619015079,dummy,dummy,Match,,
297,298,-0.250301903,-0.571223408,dummy,dummy,Match,,
298,299,-0.250301903,-0.523431738,dummy,dummy,Match,,
299,300,-0.250301903,-0.475640067,dummy,dummy,Match,,
300,301,-0.250301903,-0.427848396,dummy,dummy,Match,,
301,302,-0.250301903,-0.380056725,dummy,dummy,Match,,
302,303,-0.250301903,-0.332265055,dummy,dummy,Match,,
303,304,-0.250301903,-0.284473384,dummy,dummy,Match,,
304,305,-0.250301903,-0.236681713,dummy,dummy,Match,,
305,306,-0.250301903,-0.188890043,dummy,dummy,Match,,
306,307,-0.250301903,-0.141098372,dummy,dummy,Match,,
307,308,-0.250301903,-0.093306701,dummy,dummy,Match,,
308,309,-0.250301903,-0.04551503,dummy,dummy,Match,,
309,310,-0.250301903,0.00227664,dummy,dummy,Match,,
310,311,-0.250301903,0.050068311,dummy,dummy,Match,,
311,312,-0.250301903,0.097859982,dummy,dummy,Match,,
312,313,-0.250301903,0.145651653,dummy,dummy,Match,,
313,314,-0.250301903,0.193443323,dummy,dummy,Match,,
314,315,-0.250301903,0.241234994,dummy,dummy,Match,,
315,316,-0.250301903,0.289026665,dummy,dummy,Match,,
316,317,-0.250301903,0.336818335,dummy,dummy,Match,,
317,318,-0.250301903,0.384610006,dummy,dummy,Match,,
318,319,-0.250301903,0.432401677,dummy,dummy,Match,,
319,320,-0.250301903,0.480193348,dummy,dummy,Match,,
320,321,-0.250301903,0.527985018,dummy,dummy,Match,,
321,322,-0.250301903,0.575776689,dummy,dummy,Match,,
322,323,-0.202510232,-0.619015079,dummy,dummy,Match,,
323,324,-0.202510232,-0.571223408,dummy,dummy,Match,,
324,325,-0.202510232,-0.523431738,dummy,dummy,Match,,
325,326,-0.202510232,-0.475640067,dummy,dummy,Match,,
326,327,-0.202510232,-0.427848396,dummy,dummy,Match,,
327,328,-0.202510232,-0.380056725,dummy,dummy,Match,,
328,329,-0.202510232,-0.332265055,dummy,dummy,Match,,
329,330,-0.202510232,-0.284473384,dummy,dummy,Match,,
330,331,-0.202510232,-0.236681713,dummy,dummy,Match,,
331,332,-0.202510232,-0.188890043,dummy,dummy,Match,,
332,333,-0.202510232,-0.141098372,dummy,dummy,Match,,
333,334,-0.202510232,-0.093306701,dummy,dummy,Match,,
334,335,-0.202510232,-0.04551503,dummy,dummy,Match,,
335,336,-0.202510232,0.00227664,dummy,dummy,Match,,
336,337,-0.202510232,0.050068311,dummy,dummy,Match,,
337,338,-0.202510232,0.097859982,dummy,dummy,Match,,
338,339,-0.202510232,0.145651653,dummy,dummy,Match,,
339,340,-0.202510232,0.193443323,dummy,dummy,Match,,
340,341,-0.202510232,0.241234994,dummy,dummy,Match,,
341,342,-0.202510232,0.289026665,dummy,dummy,Match,,
342,343,-0.202510232,0.336818335,dummy,dummy,Match,,
343,344,-0.202510232,0.384610006,dummy,dummy,Match,,
344,345,-0.202510232,0.432401677,dummy,dummy,Match,,
345,346,-0.202510232,0.480193348,dummy,dummy,Match,,
346,347,-0.202510232,0.527985018,dummy,dummy,Match,,
347,348,-0.202510232,0.575776689,dummy,dummy,Match,,
348,349,-0.154718561,-0.619015079,dummy,dummy,Match,,
349,350,-0.154718561,-0.571223408,dummy,dummy,Match,,
350,351,-0.154718561,-0.523431738,dummy,dummy,Match,,
351,352,-0.154718561,-0.475640067,dummy,dummy,Match,,
352,353,-0.154718561,-0.427848396,dummy,dummy,Match,,
353,354,-0.154718561,-0.380056725,dummy,dummy,Match,,
354,355,-0.154718561,-0.332265055,dummy,dummy,Match,,
355,356,-0.154718561,-0.284473384,dummy,dummy,Match,,
356,357,-0.154718561,-0.236681713,dummy,dummy,Match,,
357,358,-0.154718561,-0.188890043,dummy,dummy,Match,,
358,359,-0.154718561,-0.141098372,dummy,dummy,Match,,
359,360,-0.154718561,-0.093306701,dummy,dummy,Match,,
360,361,-0.154718561,-0.04551503,dummy,dummy,Match,,
361,362,-0.154718561,0.00227664,dummy,dummy,Match,,
362,363,-0.154718561,0.050068311,dummy,dummy,Match,,
363,364,-0.154718561,0.097859982,dummy,dummy,Match,,
364,365,-0.154718561,0.145651653,dummy,dummy,Match,,
365,366,-0.154718561,0.193443323,dummy,dummy,Match,,
366,367,-0.154718561,0.241234994,dummy,dummy,Match,,
367,368,-0.154718561,0.289026665,dummy,dummy,Match,,
368,369,-0.154718561,0.336818335,dummy,dummy,Match,,
369,370,-0.154718561,0.384610006,dummy,dummy,Match,,
370,371,-0.154718561,0.432401677,dummy,dummy,Match,,
371,372,-0.154718561,0.480193348,dummy,dummy,Match,,
372,373,-0.154718561,0.527985018,dummy,dummy,Match,,
373,374,-0.10692689,-0.619015079,dummy,dummy,Match,,
374,375,-0.10692689,-0.571223408,dummy,dummy,Match,,
375,376,-0.10692689,-0.523431738,dummy,dummy,Match,,
376,377,-0.10692689,-0.475640067,dummy,dummy,Match,,
377,378,-0.10692689,-0.427848396,dummy,dummy,Match,,
378,379,-0.10692689,-0.380056725,dummy,dummy,Match,,
379,380,-0.10692689,-0.332265055,dummy,dummy,Match,,
380,381,-0.10692689,-0.284473384,dummy,dummy,Match,,
381,382,-0.10692689,-0.236681713,dummy,dummy,Match,,
382,383,-0.10692689,-0.188890043,dummy,dummy,Match,,
383,384,-0.10692689,-0.141098372,dummy,dummy,Match,,
384,385,-0.10692689,-0.093306701,dummy,dummy,Match,,
385,386,-0.10692689,-0.04551503,dummy,dummy,Match,,
386,387,-0.10692689,0.00227664,dummy,dummy,Match,,
387,388,-0.10692689,0.050068311,dummy,dummy,Match,,
388,389,-0.10692689,0.097859982,dummy,dummy,Match,,
389,390,-0.10692689,0.145651653,dummy,dummy,Match,,
390,391,-0.10692689,0.193443323,dummy,dummy,Match,,
391,392,-0.10692689,0.241234994,dummy,dummy,Match,,
392,393,-0.10692689,0.289026665,dummy,dummy,Match,,
393,394,-0.10692689,0.336818335,dummy,dummy,Match,,
394,395,-0.10692689,0.384610006,dummy,dummy,Match,,
395,396,-0.10692689,0.432401677,dummy,dummy,Match,,
396,397,-0.10692689,0.480193348,dummy,dummy,Match,,
397,398,-0.10692689,0.527985018,dummy,dummy,Match,,
398,399,-0.05913522,-0.619015079,dummy,dummy,Match,,
399,400,-0.05913522,-0.571223408,dummy,dummy,Match,,
400,401,-0.05913522,-0.523431738,dummy,dummy,Match,,
401,402,-0.05913522,-0.475640067,dummy,dummy,Match,,
402,403,-0.05913522,-0.427848396,dummy,dummy,Match,,
403,404,-0.05913522,-0.380056725,dummy,dummy,Match,,
404,405,-0.05913522,-0.332265055,dummy,dummy,Match,,
405,406,-0.05913522,-0.188890043,dummy,dummy,Match,,
406,407,-0.05913522,-0.141098372,dummy,dummy,Match,,
407,408,-0.05913522,-0.093306701,dummy,dummy,Match,,
408,409,-0.05913522,-0.04551503,dummy,dummy,Match,,
409,410,-0.05913522,0.00227664,dummy,dummy,Match,,
410,411,-0.05913522,0.050068311,dummy,dummy,Match,,
411,412,-0.05913522,0.097859982,dummy,dummy,Match,,
412,413,-0.05913522,0.145651653,dummy,dummy,Match,,
413,414,-0.05913522,0.193443323,dummy,dummy,Match,,
414,415,-0.05913522,0.241234994,dummy,dummy,Match,,
415,416,-0.05913522,0.289026665,dummy,dummy,Match,,
416,417,-0.05913522,0.336818335,dummy,dummy,Match,,
417,418,-0.05913522,0.384610006,dummy,dummy,Match,,
418,419,-0.05913522,0.432401677,dummy,dummy,Match,,
419,420,-0.05913522,0.480193348,dummy,dummy,Match,,
420,421,-0.05913522,0.527985018,dummy,dummy,Match,,
421,422,-0.05913522,0.575776689,dummy,dummy,Match,,
422,423,-0.011343549,-0.619015079,dummy,dummy,Match,,
423,424,-0.011343549,-0.571223408,dummy,dummy,Match,,
424,425,-0.011343549,-0.523431738,dummy,dummy,Match,,
425,426,-0.011343549,-0.475640067,dummy,dummy,Match,,
426,427,-0.011343549,-0.427848396,dummy,dummy,Match,,
427,428,-0.011343549,-0.380056725,dummy,dummy,Match,,
428,429,-0.011343549,-0.332265055,dummy,dummy,Match,,
429,430,-0.011343549,-0.236681713,dummy,dummy,Match,,
430,431,-0.011343549,-0.188890043,dummy,dummy,Match,,
431,432,-0.011343549,-0.141098372,dummy,dummy,Match,,
432,433,-0.011343549,-0.093306701,dummy,dummy,Match,,
433,434,-0.011343549,-0.04551503,dummy,dummy,Match,,
434,435,-0.011343549,0.00227664,dummy,dummy,Match,,
435,436,-0.011343549,0.050068311,dummy,dummy,Match,,
436,437,-0.011343549,0.097859982,dummy,dummy,Match,,
437,438,-0.011343549,0.145651653,dummy,dummy,Match,,
438,439,-0.011343549,0.193443323,dummy,dummy,Match,,
439,440,-0.011343549,0.241234994,dummy,dummy,Match,,
440,441,-0.011343549,0.289026665,dummy,dummy,Match,,
441,442,-0.011343549,0.336818335,dummy,dummy,Match,,
442,443,-0.011343549,0.384610006,dummy,dummy,Match,,
443,444,-0.011343549,0.432401677,dummy,dummy,Match,,
444,445,-0.011343549,0.480193348,dummy,dummy,Match,,
445,446,-0.011343549,0.527985018,dummy,dummy,Match,,
446,447,-0.011343549,0.575776689,dummy,dummy,Match,,
447,448,0.036448122,-0.619015079,dummy,dummy,Match,,
448,449,0.036448122,-0.571223408,dummy,dummy,Match,,
449,450,0.036448122,-0.523431738,dummy,dummy,Match,,
450,451,0.036448122,-0.475640067,dummy,dummy,Match,,
451,452,0.036448122,-0.427848396,dummy,dummy,Match,,
452,453,0.036448122,-0.380056725,dummy,dummy,Match,,
453,454,0.036448122,-0.332265055,dummy,dummy,Match,,
454,455,0.036448122,-0.284473384,dummy,dummy,Match,,
455,456,0.036448122,-0.236681713,dummy,dummy,Match,,
456,457,0.036448122,-0.188890043,dummy,dummy,Match,,
457,458,0.036448122,-0.141098372,dummy,dummy,Match,,
458,459,0.036448122,-0.093306701,dummy,dummy,Match,,
459,460,0.036448122,-0.04551503,dummy,dummy,Match,,
460,461,0.036448122,0.00227664,dummy,dummy,Match,,
461,462,0.036448122,0.050068311,dummy,dummy,Match,,
462,463,0.036448122,0.097859982,dummy,dummy,Match,,
463,464,0.036448122,0.145651653,dummy,dummy,Match,,
464,465,0.036448122,0.193443323,dummy,dummy,Match,,
465,466,0.036448122,0.241234994,dummy,dummy,Match,,
466,467,0.036448122,0.289026665,dummy,dummy,Match,,
467,468,0.036448122,0.336818335,dummy,dummy,Match,,
468,469,0.036448122,0.384610006,dummy,dummy,Match,,
469,470,0.036448122,0.432401677,dummy,dummy,Match,,
470,471,0.036448122,0.480193348,dummy,dummy,Match,,
471,472,0.036448122,0.527985018,dummy,dummy,Match,,
472,473,0.036448122,0.575776689,dummy,dummy,Match,,
473,474,0.084239792,-0.619015079,dummy,dummy,Match,,
474,475,0.084239792,-0.571223408,dummy,dummy,Match,,
475,476,0.084239792,-0.523431738,dummy,dummy,Match,,
476,477,0.084239792,-0.475640067,dummy,dummy,Match,,
477,478,0.084239792,-0.427848396,dummy,dummy,Match,,
478,479,0.084239792,-0.380056725,dummy,dummy,Match,,
479,480,0.084239792,-0.332265055,dummy,dummy,Match,,
480,481,0.084239792,-0.284473384,dummy,dummy,Match,,
481,482,0.084239792,-0.236681713,dummy,dummy,Match,,
482,483,0.084239792,-0.188890043,dummy,dummy,Match,,
483,484,0.084239792,-0.141098372,dummy,dummy,Match,,
484,485,0.084239792,-0.093306701,dummy,dummy,Match,,
485,486,0.084239792,-0.04551503,dummy,dummy,Match,,
486,487,0.084239792,0.00227664,dummy,dummy,Match,,
487,488,0.084239792,0.050068311,dummy,dummy,Match,,
488,489,0.084239792,0.097859982,dummy,dummy,Match,,
489,490,0.084239792,0.145651653,dummy,dummy,Match,,
490,491,0.084239792,0.193443323,dummy,dummy,Match,,
491,492,0.084239792,0.241234994,dummy,dummy,Match,,
492,493,0.084239792,0.289026665,dummy,dummy,Match,,
493,494,0.084239792,0.336818335,dummy,dummy,Match,,
494,495,0.084239792,0.384610006,dummy,dummy,Match,,
495,496,0.084239792,0.432401677,dummy,dummy,Match,,
496,497,0.084239792,0.480193348,dummy,dummy,Match,,
497,498,0.084239792,0.527985018,dummy,dummy,Match,,
498,499,0.084239792,0.575776689,dummy,dummy,Match,,
499,500,0.132031463,-0.619015079,dummy,dummy,Match,,
500,501,0.132031463,-0.571223408,dummy,dummy,Match,,
501,502,0.132031463,-0.523431738,dummy,dummy,Match,,
502,503,0.132031463,-0.475640067,dummy,dummy,Match,,
503,504,0.132031463,-0.427848396,dummy,dummy,Match,,
504,505,0.132031463,-0.380056725,dummy,dummy,Match,,
505,506,0.132031463,-0.332265055,dummy,dummy,Match,,
506,507,0.132031463,-0.284473384,dummy,dummy,Match,,
507,508,0.132031463,-0.236681713,dummy,dummy,Match,,
508,509,0.132031463,-0.188890043,dummy,dummy,Match,,
509,510,0.132031463,-0.141098372,dummy,dummy,Match,,
510,511,0.132031463,-0.093306701,dummy,dummy,Match,,
511,512,0.132031463,-0.04551503,dummy,dummy,Match,,
512,513,0.132031463,0.00227664,dummy,dummy,Match,,
513,514,0.132031463,0.050068311,dummy,dummy,Match,,
514,515,0.132031463,0.097859982,dummy,dummy,Match,,
515,516,0.132031463,0.145651653,dummy,dummy,Match,,
516,517,0.132031463,0.193443323,dummy,dummy,Match,,
517,518,0.132031463,0.241234994,dummy,dummy,Match,,
518,519,0.132031463,0.289026665,dummy,dummy,Match,,
519,520,0.132031463,0.336818335,dummy,dummy,Match,,
520,521,0.132031463,0.384610006,dummy,dummy,Match,,
521,522,0.132031463,0.432401677,dummy,dummy,Match,,
522,523,0.132031463,0.480193348,dummy,dummy,Match,,
523,524,0.132031463,0.527985018,dummy,dummy,Match,,
524,525,0.132031463,0.575776689,dummy,dummy,Match,,
525,526,0.179823134,-0.619015079,dummy,dummy,Match,,
526,527,0.179823134,-0.571223408,dummy,dummy,Match,,
527,528,0.179823134,-0.523431738,dummy,dummy,Match,,
528,529,0.179823134,-0.475640067,dummy,dummy,Match,,
529,530,0.179823134,-0.427848396,dummy,dummy,Match,,
530,531,0.179823134,-0.380056725,dummy,dummy,Match,,
531,532,0.179823134,-0.332265055,dummy,dummy,Match,,
532,533,0.179823134,-0.284473384,dummy,dummy,Match,,
533,534,0.179823134,-0.236681713,dummy,dummy,Match,,
534,535,0.179823134,-0.188890043,dummy,dummy,Match,,
535,536,0.179823134,-0.141098372,dummy,dummy,Match,,
536,537,0.179823134,-0.093306701,dummy,dummy,Match,,
537,538,0.179823134,-0.04551503,dummy,dummy,Match,,
538,539,0.179823134,0.00227664,dummy,dummy,Match,,
539,540,0.179823134,0.050068311,dummy,dummy,Match,,
540,541,0.179823134,0.097859982,dummy,dummy,Match,,
541,542,0.179823134,0.145651653,dummy,dummy,Match,,
542,543,0.179823134,0.193443323,dummy,dummy,Match,,
543,544,0.179823134,0.241234994,dummy,dummy,Match,,
544,545,0.179823134,0.289026665,dummy,dummy,Match,,
545,546,0.179823134,0.336818335,dummy,dummy,Match,,
546,547,0.179823134,0.384610006,dummy,dummy,Match,,
547,548,0.179823134,0.432401677,dummy,dummy,Match,,
548,549,0.179823134,0.480193348,dummy,dummy,Match,,
549,550,0.179823134,0.527985018,dummy,dummy,Match,,
550,551,0.179823134,0.575776689,dummy,dummy,Match,,
551,552,0.227614805,-0.619015079,dummy,dummy,Match,,
552,553,0.227614805,-0.571223408,dummy,dummy,Match,,
553,554,0.227614805,-0.523431738,dummy,dummy,Match,,
554,555,0.227614805,-0.475640067,dummy,dummy,Match,,
555,556,0.227614805,-0.427848396,dummy,dummy,Match,,
556,557,0.227614805,-0.380056725,dummy,dummy,Match,,
557,558,0.227614805,-0.332265055,dummy,dummy,Match,,
558,559,0.227614805,-0.284473384,dummy,dummy,Match,,
559,560,0.227614805,-0.236681713,dummy,dummy,Match,,
560,561,0.227614805,-0.188890043,dummy,dummy,Match,,
561,562,0.227614805,-0.141098372,dummy,dummy,Match,,
562,563,0.227614805,-0.093306701,dummy,dummy,Match,,
563,564,0.227614805,-0.04551503,dummy,dummy,Match,,
564,565,0.227614805,0.00227664,dummy,dummy,Match,,
565,566,0.227614805,0.050068311,dummy,dummy,Match,,
566,567,0.227614805,0.097859982,dummy,dummy,Match,,
567,568,0.227614805,0.145651653,dummy,dummy,Match,,
568,569,0.227614805,0.193443323,dummy,dummy,Match,,
569,570,0.227614805,0.241234994,dummy,dummy,Match,,
570,571,0.227614805,0.289026665,dummy,dummy,Match,,
571,572,0.227614805,0.336818335,dummy,dummy,Match,,
572,573,0.227614805,0.384610006,dummy,dummy,Match,,
573,574,0.227614805,0.432401677,dummy,dummy,Match,,
574,575,0.227614805,0.480193348,dummy,dummy,Match,,
575,576,0.227614805,0.527985018,dummy,dummy,Match,,
576,577,0.227614805,0.575776689,dummy,dummy,Match,,
577,578,0.275406475,-0.619015079,dummy,dummy,Match,,
578,579,0.275406475,-0.571223408,dummy,dummy,Match,,
579,580,0.275406475,-0.523431738,dummy,dummy,Match,,
580,581,0.275406475,-0.475640067,dummy,dummy,Match,,
581,582,0.275406475,-0.427848396,dummy,dummy,Match,,
582,583,0.275406475,-0.380056725,dummy,dummy,Match,,
583,584,0.275406475,-0.332265055,dummy,dummy,Match,,
584,585,0.275406475,-0.284473384,dummy,dummy,Match,,
585,586,0.275406475,-0.236681713,dummy,dummy,Match,,
586,587,0.275406475,-0.188890043,dummy,dummy,Match,,
587,588,0.275406475,-0.141098372,dummy,dummy,Match,,
588,589,0.275406475,-0.093306701,dummy,dummy,Match,,
589,590,0.275406475,-0.04551503,dummy,dummy,Match,,
590,591,0.275406475,0.00227664,dummy,dummy,Match,,
591,592,0.275406475,0.050068311,dummy,dummy,Match,,
592,593,0.275406475,0.097859982,dummy,dummy,Match,,
593,594,0.275406475,0.145651653,dummy,dummy,Match,,
594,595,0.275406475,0.193443323,dummy,dummy,Match,,
595,596,0.275406475,0.241234994,dummy,dummy,Match,,
596,597,0.275406475,0.289026665,dummy,dummy,Match,,
597,598,0.275406475,0.336818335,dummy,dummy,Match,,
598,599,0.275406475,0.384610006,dummy,dummy,Match,,
599,600,0.275406475,0.432401677,dummy,dummy,Match,,
600,601,0.275406475,0.480193348,dummy,dummy,Match,,
601,602,0.275406475,0.527985018,dummy,dummy,Match,,
602,603,0.275406475,0.575776689,dummy,dummy,Match,,
603,604,0.323198146,-0.619015079,dummy,dummy,Match,,
604,605,0.323198146,-0.571223408,dummy,dummy,Match,,
605,606,0.323198146,-0.523431738,dummy,dummy,Match,,
606,607,0.323198146,-0.475640067,dummy,dummy,Match,,
607,608,0.323198146,-0.427848396,dummy,dummy,Match,,
608,609,0.323198146,-0.380056725,dummy,dummy,Match,,
609,610,0.323198146,-0.332265055,dummy,dummy,Match,,
610,611,0.323198146,-0.284473384,dummy,dummy,Match,,
611,612,0.323198146,-0.236681713,dummy,dummy,Match,,
612,613,0.323198146,-0.188890043,dummy,dummy,Match,,
613,614,0.323198146,-0.141098372,dummy,dummy,Match,,
614,615,0.323198146,-0.093306701,dummy,dummy,Match,,
615,616,0.323198146,-0.04551503,dummy,dummy,Match,,
616,617,0.323198146,0.00227664,dummy,dummy,Match,,
617,618,0.323198146,0.050068311,dummy,dummy,Match,,
618,619,0.323198146,0.097859982,dummy,dummy,Match,,
619,620,0.323198146,0.145651653,dummy,dummy,Match,,
620,621,0.323198146,0.193443323,dummy,dummy,Match,,
621,622,0.323198146,0.241234994,dummy,dummy,Match,,
622,623,0.323198146,0.289026665,dummy,dummy,Match,,
623,624,0.323198146,0.336818335,dummy,dummy,Match,,
624,625,0.323198146,0.384610006,dummy,dummy,Match,,
625,626,0.323198146,0.432401677,dummy,dummy,Match,,
626,627,0.323198146,0.480193348,dummy,dummy,Match,,
627,628,0.323198146,0.527985018,dummy,dummy,Match,,
628,629,0.323198146,0.575776689,dummy,dummy,Match,,
629,630,0.370989817,-0.619015079,dummy,dummy,Match,,
630,631,0.370989817,-0.571223408,dummy,dummy,Match,,
631,632,0.370989817,-0.523431738,dummy,dummy,Match,,
632,633,0.370989817,-0.475640067,dummy,dummy,Match,,
633,634,0.370989817,-0.427848396,dummy,dummy,Match,,
634,635,0.370989817,-0.380056725,dummy,dummy,Match,,
635,636,0.370989817,-0.332265055,dummy,dummy,Match,,
636,637,0.370989817,-0.284473384,dummy,dummy,Match,,
637,638,0.370989817,-0.236681713,dummy,dummy,Match,,
638,639,0.370989817,-0.188890043,dummy,dummy,Match,,
639,640,0.370989817,-0.141098372,dummy,dummy,Match,,
640,641,0.370989817,-0.093306701,dummy,dummy,Match,,
641,642,0.370989817,-0.04551503,dummy,dummy,Match,,
642,643,0.370989817,0.00227664,dummy,dummy,Match,,
643,644,0.370989817,0.050068311,dummy,dummy,Match,,
644,645,0.370989817,0.097859982,dummy,dummy,Match,,
645,646,0.370989817,0.145651653,dummy,dummy,Match,,
646,647,0.370989817,0.193443323,dummy,dummy,Match,,
647,648,0.370989817,0.241234994,dummy,dummy,Match,,
648,649,0.370989817,0.289026665,dummy,dummy,Match,,
649,650,0.370989817,0.336818335,dummy,dummy,Match,,
650,651,0.370989817,0.384610006,dummy,dummy,Match,,
651,652,0.370989817,0.432401677,dummy,dummy,Match,,
652,653,0.370989817,0.480193348,dummy,dummy,Match,,
653,654,0.370989817,0.527985018,dummy,dummy,Match,,
654,655,0.370989817,0.575776689,dummy,dummy,Match,,
655,656,0.418781488,-0.619015079,dummy,dummy,Match,,
656,657,0.418781488,-0.571223408,dummy,dummy,Match,,
657,658,0.418781488,-0.523431738,dummy,dummy,Match,,
658,659,0.418781488,-0.475640067,dummy,dummy,Match,,
659,660,0.418781488,-0.427848396,dummy,dummy,Match,,
660,661,0.418781488,-0.380056725,dummy,dummy,Match,,
661,662,0.418781488,-0.332265055,dummy,dummy,Match,,
662,663,0.418781488,-0.284473384,dummy,dummy,Match,,
663,664,0.418781488,-0.236681713,dummy,dummy,Match,,
664,665,0.418781488,-0.188890043,dummy,dummy,Match,,
665,666,0.418781488,-0.141098372,dummy,dummy,Match,,
666,667,0.418781488,-0.093306701,dummy,dummy,Match,,
667,668,0.418781488,-0.04551503,dummy,dummy,Match,,
668,669,0.418781488,0.00227664,dummy,dummy,Match,,
669,670,0.418781488,0.050068311,dummy,dummy,Match,,
670,671,0.418781488,0.097859982,dummy,dummy,Match,,
671,672,0.418781488,0.145651653,dummy,dummy,Match,,
672,673,0.418781488,0.193443323,dummy,dummy,Match,,
673,674,0.418781488,0.241234994,dummy,dummy,Match,,
674,675,0.418781488,0.289026665,dummy,dummy,Match,,
675,676,0.418781488,0.336818335,dummy,dummy,Match,,
676,677,0.418781488,0.384610006,dummy,dummy,Match,,
677,678,0.418781488,0.432401677,dummy,dummy,Match,,
678,679,0.418781488,0.480193348,dummy,dummy,Match,,
679,680,0.418781488,0.527985018,dummy,dummy,Match,,
680,681,0.418781488,0.575776689,dummy,dummy,Match,,
681,682,0.466573158,-0.619015079,dummy,dummy,Match,,
682,683,0.466573158,-0.571223408,dummy,dummy,Match,,
683,684,0.466573158,-0.523431738,dummy,dummy,Match,,
684,685,0.466573158,-0.475640067,dummy,dummy,Match,,
685,686,0.466573158,-0.427848396,dummy,dummy,Match,,
686,687,0.466573158,-0.380056725,dummy,dummy,Match,,
687,688,0.466573158,-0.332265055,dummy,dummy,Match,,
688,689,0.466573158,-0.284473384,dummy,dummy,Match,,
689,690,0.466573158,-0.236681713,dummy,dummy,Match,,
690,691,0.466573158,-0.188890043,dummy,dummy,Match,,
691,692,0.466573158,-0.141098372,dummy,dummy,Match,,
692,693,0.466573158,-0.093306701,dummy,dummy,Match,,
693,694,0.466573158,-0.04551503,dummy,dummy,Match,,
694,695,0.466573158,0.00227664,dummy,dummy,Match,,
695,696,0.466573158,0.050068311,dummy,dummy,Match,,
696,697,0.466573158,0.097859982,dummy,dummy,Match,,
697,698,0.466573158,0.145651653,dummy,dummy,Match,,
698,699,0.466573158,0.193443323,dummy,dummy,Match,,
699,700,0.466573158,0.241234994,dummy,dummy,Match,,
700,701,0.466573158,0.289026665,dummy,dummy,Match,,
701,702,0.466573158,0.336818335,dummy,dummy,Match,,
702,703,0.466573158,0.384610006,dummy,dummy,Match,,
703,704,0.466573158,0.432401677,dummy,dummy,Match,,
704,705,0.466573158,0.480193348,dummy,dummy,Match,,
705,706,0.466573158,0.527985018,dummy,dummy,Match,,
706,707,0.466573158,0.575776689,dummy,dummy,Match,,
707,708,0.514364829,-0.619015079,dummy,dummy,Match,,
708,709,0.514364829,-0.571223408,dummy,dummy,Match,,
709,710,0.514364829,-0.523431738,dummy,dummy,Match,,
710,711,0.514364829,-0.475640067,dummy,dummy,Match,,
711,712,0.514364829,-0.427848396,dummy,dummy,Match,,
712,713,0.514364829,-0.380056725,dummy,dummy,Match,,
713,714,0.514364829,-0.236681713,dummy,dummy,Match,,
714,715,0.514364829,-0.188890043,dummy,dummy,Match,,
715,716,0.514364829,-0.04551503,dummy,dummy,Match,,
716,717,0.514364829,0.00227664,dummy,dummy,Match,,
717,718,0.514364829,0.050068311,dummy,dummy,Match,,
718,719,0.514364829,0.097859982,dummy,dummy,Match,,
719,720,0.514364829,0.145651653,dummy,dummy,Match,,
720,721,0.514364829,0.193443323,dummy,dummy,Match,,
721,722,0.514364829,0.241234994,dummy,dummy,Match,,
722,723,0.514364829,0.289026665,dummy,dummy,Match,,
723,724,0.514364829,0.336818335,dummy,dummy,Match,,
724,725,0.514364829,0.384610006,dummy,dummy,Match,,
725,726,0.514364829,0.432401677,dummy,dummy,Match,,
726,727,0.514364829,0.480193348,dummy,dummy,Match,,
727,728,0.514364829,0.527985018,dummy,dummy,Match,,
728,729,0.514364829,0.575776689,dummy,dummy,Match,,
729,730,0.5621565,-0.619015079,dummy,dummy,Match,,
730,731,0.5621565,-0.571223408,dummy,dummy,Match,,
731,732,0.5621565,-0.523431738,dummy,dummy,Match,,
732,733,0.5621565,-0.475640067,dummy,dummy,Match,,
733,734,0.5621565,-0.427848396,dummy,dummy,Match,,
734,735,0.5621565,-0.380056725,dummy,dummy,Match,,
735,736,0.5621565,-0.236681713,dummy,dummy,Match,,
736,737,0.5621565,-0.188890043,dummy,dummy,Match,,
737,738,0.5621565,-0.04551503,dummy,dummy,Match,,
738,739,0.5621565,0.00227664,dummy,dummy,Match,,
739,740,0.5621565,0.050068311,dummy,dummy,Match,,
740,741,0.5621565,0.097859982,dummy,dummy,Match,,
741,742,0.5621565,0.145651653,dummy,dummy,Match,,
742,743,0.5621565,0.193443323,dummy,dummy,Match,,
743,744,0.5621565,0.241234994,dummy,dummy,Match,,
744,745,0.5621565,0.289026665,dummy,dummy,Match,,
745,746,0.5621565,0.336818335,dummy,dummy,Match,,
746,747,0.5621565,0.384610006,dummy,dummy,Match,,
747,748,0.5621565,0.432401677,dummy,dummy,Match,,
748,749,0.5621565,0.480193348,dummy,dummy,Match,,
749,750,0.5621565,0.527985018,dummy,dummy,Match,,
750,751,0.5621565,0.575776689,dummy,dummy,Match,,
751,752,0.60994817,-0.619015079,dummy,dummy,Match,,
752,753,0.60994817,-0.571223408,dummy,dummy,Match,,
753,754,0.60994817,-0.523431738,dummy,dummy,Match,,
754,755,0.60994817,-0.475640067,dummy,dummy,Match,,
755,756,0.60994817,-0.427848396,dummy,dummy,Match,,
756,757,0.60994817,-0.380056725,dummy,dummy,Match,,
757,758,0.60994817,-0.332265055,dummy,dummy,Match,,
758,759,0.60994817,-0.284473384,dummy,dummy,Match,,
759,760,0.60994817,-0.236681713,dummy,dummy,Match,,
760,761,0.60994817,-0.188890043,dummy,dummy,Match,,
761,762,0.60994817,-0.141098372,dummy,dummy,Match,,
762,763,0.60994817,-0.093306701,dummy,dummy,Match,,
763,764,0.60994817,-0.04551503,dummy,dummy,Match,,
764,765,0.60994817,0.00227664,dummy,dummy,Match,,
765,766,0.60994817,0.145651653,dummy,dummy,Match,,
766,767,0.60994817,0.193443323,dummy,dummy,Match,,
767,768,0.60994817,0.241234994,dummy,dummy,Match,,
768,769,0.60994817,0.289026665,dummy,dummy,Match,,
769,770,0.60994817,0.336818335,dummy,dummy,Match,,
770,771,0.60994817,0.384610006,dummy,dummy,Match,,
771,772,0.60994817,0.432401677,dummy,dummy,Match,,
772,773,0.60994817,0.480193348,dummy,dummy,Match,,
773,774,0.60994817,0.527985018,dummy,dummy,Match,,
774,775,0.60994817,0.575776689,dummy,dummy,Match,,