x,y,Instance,class,Pred_class,Matches,Pie,Mixnew
-22.67820549,4.02747488,1,Iris-setosa,Iris-setosa,Match,"97.05882352941177,2.9411764705882355,0.0","R1,R5,R9"
-22.4759407,3.796943426,2,Iris-setosa,Iris-setosa,Match,"97.05882352941177,2.9411764705882355,0.0","R1,R5,R9"
-22.67820549,4.02747488,3,Iris-setosa,Iris-setosa,Match,"97.05882352941177,2.9411764705882355,0.0","R1,R5,R9"
-22.76412582,3.605856419,4,Iris-setosa,Iris-setosa,Match,"97.05882352941177,2.9411764705882355,0.0","R1,R5,R9"
-22.67820549,4.02747488,5,Iris-setosa,Iris-setosa,Match,"97.05882352941177,2.9411764705882355,0.0","R1,R5,R9"
-22.67820549,4.02747488,6,Iris-setosa,Iris-setosa,Match,"97.05882352941177,2.9411764705882355,0.0","R1,R5,R9"
-22.67820549,4.02747488,7,Iris-setosa,Iris-setosa,Match,"97.05882352941177,2.9411764705882355,0.0","R1,R5,R9"
-22.41067314,4.006036758,8,Iris-setosa,Iris-setosa,Match,"97.05882352941177,2.9411764705882355,0.0","R1,R5,R9"
-22.4759407,3.796943426,9,Iris-setosa,Iris-setosa,Match,"97.05882352941177,2.9411764705882355,0.0","R1,R5,R9"
-22.41067314,4.006036758,10,Iris-setosa,Iris-setosa,Match,"97.05882352941177,2.9411764705882355,0.0","R1,R5,R9"
-24.43711472,6.723504066,11,Iris-setosa,Iris-setosa,Match,"97.05882352941177,2.9411764705882355,0.0","R1,R5,R9"
-21.05533981,2.408902884,12,Iris-setosa,Iris-setosa,Match,"97.05882352941177,2.9411764705882355,0.0","R1,R5,R9"
-21.35923767,3.261883497,13,Iris-setosa,Iris-setosa,Match,"97.05882352941177,2.9411764705882355,0.0","R1,R5,R9"
-23.29401588,1.00290978,14,Iris-setosa,Iris-setosa,Match,"97.05882352941177,2.9411764705882355,0.0","R1,R5,R9"
24.29368973,-35.61552048,15,Iris-setosa,Iris-setosa,Match,"100.0,0.0,0.0","R1,R5,R11"
24.29289818,-35.6221199,16,Iris-setosa,Iris-setosa,Match,"100.0,0.0,0.0","R1,R5,R11"
-23.97937393,3.969926119,17,Iris-setosa,Iris-setosa,Match,"97.05882352941177,2.9411764705882355,0.0","R1,R5,R9"
-23.77902222,3.110804558,18,Iris-setosa,Iris-setosa,Match,"97.05882352941177,2.9411764705882355,0.0","R1,R5,R9"
24.29430962,-35.61313629,19,Iris-setosa,Iris-setosa,Match,"100.0,0.0,0.0","R1,R5,R11"
-24.67862511,3.346262455,20,Iris-setosa,Iris-setosa,Match,"97.05882352941177,2.9411764705882355,0.0","R1,R5,R9"
-23.09996605,7.185556412,21,Iris-setosa,Iris-setosa,Match,"97.05882352941177,2.9411764705882355,0.0","R1,R5,R9"
-20.58082199,4.815483093,22,Iris-setosa,Iris-setosa,Match,"97.05882352941177,2.9411764705882355,0.0","R1,R5,R9"
-21.98065948,2.657496691,23,Iris-setosa,Iris-setosa,Match,"97.05882352941177,2.9411764705882355,0.0","R1,R5,R9"
-24.63593102,1.348053217,24,Iris-setosa,Iris-setosa,Match,"97.05882352941177,2.9411764705882355,0.0","R1,R5,R9"
-22.20069504,5.296014309,25,Iris-setosa,Iris-setosa,Match,"97.05882352941177,2.9411764705882355,0.0","R1,R5,R9"
-21.65395927,7.116646767,26,Iris-setosa,Iris-setosa,Match,"97.05882352941177,2.9411764705882355,0.0","R1,R5,R9"
-25.89395905,4.077044964,27,Iris-setosa,Iris-setosa,Match,"97.05882352941177,2.9411764705882355,0.0","R1,R5,R9"
-22.94369125,2.494759321,28,Iris-setosa,Iris-setosa,Match,"97.05882352941177,2.9411764705882355,0.0","R1,R5,R9"
-25.51312065,2.518221378,29,Iris-setosa,Iris-setosa,Match,"97.05882352941177,2.9411764705882355,0.0","R1,R5,R9"
-23.79560471,2.261105061,30,Iris-setosa,Iris-setosa,Match,"97.05882352941177,2.9411764705882355,0.0","R1,R5,R9"
-21.95954132,0.6882568,31,Iris-setosa,Iris-setosa,Match,"97.05882352941177,2.9411764705882355,0.0","R1,R5,R9"
-20.45421791,3.553248644,32,Iris-setosa,Iris-setosa,Match,"97.05882352941177,2.9411764705882355,0.0","R1,R5,R9"
-21.1884079,4.087022305,33,Iris-setosa,Iris-setosa,Match,"97.05882352941177,2.9411764705882355,0.0","R1,R5,R9"
24.29554939,-35.61413956,34,Iris-setosa,Iris-setosa,Match,"100.0,0.0,0.0","R1,R5,R11"
-23.90340614,5.650569916,35,Iris-setosa,Iris-setosa,Match,"97.05882352941177,2.9411764705882355,0.0","R1,R5,R9"
-23.06750488,5.278563023,36,Iris-setosa,Iris-setosa,Match,"97.05882352941177,2.9411764705882355,0.0","R1,R5,R9"
24.29436874,-35.6181221,37,Iris-setosa,Iris-setosa,Match,"100.0,0.0,0.0","R1,R5,R11"
-23.72725296,4.761982441,38,Iris-setosa,Iris-setosa,Match,"97.05882352941177,2.9411764705882355,0.0","R1,R5,R9"
-19.26182365,3.815217257,39,Iris-setosa,Iris-setosa,Match,"97.05882352941177,2.9411764705882355,0.0","R1,R5,R9"
-20.65412712,1.280207872,40,Iris-setosa,Iris-setosa,Match,"97.05882352941177,2.9411764705882355,0.0","R1,R5,R9"
-19.48131561,5.251966953,41,Iris-setosa,Iris-setosa,Match,"97.05882352941177,2.9411764705882355,0.0","R1,R5,R9"
-21.42400169,5.781719208,42,Iris-setosa,Iris-setosa,Match,"97.05882352941177,2.9411764705882355,0.0","R1,R5,R9"
-19.67694855,2.411082745,43,Iris-setosa,Iris-setosa,Match,"97.05882352941177,2.9411764705882355,0.0","R1,R5,R9"
-22.63797951,6.089384556,44,Iris-setosa,Iris-setosa,Match,"97.05882352941177,2.9411764705882355,0.0","R1,R5,R9"
-20.36455536,6.403906345,45,Iris-setosa,Iris-setosa,Match,"97.05882352941177,2.9411764705882355,0.0","R1,R5,R9"
-22.27661896,1.888771534,46,Iris-setosa,Iris-setosa,Match,"97.05882352941177,2.9411764705882355,0.0","R1,R5,R9"
-25.3942337,5.615886688,47,Iris-setosa,Iris-setosa,Match,"97.05882352941177,2.9411764705882355,0.0","R1,R5,R9"
-24.6960392,4.612535,48,Iris-setosa,Iris-setosa,Match,"97.05882352941177,2.9411764705882355,0.0","R1,R5,R9"
-21.49003601,4.8500247,49,Iris-setosa,Iris-setosa,Match,"97.05882352941177,2.9411764705882355,0.0","R1,R5,R9"
-22.41067314,4.006036758,50,Iris-setosa,Iris-setosa,Match,"97.05882352941177,2.9411764705882355,0.0","R1,R5,R9"
5.04169178,-31.18315125,51,Iris-versicolor,Iris-versicolor,Match,"0.0,91.50326797385621,8.496732026143789","R3,R6,R10"
4.626642704,-31.44712448,52,Iris-versicolor,Iris-versicolor,Match,"0.0,91.50326797385621,8.496732026143789","R3,R6,R10"
-44.84643555,15.06906509,53,Iris-versicolor,Iris-versicolor,Match,"0.0,71.50326797385621,28.49673202614379","R3,R7,R10"
7.937267303,31.4881115,54,Iris-versicolor,Iris-versicolor,Match,"0.0,89.7671568627451,10.232843137254903","R2,R6,R10"
5.041889668,-31.65707207,55,Iris-versicolor,Iris-versicolor,Match,"0.0,91.50326797385621,8.496732026143789","R3,R6,R10"
7.179478168,32.96848297,56,Iris-versicolor,Iris-versicolor,Match,"0.0,89.7671568627451,10.232843137254903","R2,R6,R10"
4.281982899,-32.62750244,57,Iris-versicolor,Iris-versicolor,Match,"0.0,91.50326797385621,8.496732026143789","R3,R6,R10"
-20.03909302,-32.08299255,58,Iris-versicolor,Iris-versicolor,Match,"30.392156862745097,62.31617647058824,7.291666666666667","R2,R6,R9"
5.041889668,-31.65707207,59,Iris-versicolor,Iris-versicolor,Match,"0.0,91.50326797385621,8.496732026143789","R3,R6,R10"
-20.04234314,-32.08291245,60,Iris-versicolor,Iris-versicolor,Match,"30.392156862745097,62.31617647058824,7.291666666666667","R2,R6,R9"
-20.04233932,-32.08483505,61,Iris-versicolor,Iris-versicolor,Match,"30.392156862745097,62.31617647058824,7.291666666666667","R2,R6,R9"
7.56176424,31.49969292,62,Iris-versicolor,Iris-versicolor,Match,"0.0,89.7671568627451,10.232843137254903","R2,R6,R10"
7.717204094,31.79171181,63,Iris-versicolor,Iris-versicolor,Match,"0.0,89.7671568627451,10.232843137254903","R2,R6,R10"
8.107291222,31.77982712,64,Iris-versicolor,Iris-versicolor,Match,"0.0,89.7671568627451,10.232843137254903","R2,R6,R10"
7.561766148,31.49969292,65,Iris-versicolor,Iris-versicolor,Match,"0.0,89.7671568627451,10.232843137254903","R2,R6,R10"
4.904930115,-31.68873024,66,Iris-versicolor,Iris-versicolor,Match,"0.0,91.50326797385621,8.496732026143789","R3,R6,R10"
7.764765263,31.38614273,67,Iris-versicolor,Iris-versicolor,Match,"0.0,89.7671568627451,10.232843137254903","R2,R6,R10"
7.550331593,31.65005875,68,Iris-versicolor,Iris-versicolor,Match,"0.0,89.7671568627451,10.232843137254903","R2,R6,R10"
5.14403677,-31.53520203,69,Iris-versicolor,Iris-versicolor,Match,"0.0,91.50326797385621,8.496732026143789","R3,R6,R10"
7.758127689,31.78936577,70,Iris-versicolor,Iris-versicolor,Match,"0.0,89.7671568627451,10.232843137254903","R2,R6,R10"
2.194717407,-10.755826,71,Iris-versicolor,Iris-virginica,NonMatch,"0.0,28.061868686868685,71.93813131313132","R2,R8,R12"
7.698220253,31.78807449,72,Iris-versicolor,Iris-versicolor,Match,"0.0,89.7671568627451,10.232843137254903","R2,R6,R10"
-44.85903549,15.06979275,73,Iris-versicolor,Iris-versicolor,Match,"0.0,71.50326797385621,28.49673202614379","R3,R7,R10"
7.75112009,31.38461494,74,Iris-versicolor,Iris-versicolor,Match,"0.0,89.7671568627451,10.232843137254903","R2,R6,R10"
4.626703739,-31.44135857,75,Iris-versicolor,Iris-versicolor,Match,"0.0,91.50326797385621,8.496732026143789","R3,R6,R10"
4.650018215,-31.01644135,76,Iris-versicolor,Iris-versicolor,Match,"0.0,91.50326797385621,8.496732026143789","R3,R6,R10"
5.04169178,-31.18315125,77,Iris-versicolor,Iris-versicolor,Match,"0.0,91.50326797385621,8.496732026143789","R3,R6,R10"
-44.85626221,15.06837749,78,Iris-versicolor,Iris-versicolor,Match,"0.0,71.50326797385621,28.49673202614379","R3,R7,R10"
5.635129452,31.54837608,79,Iris-versicolor,Iris-versicolor,Match,"0.0,89.7671568627451,10.232843137254903","R2,R6,R10"
9.179077148,31.14385414,80,Iris-versicolor,Iris-versicolor,Match,"0.0,89.7671568627451,10.232843137254903","R2,R6,R10"
9.342844963,30.16810799,81,Iris-versicolor,Iris-versicolor,Match,"0.0,89.7671568627451,10.232843137254903","R2,R6,R10"
7.802062035,29.47984886,82,Iris-versicolor,Iris-versicolor,Match,"0.0,89.7671568627451,10.232843137254903","R2,R6,R10"
9.258802414,32.78691483,83,Iris-versicolor,Iris-versicolor,Match,"0.0,89.7671568627451,10.232843137254903","R2,R6,R10"
15.78602409,26.59332275,84,Iris-versicolor,Iris-versicolor,Match,"0.0,69.7671568627451,30.2328431372549","R2,R7,R10"
-20.03863335,-32.08332062,85,Iris-versicolor,Iris-versicolor,Match,"30.392156862745097,62.31617647058824,7.291666666666667","R2,R6,R9"
7.937267303,31.4881115,86,Iris-versicolor,Iris-versicolor,Match,"0.0,89.7671568627451,10.232843137254903","R2,R6,R10"
4.626703739,-31.44135857,87,Iris-versicolor,Iris-versicolor,Match,"0.0,91.50326797385621,8.496732026143789","R3,R6,R10"
5.04169178,-31.18315125,88,Iris-versicolor,Iris-versicolor,Match,"0.0,91.50326797385621,8.496732026143789","R3,R6,R10"
8.434309006,32.94612503,89,Iris-versicolor,Iris-versicolor,Match,"0.0,89.7671568627451,10.232843137254903","R2,R6,R10"
6.411084652,32.09204102,90,Iris-versicolor,Iris-versicolor,Match,"0.0,89.7671568627451,10.232843137254903","R2,R6,R10"
6.205613136,33.02438354,91,Iris-versicolor,Iris-versicolor,Match,"0.0,89.7671568627451,10.232843137254903","R2,R6,R10"
7.2219491,30.24163246,92,Iris-versicolor,Iris-versicolor,Match,"0.0,89.7671568627451,10.232843137254903","R2,R6,R10"
6.268972397,30.00258827,93,Iris-versicolor,Iris-versicolor,Match,"0.0,89.7671568627451,10.232843137254903","R2,R6,R10"
-20.0404644,-32.08249664,94,Iris-versicolor,Iris-versicolor,Match,"30.392156862745097,62.31617647058824,7.291666666666667","R2,R6,R9"
8.363682747,30.26795959,95,Iris-versicolor,Iris-versicolor,Match,"0.0,89.7671568627451,10.232843137254903","R2,R6,R10"
7.79988575,33.69325256,96,Iris-versicolor,Iris-versicolor,Match,"0.0,89.7671568627451,10.232843137254903","R2,R6,R10"
6.422381878,30.99604416,97,Iris-versicolor,Iris-versicolor,Match,"0.0,89.7671568627451,10.232843137254903","R2,R6,R10"
6.25437355,-31.40574837,98,Iris-versicolor,Iris-versicolor,Match,"0.0,91.50326797385621,8.496732026143789","R3,R6,R10"
-20.03909111,-32.08508301,99,Iris-versicolor,Iris-versicolor,Match,"30.392156862745097,62.31617647058824,7.291666666666667","R2,R6,R9"
9.664950371,31.84614372,100,Iris-versicolor,Iris-versicolor,Match,"0.0,89.7671568627451,10.232843137254903","R2,R6,R10"
28.83093071,-1.033406496,101,Iris-virginica,Iris-virginica,Match,"0.0,2.0202020202020203,97.97979797979798","R4,R8,R12"
2.195695877,-10.765975,102,Iris-virginica,Iris-virginica,Match,"0.0,28.061868686868685,71.93813131313132","R2,R8,R12"
27.59659958,-0.307619542,103,Iris-virginica,Iris-virginica,Match,"0.0,2.0202020202020203,97.97979797979798","R4,R8,R12"
28.88537598,-0.688313603,104,Iris-virginica,Iris-virginica,Match,"0.0,2.0202020202020203,97.97979797979798","R4,R8,R12"
26.93636894,0.801037073,105,Iris-virginica,Iris-virginica,Match,"0.0,2.0202020202020203,97.97979797979798","R4,R8,R12"
29.46130943,1.681882143,106,Iris-virginica,Iris-virginica,Match,"0.0,2.0202020202020203,97.97979797979798","R4,R8,R12"
-20.03818893,-32.08269501,107,Iris-virginica,Iris-versicolor,NonMatch,"30.392156862745097,62.31617647058824,7.291666666666667","R2,R6,R9"
29.00523376,-1.222758889,108,Iris-virginica,Iris-virginica,Match,"0.0,2.0202020202020203,97.97979797979798","R4,R8,R12"
29.15146828,-0.946866989,109,Iris-virginica,Iris-virginica,Match,"0.0,2.0202020202020203,97.97979797979798","R4,R8,R12"
29.15144157,-0.946824193,110,Iris-virginica,Iris-virginica,Match,"0.0,2.0202020202020203,97.97979797979798","R4,R8,R12"
29.06593895,-1.213267088,111,Iris-virginica,Iris-virginica,Match,"0.0,2.0202020202020203,97.97979797979798","R4,R8,R12"
29.14219284,-1.152393818,112,Iris-virginica,Iris-virginica,Match,"0.0,2.0202020202020203,97.97979797979798","R4,R8,R12"
29.27444839,-3.792205811,113,Iris-virginica,Iris-virginica,Match,"0.0,2.0202020202020203,97.97979797979798","R4,R8,R12"
2.167339325,-10.64133263,114,Iris-virginica,Iris-virginica,Match,"0.0,28.061868686868685,71.93813131313132","R2,R8,R12"
2.155642271,-10.77387142,115,Iris-virginica,Iris-virginica,Match,"0.0,28.061868686868685,71.93813131313132","R2,R8,R12"
28.83049011,-1.033410192,116,Iris-virginica,Iris-virginica,Match,"0.0,2.0202020202020203,97.97979797979798","R4,R8,R12"
28.92015457,-1.207105994,117,Iris-virginica,Iris-virginica,Match,"0.0,2.0202020202020203,97.97979797979798","R4,R8,R12"
29.15144157,-0.946822584,118,Iris-virginica,Iris-virginica,Match,"0.0,2.0202020202020203,97.97979797979798","R4,R8,R12"
28.83049202,-1.033411264,119,Iris-virginica,Iris-virginica,Match,"0.0,2.0202020202020203,97.97979797979798","R4,R8,R12"
16.61920929,26.63382721,120,Iris-virginica,Iris-versicolor,NonMatch,"0.0,69.7671568627451,30.2328431372549","R2,R7,R10"
27.45366096,-1.059489608,121,Iris-virginica,Iris-virginica,Match,"0.0,2.0202020202020203,97.97979797979798","R4,R8,R12"
2.096083164,-10.71948242,122,Iris-virginica,Iris-virginica,Match,"0.0,28.061868686868685,71.93813131313132","R2,R8,R12"
28.00565529,-3.620430946,123,Iris-virginica,Iris-virginica,Match,"0.0,2.0202020202020203,97.97979797979798","R4,R8,R12"
28.12087822,0.278586,124,Iris-virginica,Iris-virginica,Match,"0.0,2.0202020202020203,97.97979797979798","R4,R8,R12"
29.49724007,-2.499823332,125,Iris-virginica,Iris-virginica,Match,"0.0,2.0202020202020203,97.97979797979798","R4,R8,R12"
31.38960838,-2.449098349,126,Iris-virginica,Iris-virginica,Match,"0.0,2.0202020202020203,97.97979797979798","R4,R8,R12"
28.88571167,0.548818886,127,Iris-virginica,Iris-virginica,Match,"0.0,2.0202020202020203,97.97979797979798","R4,R8,R12"
2.175257206,-10.6492939,128,Iris-virginica,Iris-virginica,Match,"0.0,28.061868686868685,71.93813131313132","R2,R8,R12"
30.48130226,-1.501492023,129,Iris-virginica,Iris-virginica,Match,"0.0,2.0202020202020203,97.97979797979798","R4,R8,R12"
-44.8557663,15.06521893,130,Iris-virginica,Iris-versicolor,NonMatch,"0.0,71.50326797385621,28.49673202614379","R3,R7,R10"
30.21554565,-0.115484208,131,Iris-virginica,Iris-virginica,Match,"0.0,2.0202020202020203,97.97979797979798","R4,R8,R12"
30.70809174,1.119824409,132,Iris-virginica,Iris-virginica,Match,"0.0,2.0202020202020203,97.97979797979798","R4,R8,R12"
28.08766174,1.561163187,133,Iris-virginica,Iris-virginica,Match,"0.0,2.0202020202020203,97.97979797979798","R4,R8,R12"
-44.86877823,15.06918335,134,Iris-virginica,Iris-versicolor,NonMatch,"0.0,71.50326797385621,28.49673202614379","R3,R7,R10"
17.00881767,26.57557869,135,Iris-virginica,Iris-versicolor,NonMatch,"0.0,69.7671568627451,30.2328431372549","R2,R7,R10"
26.96870422,-2.880536079,136,Iris-virginica,Iris-virginica,Match,"0.0,2.0202020202020203,97.97979797979798","R4,R8,R12"
27.64982414,-1.756145954,137,Iris-virginica,Iris-virginica,Match,"0.0,2.0202020202020203,97.97979797979798","R4,R8,R12"
28.78461266,-2.581121206,138,Iris-virginica,Iris-virginica,Match,"0.0,2.0202020202020203,97.97979797979798","R4,R8,R12"
2.094246864,-10.71283436,139,Iris-virginica,Iris-virginica,Match,"0.0,28.061868686868685,71.93813131313132","R2,R8,R12"
28.12361717,-2.297567606,140,Iris-virginica,Iris-virginica,Match,"0.0,2.0202020202020203,97.97979797979798","R4,R8,R12"
30.1188488,-2.123906136,141,Iris-virginica,Iris-virginica,Match,"0.0,2.0202020202020203,97.97979797979798","R4,R8,R12"
31.48359489,0.071467839,142,Iris-virginica,Iris-virginica,Match,"0.0,2.0202020202020203,97.97979797979798","R4,R8,R12"
2.095415592,-10.71607018,143,Iris-virginica,Iris-virginica,Match,"0.0,28.061868686868685,71.93813131313132","R2,R8,R12"
30.49280357,-3.366168737,144,Iris-virginica,Iris-virginica,Match,"0.0,2.0202020202020203,97.97979797979798","R4,R8,R12"
26.31859016,-0.425231069,145,Iris-virginica,Iris-virginica,Match,"0.0,2.0202020202020203,97.97979797979798","R4,R8,R12"
29.65842628,0.390512884,146,Iris-virginica,Iris-virginica,Match,"0.0,2.0202020202020203,97.97979797979798","R4,R8,R12"
30.51112175,-0.782476008,147,Iris-virginica,Iris-virginica,Match,"0.0,2.0202020202020203,97.97979797979798","R4,R8,R12"
31.76164627,-1.19300878,148,Iris-virginica,Iris-virginica,Match,"0.0,2.0202020202020203,97.97979797979798","R4,R8,R12"
26.34313965,-1.748630285,149,Iris-virginica,Iris-virginica,Match,"0.0,2.0202020202020203,97.97979797979798","R4,R8,R12"
2.180578232,-10.65478897,150,Iris-virginica,Iris-virginica,Match,"0.0,28.061868686868685,71.93813131313132","R2,R8,R12"
-40.96243232,-31.715774,151,dummy,dummy,Match,,
-40.96243232,-27.80942809,152,dummy,dummy,Match,,
-40.96243232,-23.90308218,153,dummy,dummy,Match,,
-40.96243232,-19.99673628,154,dummy,dummy,Match,,
-40.96243232,-16.09039037,155,dummy,dummy,Match,,
-40.96243232,-12.18404447,156,dummy,dummy,Match,,
-40.96243232,-8.277698559,157,dummy,dummy,Match,,
-40.96243232,-4.371352653,158,dummy,dummy,Match,,
-40.96243232,-0.465006746,159,dummy,dummy,Match,,
-40.96243232,3.44133916,160,dummy,dummy,Match,,
-40.96243232,7.347685067,161,dummy,dummy,Match,,
-40.96243232,11.25403097,162,dummy,dummy,Match,,
-40.96243232,19.06672279,163,dummy,dummy,Match,,
-40.96243232,22.97306869,164,dummy,dummy,Match,,
-40.96243232,26.8794146,165,dummy,dummy,Match,,
-40.96243232,30.7857605,166,dummy,dummy,Match,,
-37.05608642,-31.715774,167,dummy,dummy,Match,,
-37.05608642,-27.80942809,168,dummy,dummy,Match,,
-37.05608642,-23.90308218,169,dummy,dummy,Match,,
-37.05608642,-19.99673628,170,dummy,dummy,Match,,
-37.05608642,-16.09039037,171,dummy,dummy,Match,,
-37.05608642,-12.18404447,172,dummy,dummy,Match,,
-37.05608642,-8.277698559,173,dummy,dummy,Match,,
-37.05608642,-4.371352653,174,dummy,dummy,Match,,
-37.05608642,-0.465006746,175,dummy,dummy,Match,,
-37.05608642,3.44133916,176,dummy,dummy,Match,,
-37.05608642,7.347685067,177,dummy,dummy,Match,,
-37.05608642,11.25403097,178,dummy,dummy,Match,,
-37.05608642,15.16037688,179,dummy,dummy,Match,,
-37.05608642,19.06672279,180,dummy,dummy,Match,,
-37.05608642,22.97306869,181,dummy,dummy,Match,,
-37.05608642,26.8794146,182,dummy,dummy,Match,,
-37.05608642,30.7857605,183,dummy,dummy,Match,,
-33.14974051,-31.715774,184,dummy,dummy,Match,,
-33.14974051,-27.80942809,185,dummy,dummy,Match,,
-33.14974051,-23.90308218,186,dummy,dummy,Match,,
-33.14974051,-19.99673628,187,dummy,dummy,Match,,
-33.14974051,-16.09039037,188,dummy,dummy,Match,,
-33.14974051,-12.18404447,189,dummy,dummy,Match,,
-33.14974051,-8.277698559,190,dummy,dummy,Match,,
-33.14974051,-4.371352653,191,dummy,dummy,Match,,
-33.14974051,-0.465006746,192,dummy,dummy,Match,,
-33.14974051,3.44133916,193,dummy,dummy,Match,,
-33.14974051,7.347685067,194,dummy,dummy,Match,,
-33.14974051,11.25403097,195,dummy,dummy,Match,,
-33.14974051,15.16037688,196,dummy,dummy,Match,,
-33.14974051,19.06672279,197,dummy,dummy,Match,,
-33.14974051,22.97306869,198,dummy,dummy,Match,,
-33.14974051,26.8794146,199,dummy,dummy,Match,,
-33.14974051,30.7857605,200,dummy,dummy,Match,,
-29.2433946,-31.715774,201,dummy,dummy,Match,,
-29.2433946,-27.80942809,202,dummy,dummy,Match,,
-29.2433946,-23.90308218,203,dummy,dummy,Match,,
-29.2433946,-19.99673628,204,dummy,dummy,Match,,
-29.2433946,-16.09039037,205,dummy,dummy,Match,,
-29.2433946,-12.18404447,206,dummy,dummy,Match,,
-29.2433946,-8.277698559,207,dummy,dummy,Match,,
-29.2433946,-4.371352653,208,dummy,dummy,Match,,
-29.2433946,-0.465006746,209,dummy,dummy,Match,,
-29.2433946,7.347685067,210,dummy,dummy,Match,,
-29.2433946,11.25403097,211,dummy,dummy,Match,,
-29.2433946,15.16037688,212,dummy,dummy,Match,,
-29.2433946,19.06672279,213,dummy,dummy,Match,,
-29.2433946,22.97306869,214,dummy,dummy,Match,,
-29.2433946,26.8794146,215,dummy,dummy,Match,,
-29.2433946,30.7857605,216,dummy,dummy,Match,,
-25.3370487,-31.715774,217,dummy,dummy,Match,,
-25.3370487,-27.80942809,218,dummy,dummy,Match,,
-25.3370487,-23.90308218,219,dummy,dummy,Match,,
-25.3370487,-19.99673628,220,dummy,dummy,Match,,
-25.3370487,-16.09039037,221,dummy,dummy,Match,,
-25.3370487,-12.18404447,222,dummy,dummy,Match,,
-25.3370487,-8.277698559,223,dummy,dummy,Match,,
-25.3370487,-4.371352653,224,dummy,dummy,Match,,
-25.3370487,11.25403097,225,dummy,dummy,Match,,
-25.3370487,15.16037688,226,dummy,dummy,Match,,
-25.3370487,19.06672279,227,dummy,dummy,Match,,
-25.3370487,22.97306869,228,dummy,dummy,Match,,
-25.3370487,26.8794146,229,dummy,dummy,Match,,
-25.3370487,30.7857605,230,dummy,dummy,Match,,
-21.43070279,-27.80942809,231,dummy,dummy,Match,,
-21.43070279,-23.90308218,232,dummy,dummy,Match,,
-21.43070279,-19.99673628,233,dummy,dummy,Match,,
-21.43070279,-16.09039037,234,dummy,dummy,Match,,
-21.43070279,-12.18404447,235,dummy,dummy,Match,,
-21.43070279,-8.277698559,236,dummy,dummy,Match,,
-21.43070279,-4.371352653,237,dummy,dummy,Match,,
-21.43070279,11.25403097,238,dummy,dummy,Match,,
-21.43070279,15.16037688,239,dummy,dummy,Match,,
-21.43070279,19.06672279,240,dummy,dummy,Match,,
-21.43070279,22.97306869,241,dummy,dummy,Match,,
-21.43070279,26.8794146,242,dummy,dummy,Match,,
-21.43070279,30.7857605,243,dummy,dummy,Match,,
-17.52435688,-27.80942809,244,dummy,dummy,Match,,
-17.52435688,-23.90308218,245,dummy,dummy,Match,,
-17.52435688,-19.99673628,246,dummy,dummy,Match,,
-17.52435688,-16.09039037,247,dummy,dummy,Match,,
-17.52435688,-12.18404447,248,dummy,dummy,Match,,
-17.52435688,-8.277698559,249,dummy,dummy,Match,,
-17.52435688,-4.371352653,250,dummy,dummy,Match,,
-17.52435688,11.25403097,251,dummy,dummy,Match,,
-17.52435688,15.16037688,252,dummy,dummy,Match,,
-17.52435688,19.06672279,253,dummy,dummy,Match,,
-17.52435688,22.97306869,254,dummy,dummy,Match,,
-17.52435688,26.8794146,255,dummy,dummy,Match,,
-17.52435688,30.7857605,256,dummy,dummy,Match,,
-13.61801098,-31.715774,257,dummy,dummy,Match,,
-13.61801098,-27.80942809,258,dummy,dummy,Match,,
-13.61801098,-23.90308218,259,dummy,dummy,Match,,
-13.61801098,-19.99673628,260,dummy,dummy,Match,,
-13.61801098,-16.09039037,261,dummy,dummy,Match,,
-13.61801098,-12.18404447,262,dummy,dummy,Match,,
-13.61801098,-8.277698559,263,dummy,dummy,Match,,
-13.61801098,-4.371352653,264,dummy,dummy,Match,,
-13.61801098,-0.465006746,265,dummy,dummy,Match,,
-13.61801098,3.44133916,266,dummy,dummy,Match,,
-13.61801098,7.347685067,267,dummy,dummy,Match,,
-13.61801098,11.25403097,268,dummy,dummy,Match,,
-13.61801098,15.16037688,269,dummy,dummy,Match,,
-13.61801098,19.06672279,270,dummy,dummy,Match,,
-13.61801098,22.97306869,271,dummy,dummy,Match,,
-13.61801098,26.8794146,272,dummy,dummy,Match,,
-13.61801098,30.7857605,273,dummy,dummy,Match,,
-9.711665071,-31.715774,274,dummy,dummy,Match,,
-9.711665071,-27.80942809,275,dummy,dummy,Match,,
-9.711665071,-23.90308218,276,dummy,dummy,Match,,
-9.711665071,-19.99673628,277,dummy,dummy,Match,,
-9.711665071,-16.09039037,278,dummy,dummy,Match,,
-9.711665071,-12.18404447,279,dummy,dummy,Match,,
-9.711665071,-8.277698559,280,dummy,dummy,Match,,
-9.711665071,-4.371352653,281,dummy,dummy,Match,,
-9.711665071,-0.465006746,282,dummy,dummy,Match,,
-9.711665071,3.44133916,283,dummy,dummy,Match,,
-9.711665071,7.347685067,284,dummy,dummy,Match,,
-9.711665071,11.25403097,285,dummy,dummy,Match,,
-9.711665071,15.16037688,286,dummy,dummy,Match,,
-9.711665071,19.06672279,287,dummy,dummy,Match,,
-9.711665071,22.97306869,288,dummy,dummy,Match,,
-9.711665071,26.8794146,289,dummy,dummy,Match,,
-9.711665071,30.7857605,290,dummy,dummy,Match,,
-5.805319165,-31.715774,291,dummy,dummy,Match,,
-5.805319165,-27.80942809,292,dummy,dummy,Match,,
-5.805319165,-23.90308218,293,dummy,dummy,Match,,
-5.805319165,-19.99673628,294,dummy,dummy,Match,,
-5.805319165,-16.09039037,295,dummy,dummy,Match,,
-5.805319165,-12.18404447,296,dummy,dummy,Match,,
-5.805319165,-8.277698559,297,dummy,dummy,Match,,
-5.805319165,-4.371352653,298,dummy,dummy,Match,,
-5.805319165,-0.465006746,299,dummy,dummy,Match,,
-5.805319165,3.44133916,300,dummy,dummy,Match,,
-5.805319165,7.347685067,301,dummy,dummy,Match,,
-5.805319165,11.25403097,302,dummy,dummy,Match,,
-5.805319165,15.16037688,303,dummy,dummy,Match,,
-5.805319165,19.06672279,304,dummy,dummy,Match,,
-5.805319165,22.97306869,305,dummy,dummy,Match,,
-5.805319165,26.8794146,306,dummy,dummy,Match,,
-5.805319165,30.7857605,307,dummy,dummy,Match,,
-1.898973259,-31.715774,308,dummy,dummy,Match,,
-1.898973259,-27.80942809,309,dummy,dummy,Match,,
-1.898973259,-23.90308218,310,dummy,dummy,Match,,
-1.898973259,-19.99673628,311,dummy,dummy,Match,,
-1.898973259,-16.09039037,312,dummy,dummy,Match,,
-1.898973259,-12.18404447,313,dummy,dummy,Match,,
-1.898973259,-8.277698559,314,dummy,dummy,Match,,
-1.898973259,-4.371352653,315,dummy,dummy,Match,,
-1.898973259,-0.465006746,316,dummy,dummy,Match,,
-1.898973259,3.44133916,317,dummy,dummy,Match,,
-1.898973259,7.347685067,318,dummy,dummy,Match,,
-1.898973259,11.25403097,319,dummy,dummy,Match,,
-1.898973259,15.16037688,320,dummy,dummy,Match,,
-1.898973259,19.06672279,321,dummy,dummy,Match,,
-1.898973259,22.97306869,322,dummy,dummy,Match,,
-1.898973259,26.8794146,323,dummy,dummy,Match,,
-1.898973259,30.7857605,324,dummy,dummy,Match,,
2.007372648,-27.80942809,325,dummy,dummy,Match,,
2.007372648,-23.90308218,326,dummy,dummy,Match,,
2.007372648,-19.99673628,327,dummy,dummy,Match,,
2.007372648,-16.09039037,328,dummy,dummy,Match,,
2.007372648,-4.371352653,329,dummy,dummy,Match,,
2.007372648,-0.465006746,330,dummy,dummy,Match,,
2.007372648,3.44133916,331,dummy,dummy,Match,,
2.007372648,7.347685067,332,dummy,dummy,Match,,
2.007372648,11.25403097,333,dummy,dummy,Match,,
2.007372648,15.16037688,334,dummy,dummy,Match,,
2.007372648,19.06672279,335,dummy,dummy,Match,,
2.007372648,22.97306869,336,dummy,dummy,Match,,
2.007372648,26.8794146,337,dummy,dummy,Match,,
5.913718554,-23.90308218,338,dummy,dummy,Match,,
5.913718554,-19.99673628,339,dummy,dummy,Match,,
5.913718554,-16.09039037,340,dummy,dummy,Match,,
5.913718554,-12.18404447,341,dummy,dummy,Match,,
5.913718554,-8.277698559,342,dummy,dummy,Match,,
5.913718554,-4.371352653,343,dummy,dummy,Match,,
5.913718554,-0.465006746,344,dummy,dummy,Match,,
5.913718554,3.44133916,345,dummy,dummy,Match,,
5.913718554,7.347685067,346,dummy,dummy,Match,,
5.913718554,11.25403097,347,dummy,dummy,Match,,
5.913718554,15.16037688,348,dummy,dummy,Match,,
5.913718554,19.06672279,349,dummy,dummy,Match,,
5.913718554,22.97306869,350,dummy,dummy,Match,,
9.820064461,-27.80942809,351,dummy,dummy,Match,,
9.820064461,-23.90308218,352,dummy,dummy,Match,,
9.820064461,-19.99673628,353,dummy,dummy,Match,,
9.820064461,-16.09039037,354,dummy,dummy,Match,,
9.820064461,-12.18404447,355,dummy,dummy,Match,,
9.820064461,-8.277698559,356,dummy,dummy,Match,,
9.820064461,-4.371352653,357,dummy,dummy,Match,,
9.820064461,-0.465006746,358,dummy,dummy,Match,,
9.820064461,3.44133916,359,dummy,dummy,Match,,
9.820064461,7.347685067,360,dummy,dummy,Match,,
9.820064461,11.25403097,361,dummy,dummy,Match,,
9.820064461,15.16037688,362,dummy,dummy,Match,,
9.820064461,19.06672279,363,dummy,dummy,Match,,
9.820064461,22.97306869,364,dummy,dummy,Match,,
13.72641037,-31.715774,365,dummy,dummy,Match,,
13.72641037,-27.80942809,366,dummy,dummy,Match,,
13.72641037,-23.90308218,367,dummy,dummy,Match,,
13.72641037,-19.99673628,368,dummy,dummy,Match,,
13.72641037,-16.09039037,369,dummy,dummy,Match,,
13.72641037,-12.18404447,370,dummy,dummy,Match,,
13.72641037,-8.277698559,371,dummy,dummy,Match,,
13.72641037,-4.371352653,372,dummy,dummy,Match,,
13.72641037,-0.465006746,373,dummy,dummy,Match,,
13.72641037,3.44133916,374,dummy,dummy,Match,,
13.72641037,7.347685067,375,dummy,dummy,Match,,
13.72641037,11.25403097,376,dummy,dummy,Match,,
13.72641037,15.16037688,377,dummy,dummy,Match,,
13.72641037,19.06672279,378,dummy,dummy,Match,,
13.72641037,22.97306869,379,dummy,dummy,Match,,
13.72641037,30.7857605,380,dummy,dummy,Match,,
17.63275627,-31.715774,381,dummy,dummy,Match,,
17.63275627,-27.80942809,382,dummy,dummy,Match,,
17.63275627,-23.90308218,383,dummy,dummy,Match,,
17.63275627,-19.99673628,384,dummy,dummy,Match,,
17.63275627,-16.09039037,385,dummy,dummy,Match,,
17.63275627,-12.18404447,386,dummy,dummy,Match,,
17.63275627,-8.277698559,387,dummy,dummy,Match,,
17.63275627,-4.371352653,388,dummy,dummy,Match,,
17.63275627,-0.465006746,389,dummy,dummy,Match,,
17.63275627,3.44133916,390,dummy,dummy,Match,,
17.63275627,7.347685067,391,dummy,dummy,Match,,
17.63275627,11.25403097,392,dummy,dummy,Match,,
17.63275627,15.16037688,393,dummy,dummy,Match,,
17.63275627,19.06672279,394,dummy,dummy,Match,,
17.63275627,30.7857605,395,dummy,dummy,Match,,
21.53910218,-31.715774,396,dummy,dummy,Match,,
21.53910218,-27.80942809,397,dummy,dummy,Match,,
21.53910218,-23.90308218,398,dummy,dummy,Match,,
21.53910218,-19.99673628,399,dummy,dummy,Match,,
21.53910218,-16.09039037,400,dummy,dummy,Match,,
21.53910218,-12.18404447,401,dummy,dummy,Match,,
21.53910218,-8.277698559,402,dummy,dummy,Match,,
21.53910218,-4.371352653,403,dummy,dummy,Match,,
21.53910218,-0.465006746,404,dummy,dummy,Match,,
21.53910218,3.44133916,405,dummy,dummy,Match,,
21.53910218,7.347685067,406,dummy,dummy,Match,,
21.53910218,11.25403097,407,dummy,dummy,Match,,
21.53910218,15.16037688,408,dummy,dummy,Match,,
21.53910218,19.06672279,409,dummy,dummy,Match,,
21.53910218,22.97306869,410,dummy,dummy,Match,,
21.53910218,26.8794146,411,dummy,dummy,Match,,
21.53910218,30.7857605,412,dummy,dummy,Match,,
25.44544809,-31.715774,413,dummy,dummy,Match,,
25.44544809,-27.80942809,414,dummy,dummy,Match,,
25.44544809,-23.90308218,415,dummy,dummy,Match,,
25.44544809,-19.99673628,416,dummy,dummy,Match,,
25.44544809,-16.09039037,417,dummy,dummy,Match,,
25.44544809,-12.18404447,418,dummy,dummy,Match,,
25.44544809,-8.277698559,419,dummy,dummy,Match,,
25.44544809,7.347685067,420,dummy,dummy,Match,,
25.44544809,11.25403097,421,dummy,dummy,Match,,
25.44544809,15.16037688,422,dummy,dummy,Match,,
25.44544809,19.06672279,423,dummy,dummy,Match,,
25.44544809,22.97306869,424,dummy,dummy,Match,,
25.44544809,26.8794146,425,dummy,dummy,Match,,
25.44544809,30.7857605,426,dummy,dummy,Match,,
29.35179399,-31.715774,427,dummy,dummy,Match,,
29.35179399,-27.80942809,428,dummy,dummy,Match,,
29.35179399,-23.90308218,429,dummy,dummy,Match,,
29.35179399,-19.99673628,430,dummy,dummy,Match,,
29.35179399,-16.09039037,431,dummy,dummy,Match,,
29.35179399,-12.18404447,432,dummy,dummy,Match,,
29.35179399,-8.277698559,433,dummy,dummy,Match,,
29.35179399,7.347685067,434,dummy,dummy,Match,,
29.35179399,11.25403097,435,dummy,dummy,Match,,
29.35179399,15.16037688,436,dummy,dummy,Match,,
29.35179399,19.06672279,437,dummy,dummy,Match,,
29.35179399,22.97306869,438,dummy,dummy,Match,,
29.35179399,26.8794146,439,dummy,dummy,Match,,
29.35179399,30.7857605,440,dummy,dummy,Match,,