Instance,class,Pred_class,Matches,gre,gpa,rank,x,y,Mix,class_new
1,0,0,Match,380,3.61,3,-0.083771698,0.736566721,"R18,R29,R54,R92,R118,R125,R155,R181,R194,R224",1
2,1,0,NonMatch,660,3.67,3,0.473570934,-0.392872634,"R24,R49,R66,R93,R120,R140,R158,R182,R207,R225",2
3,1,1,Match,800,4,1,0.002263495,-0.706600206,"R21,R38,R64,R77,R119,R138,R150,R180,R203,R232",2
4,1,0,NonMatch,640,3.19,4,0.590236559,0.425543713,"R9,R46,R70,R89,R112,R131,R163,R173,R208,R222",2
5,0,0,Match,520,2.93,4,0.388751232,0.508482842,"R5,R45,R57,R89,R101,R126,R163,R173,R198,R215",1
6,1,1,Match,760,3,2,0.22373447,-0.693837459,"R10,R41,R65,R82,R104,R129,R144,R170,R205,R217",2
7,1,1,Match,560,2.98,1,-0.200533238,0.560919408,"R5,R35,R55,R74,R100,R128,R142,R168,R191,R216",2
8,0,0,Match,400,3.08,2,-0.467253716,0.551385006,"R4,R31,R54,R83,R99,R123,R144,R169,R189,R210",1
9,1,0,NonMatch,540,3.39,3,0.281786321,0.273173596,"R5,R43,R56,R86,R120,R131,R156,R175,R198,R215",2
10,0,1,NonMatch,700,3.92,2,-0.219066259,-0.484941935,"R25,R40,R63,R84,R119,R138,R152,R182,R206,R232",1
11,0,0,Match,800,4,4,0.705254483,-0.286741879,"R25,R50,R72,R97,R120,R140,R165,R187,R208,R233",1
12,0,0,Match,440,3.22,1,-0.314930253,0.700303022,"R4,R30,R54,R73,R109,R121,R145,R167,R188,R213",1
13,1,1,Match,760,4,1,0.002263495,-0.706600206,"R21,R38,R64,R77,R119,R138,R150,R180,R203,R232",2
14,0,0,Match,700,3.08,2,-0.715149517,0.070728372,"R8,R40,R63,R83,R103,R144,R169,R205,R221",1
15,1,1,Match,700,4,1,-0.054889859,-0.63559452,"R20,R36,R63,R77,R119,R138,R150,R180,R203,R232",2
16,0,0,Match,480,3.44,3,0.190466085,0.094657888,"R16,R31,R56,R86,R120,R133,R156,R177,R195,R225",1
17,0,0,Match,780,3.87,4,0.705254484,-0.286741879,"R25,R50,R72,R97,R120,R140,R165,R187,R208,R233",1
18,0,0,Match,360,2.56,3,-0.063312068,0.771264266,"R2,R29,R54,R85,R99,R125,R153,R171,R194,R209",1
19,0,1,NonMatch,800,3.75,2,-0.19076447,-0.506560423,"R25,R42,R65,R84,R119,R138,R152,R182,R206,R230",1
20,1,1,Match,540,3.81,1,0.078521306,-0.693465392,"R15,R35,R58,R75,R119,R136,R150,R180,R193,R229",2
21,0,0,Match,500,3.17,3,0.2212088,0.382068393,"R5,R43,R56,R86,R109,R131,R156,R173,R198,R215",1
22,1,1,Match,660,3.63,2,-0.320903831,-0.404104516,"R24,R39,R63,R84,R119,R138,R152,R182,R206,R225",2
23,0,0,Match,600,2.82,4,0.464851526,0.616829872,"R9,R46,R70,R88,R101,R126,R162,R173,R204,R219",1
24,0,0,Match,680,3.19,4,0.64026423,0.370114116,"R9,R50,R72,R91,R112,R131,R163,R173,R208,R222",1
25,1,1,Match,760,3.35,2,-0.739244103,-0.138529344,"R14,R41,R65,R84,R117,R132,R151,R170,R205,R221",2
26,1,1,Match,800,3.66,1,-0.094197372,-0.755778222,"R21,R38,R64,R76,R119,R138,R149,R179,R201,R228",2
27,1,1,Match,620,3.61,1,-0.214220153,-0.691268552,"R19,R35,R63,R75,R119,R138,R149,R179,R201,R223",2
28,1,1,Match,520,3.74,4,0.673341886,0.039192111,"R18,R45,R59,R96,R120,R136,R164,R184,R198,R225",2
29,1,1,Match,780,3.22,2,-0.753012846,-0.122985873,"R10,R41,R65,R84,R113,R132,R147,R170,R205,R221",2
30,0,0,Match,520,3.29,1,-0.140942649,0.345680823,"R5,R35,R55,R75,R114,R131,R145,R167,R192,R214",1
31,0,1,NonMatch,540,3.78,4,0.718902712,0.056768495,"R18,R45,R59,R96,R120,R136,R164,R184,R198,R233",1
32,0,0,Match,760,3.35,3,0.320634797,-0.155423354,"R14,R49,R69,R87,R117,R132,R156,R175,R207,R221",1
33,0,0,Match,600,3.4,3,0.340610602,-0.010572098,"R12,R44,R66,R86,R120,R131,R156,R175,R207,R221",1
34,1,0,NonMatch,800,4,3,0.436232474,-0.49902991,"R25,R49,R69,R94,R120,R140,R158,R182,R207,R232",2
35,0,0,Match,360,3.14,1,-0.224939709,0.727730607,"R4,R29,R54,R73,R99,R121,R142,R167,R188,R209",1
36,0,0,Match,400,3.05,2,-0.467253716,0.551385006,"R4,R31,R54,R83,R99,R123,R144,R169,R189,R210",1
37,0,1,NonMatch,580,3.25,1,-0.130915108,0.225651744,"R6,R35,R55,R74,R114,R131,R145,R168,R192,R220",1
38,0,0,Match,520,2.9,3,0.197904188,0.424759797,"R5,R43,R56,R86,R101,R126,R156,R173,R198,R215",1
39,1,0,NonMatch,500,3.13,2,-0.33777016,0.238178354,"R5,R39,R56,R84,R99,R131,R144,R169,R189,R213",2
40,1,0,NonMatch,520,2.68,3,0.039667869,0.471666159,"R5,R43,R56,R86,R101,R126,R154,R172,R197,R215",2
41,0,0,Match,560,2.42,2,-0.541362979,0.318237633,"R3,R39,R56,R79,R101,R126,R143,R169,R191,R217",1
42,1,0,NonMatch,580,3.32,2,-0.388603168,0.088994802,"R6,R39,R56,R84,R116,R131,R145,R169,R192,R221",2
43,1,1,Match,600,3.15,2,-0.551878588,0.023320277,"R8,R39,R63,R84,R110,R131,R144,R169,R205,R221",2
44,0,0,Match,500,3.31,3,0.222620179,0.332599068,"R5,R43,R56,R86,R116,R131,R156,R175,R198,R215",1
45,0,1,NonMatch,700,2.94,2,-0.748297013,0.191634707,"R8,R40,R62,R81,R103,R129,R144,R169,R205,R217",1
46,1,0,NonMatch,460,3.45,3,0.190466085,0.094657888,"R16,R31,R56,R86,R120,R133,R156,R177,R195,R225",2
47,1,1,Match,580,3.46,2,-0.504685299,-0.216544228,"R22,R39,R56,R84,R119,R137,R151,R178,R192,R225",2
48,0,0,Match,500,2.97,4,0.39154234,0.526706888,"R5,R45,R57,R89,R99,R129,R163,R173,R198,R215",1
49,0,0,Match,440,2.48,4,0.12112115,0.738915241,"R2,R32,R54,R88,R99,R125,R159,R171,R194,R215",1
50,0,0,Match,400,3.35,3,-0.057426749,0.717403918,"R4,R31,R54,R85,R117,R125,R155,R175,R194,R210",1
51,0,0,Match,640,3.86,3,0.413040107,-0.414366702,"R25,R44,R66,R93,R120,R139,R158,R182,R207,R231",1
52,0,0,Match,440,3.13,4,0.158276808,0.689380935,"R4,R32,R54,R89,R99,R125,R161,R173,R194,R215",1
53,0,0,Match,740,3.37,4,0.648943615,0.214708707,"R14,R50,R72,R91,R120,R131,R163,R175,R208,R222",1
54,1,1,Match,680,3.27,2,-0.544488417,-0.025202913,"R13,R39,R63,R84,R114,R131,R146,R169,R205,R221",2
55,0,0,Match,660,3.34,3,0.252273132,-0.061909426,"R13,R49,R66,R87,R116,R131,R156,R175,R207,R221",1
56,1,0,NonMatch,740,4,3,0.436232474,-0.49902991,"R25,R49,R69,R94,R120,R140,R158,R182,R207,R232",2
57,0,0,Match,560,3.19,3,0.144529471,0.275308755,"R5,R44,R56,R86,R110,R131,R156,R173,R198,R221",1
58,0,0,Match,380,2.94,3,0.005280639,0.733590639,"R4,R29,R54,R85,R99,R125,R155,R173,R194,R209",1
59,0,0,Match,400,3.65,2,-0.719929675,0.202586126,"R17,R31,R54,R84,R118,R124,R148,R181,R190,R224",1
60,0,0,Match,600,2.82,4,0.464851527,0.616829872,"R9,R46,R70,R88,R101,R126,R162,R173,R204,R219",1
61,1,1,Match,620,3.18,2,-0.564001373,0.014907843,"R8,R39,R63,R84,R111,R131,R144,R169,R205,R221",2
62,0,0,Match,560,3.32,4,0.48087828,0.397053103,"R5,R46,R57,R89,R116,R131,R163,R175,R198,R222",1
63,0,0,Match,640,3.67,3,0.400496928,-0.354275327,"R24,R44,R66,R93,R120,R139,R158,R182,R207,R225",1
64,1,1,Match,680,3.85,3,0.485955392,-0.474216616,"R25,R49,R69,R93,R120,R140,R158,R182,R207,R231",2
65,0,0,Match,580,4,3,0.490096088,-0.242366575,"R25,R44,R60,R94,R120,R139,R158,R181,R198,R232",1
66,0,1,NonMatch,600,3.59,2,-0.365003628,-0.387700363,"R24,R39,R63,R84,R119,R138,R152,R181,R206,R225",1
67,0,0,Match,740,3.62,4,0.725693182,-0.222521849,"R24,R50,R72,R97,R120,R140,R164,R186,R208,R228",1
68,0,0,Match,620,3.3,1,-0.719870654,-0.065620127,"R11,R35,R63,R75,R114,R131,R145,R168,R199,R220",1
69,0,1,NonMatch,580,3.69,1,-0.164195712,-0.725719045,"R19,R35,R58,R75,R119,R138,R149,R179,R193,R223",1
70,0,1,NonMatch,800,3.73,1,-0.041830846,-0.752521347,"R21,R38,R64,R76,R119,R138,R149,R180,R202,R228",1
71,0,0,Match,640,4,3,0.36070677,-0.481065617,"R25,R44,R67,R94,R120,R139,R158,R182,R207,R232",1
72,0,0,Match,300,2.92,4,0.248495185,0.724022723,"R4,R26,R51,R89,R98,R125,R159,R173,R194,R211",1
73,0,0,Match,480,3.39,4,0.453265047,0.316438435,"R5,R34,R57,R89,R120,R131,R161,R175,R196,R215",1
74,0,0,Match,580,4,2,-0.387162083,-0.465147902,"R25,R39,R60,R84,R119,R138,R152,R181,R193,R232",1
75,0,0,Match,720,3.45,4,0.759663699,-0.127315111,"R23,R50,R72,R91,R120,R140,R163,R186,R208,R227",1
76,0,0,Match,720,4,3,0.436232474,-0.49902991,"R25,R49,R69,R94,R120,R140,R158,R182,R207,R232",1
77,0,0,Match,560,3.36,3,0.24445717,0.189708631,"R5,R44,R56,R86,R120,R131,R156,R175,R198,R221",1
78,1,0,NonMatch,800,4,3,0.436232474,-0.49902991,"R25,R49,R69,R94,R120,R140,R158,R182,R207,R232",2
79,0,0,Match,540,3.12,1,-0.237446163,0.5874835,"R5,R35,R55,R73,R100,R130,R142,R167,R191,R214",1
80,1,1,Match,620,4,1,-0.054493177,-0.616005908,"R20,R35,R63,R75,R119,R138,R150,R180,R203,R232",2
81,0,0,Match,700,2.9,4,0.603094786,0.526996517,"R9,R48,R71,R90,R105,R127,R163,R173,R204,R219",1
82,0,1,NonMatch,620,3.07,2,-0.648064676,0.083221439,"R8,R39,R63,R83,R101,R144,R169,R205,R221",1
83,0,0,Match,500,2.71,2,-0.360527778,0.411676601,"R5,R39,R56,R80,R99,R126,R143,R169,R189,R213",1
84,0,0,Match,380,2.91,4,0.132143928,0.712969863,"R4,R32,R54,R89,R99,R125,R159,R173,R194,R211",1
85,1,1,Match,500,3.6,3,0.532005701,0.035542694,"R43,R59,R92,R120,R134,R156,R181,R198,R225",2
86,0,0,Match,520,2.98,2,-0.397222703,0.309664852,"R5,R39,R56,R82,R101,R129,R144,R169,R191,R214",1
87,0,0,Match,600,3.32,2,-0.489973767,-0.000117192,"R11,R39,R63,R84,R116,R131,R145,R169,R205,R221",1
88,0,1,NonMatch,600,3.48,2,-0.421915589,-0.360055538,"R24,R39,R63,R84,R119,R137,R152,R178,R206,R225",1
89,0,0,Match,700,3.28,1,-0.082222576,-0.039536413,"R13,R36,R63,R74,R76,R114,R131,R147,R168,R199,R220",1
90,1,1,Match,660,4,2,-0.255097678,-0.439248263,"R25,R39,R63,R84,R119,R138,R152,R182,R206,R232",2
91,0,1,NonMatch,700,3.83,2,-0.265416449,-0.501882189,"R25,R40,R63,R84,R119,R138,R152,R182,R206,R231",1
92,1,1,Match,720,3.64,1,-0.278127949,-0.690848023,"R19,R36,R63,R76,R119,R138,R149,R179,R201,R227",2
93,0,1,NonMatch,800,3.9,2,-0.163455546,-0.492641353,"R25,R42,R65,R84,R119,R138,R152,R182,R206,R232",1
94,0,0,Match,580,2.93,2,-0.523272431,0.316738583,"R6,R39,R56,R80,R101,R126,R143,R169,R191,R217",1
95,1,1,Match,660,3.44,2,-0.552492567,-0.273415568,"R22,R39,R63,R84,R119,R137,R151,R178,R205,R225",2
96,0,0,Match,660,3.33,2,-0.49175264,-0.004201569,"R13,R39,R63,R84,R116,R131,R145,R169,R205,R221",1
97,0,0,Match,640,3.52,4,0.692519755,-0.047008334,"R24,R46,R70,R89,R120,R139,R164,R185,R208,R225",1
98,0,0,Match,480,3.57,2,-0.237120868,-0.194314539,"R31,R56,R84,R119,R134,R152,R181,R190,R225",1
99,0,0,Match,700,2.88,2,-0.678409155,0.380698466,"R8,R40,R62,R80,R103,R127,R143,R169,R204,R217",1
100,0,0,Match,400,3.31,3,-0.048449188,0.708125538,"R4,R31,R54,R85,R116,R125,R155,R175,R194,R210",1
101,0,0,Match,340,3.15,3,0.067027118,0.763339528,"R4,R28,R53,R85,R108,R125,R155,R173,R194,R209",1
102,0,0,Match,580,3.57,3,0.393092962,0.030650795,"R24,R44,R56,R86,R120,R139,R156,R181,R198,R225",1
103,0,0,Match,380,3.33,4,0.185023899,0.722838539,"R4,R33,R54,R89,R116,R125,R160,R175,R194,R211",1
104,0,1,NonMatch,540,3.94,3,0.590319824,-0.077227439,"R18,R43,R60,R93,R120,R136,R157,R181,R198,R232",1
105,1,1,Match,660,3.95,2,-0.255097678,-0.439248263,"R25,R39,R63,R84,R119,R138,R152,R182,R206,R232",2
106,1,1,Match,740,2.97,2,0.22979142,-0.694349954,"R10,R41,R62,R82,R104,R129,R144,R170,R205,R217",2
107,1,1,Match,700,3.56,1,-0.278127949,-0.690848023,"R19,R36,R63,R76,R119,R138,R149,R179,R201,R227",2
108,0,0,Match,480,3.13,2,-0.299061252,0.310744964,"R5,R31,R56,R84,R99,R131,R144,R169,R189,R213",1
109,0,0,Match,400,2.93,3,-0.019400729,0.704164079,"R4,R31,R54,R85,R99,R125,R155,R173,R194,R210",1
110,0,0,Match,480,3.45,2,-0.584613177,-0.205246968,"R16,R31,R56,R84,R119,R133,R151,R177,R190,R225",1
111,0,0,Match,680,3.08,4,0.694812988,0.366466466,"R9,R50,R72,R91,R106,R163,R173,R208,R222",1
112,0,0,Match,420,3.41,4,0.267617753,0.642355707,"R4,R33,R54,R89,R120,R125,R161,R175,R194,R215",1
113,0,0,Match,360,3,3,0.005280639,0.733590639,"R4,R29,R54,R85,R99,R125,R155,R173,R194,R209",1
114,0,0,Match,600,3.22,1,-0.146121712,0.060112375,"R8,R35,R63,R74,R110,R131,R145,R168,R199,R220",1
115,0,1,NonMatch,720,3.84,3,0.485955392,-0.474216616,"R25,R49,R69,R93,R120,R140,R158,R182,R207,R231",1
116,0,0,Match,620,3.99,3,0.36070677,-0.481065617,"R25,R44,R67,R94,R120,R139,R158,R182,R207,R232",1
117,1,0,NonMatch,440,3.45,2,-0.639770553,-0.219134683,"R16,R31,R54,R84,R119,R124,R151,R177,R190,R225",2
118,0,1,NonMatch,700,3.72,2,-0.274749279,-0.506776223,"R25,R40,R63,R84,R119,R138,R152,R182,R206,R227",1
119,1,1,Match,800,3.7,1,-0.09419728,-0.755778223,"R21,R38,R64,R76,R119,R138,R149,R179,R201,R228",2
120,0,0,Match,340,2.92,3,0.034424854,0.740947617,"R4,R26,R51,R85,R99,R125,R155,R173,R194,R209",1
121,1,1,Match,520,3.74,2,-0.500122073,-0.384328254,"R17,R39,R59,R84,R119,R136,R152,R181,R193,R225",2
122,1,0,NonMatch,480,2.67,2,-0.33814724,0.486108933,"R2,R5,R31,R56,R80,R99,R126,R143,R169,R189,R213",2
123,0,0,Match,520,2.85,3,0.197904188,0.424759797,"R5,R43,R56,R86,R101,R126,R156,R173,R198,R215",1
124,0,0,Match,500,2.98,3,0.214062869,0.447563622,"R5,R43,R56,R86,R99,R129,R156,R173,R198,R215",1
125,0,1,NonMatch,720,3.88,3,0.485955392,-0.474216616,"R25,R49,R69,R93,R120,R140,R158,R182,R207,R231",1
126,0,0,Match,540,3.38,4,0.456166265,0.32615354,"R5,R45,R57,R89,R120,R131,R163,R175,R198,R215",1
127,1,1,Match,600,3.54,1,-0.214220153,-0.691268552,"R19,R35,R63,R75,R119,R138,R149,R179,R201,R223",2
128,0,0,Match,740,3.74,4,0.702834626,-0.271691226,"R25,R50,R72,R97,R120,R140,R164,R187,R208,R228",1
129,0,0,Match,540,3.19,2,-0.365073226,0.194766853,"R5,R39,R56,R84,R110,R131,R144,R169,R191,R214",1
130,0,0,Match,460,3.15,4,0.350378006,0.564159797,"R5,R32,R57,R89,R109,R131,R161,R173,R196,R215",1
131,1,1,Match,620,3.17,2,-0.564001373,0.014907843,"R8,R39,R63,R84,R111,R131,R144,R169,R205,R221",2
132,0,0,Match,640,2.79,2,-0.635264266,0.304541764,"R8,R39,R61,R80,R101,R126,R143,R169,R204,R217",1
133,0,1,NonMatch,580,3.4,2,-0.391986572,-0.016440781,"R6,R39,R56,R84,R119,R131,R151,R169,R192,R221",1
134,0,0,Match,500,3.08,3,0.218491575,0.453443534,"R5,R43,R56,R86,R99,R156,R173,R198,R215",1
135,0,0,Match,560,2.95,2,-0.44570439,0.300926022,"R5,R39,R56,R81,R101,R129,R144,R169,R191,R217",1
136,0,0,Match,500,3.57,3,0.393291002,0.119709029,"R43,R56,R86,R120,R134,R156,R181,R198,R225",1
137,0,0,Match,560,3.33,4,0.48087828,0.397053103,"R5,R46,R57,R89,R116,R131,R163,R175,R198,R222",1
138,0,0,Match,700,4,3,0.436232474,-0.49902991,"R25,R49,R69,R94,R120,R140,R158,R182,R207,R232",1
139,0,1,NonMatch,620,3.4,2,-0.493389166,-0.102321767,"R12,R39,R63,R84,R119,R131,R151,R169,R205,R221",1
140,1,1,Match,600,3.58,1,-0.214220153,-0.691268552,"R19,R35,R63,R75,R119,R138,R149,R179,R201,R223",2
141,0,1,NonMatch,640,3.93,2,-0.255097678,-0.439248263,"R25,R39,R63,R84,R119,R138,R152,R182,R206,R232",1
142,1,1,Match,700,3.52,4,0.731646929,-0.192941776,"R24,R50,R72,R91,R120,R140,R164,R186,R208,R227",2
143,0,0,Match,620,3.94,4,0.733297274,-0.106560068,"R25,R46,R70,R96,R120,R139,R164,R185,R208,R233",1
144,0,0,Match,580,3.4,3,0.266393636,0.149417913,"R6,R44,R56,R86,R120,R131,R156,R175,R198,R221",1
145,0,0,Match,580,3.4,4,0.56080458,0.279602258,"R7,R46,R57,R89,R120,R131,R163,R175,R198,R222",1
146,0,0,Match,380,3.43,3,-0.072519708,0.766529419,"R4,R29,R54,R85,R118,R125,R155,R177,R194,R209",1
147,0,0,Match,480,3.4,2,-0.292875117,0.126361336,"R5,R31,R56,R84,R119,R131,R151,R169,R189,R213",1
148,0,0,Match,560,2.71,3,0.154938109,0.364133576,"R5,R44,R56,R86,R101,R126,R156,R173,R198,R218",1
149,1,0,NonMatch,480,2.91,1,-0.240604894,0.644721371,"R5,R30,R55,R73,R99,R126,R142,R167,R188,R213",2
150,0,0,Match,740,3.31,1,-0.050464702,-0.057983953,"R14,R36,R63,R76,R116,R131,R147,R168,R199,R220",1
151,1,1,Match,800,3.74,1,-0.004600401,-0.735801087,"R21,R38,R64,R77,R119,R138,R150,R180,R203,R228",2
152,0,0,Match,400,3.38,2,-0.544921848,0.451014612,"R4,R31,R54,R84,R118,R124,R148,R169,R189,R210",1
153,1,1,Match,640,3.94,2,-0.255097678,-0.439248263,"R25,R39,R63,R84,R119,R138,R152,R182,R206,R232",2
154,0,0,Match,580,3.46,3,0.399927271,0.068233713,"R22,R44,R56,R86,R120,R139,R156,R178,R198,R225",1
155,0,0,Match,620,3.69,3,0.391952148,-0.383903674,"R25,R44,R66,R93,R120,R139,R158,R182,R207,R225",1
156,1,0,NonMatch,580,2.86,4,0.476582157,0.563627221,"R7,R46,R57,R88,R101,R126,R162,R173,R198,R219",2
157,0,0,Match,560,2.52,2,-0.541362979,0.318237633,"R3,R39,R56,R79,R101,R126,R143,R169,R191,R217",1
158,1,1,Match,480,3.58,1,0.10631485,-0.732446321,"R15,R30,R58,R75,R119,R134,R149,R179,R188,R223",2
159,0,1,NonMatch,660,3.49,2,-0.421915589,-0.360055538,"R24,R39,R63,R84,R119,R137,R152,R178,R206,R225",1
160,0,0,Match,700,3.82,3,0.493255217,-0.468768077,"R25,R49,R69,R93,R120,R140,R158,R182,R207,R230",1
161,0,1,NonMatch,600,3.13,2,-0.535442538,0.042489035,"R8,R39,R63,R84,R101,R131,R144,R169,R205,R221",1
162,0,1,NonMatch,640,3.5,2,-0.320903831,-0.404104516,"R24,R39,R63,R84,R119,R138,R152,R182,R206,R225",1
163,1,1,Match,700,3.56,2,-0.327309086,-0.511421503,"R24,R40,R63,R84,R119,R138,R152,R182,R206,R227",2
164,0,0,Match,520,2.73,2,-0.374410922,0.353256885,"R5,R39,R56,R80,R101,R126,R143,R169,R191,R214",1
165,0,0,Match,580,3.3,2,-0.408815691,0.091865105,"R6,R39,R56,R84,R114,R131,R145,R169,R192,R221",1
166,0,1,NonMatch,700,4,1,-0.054889859,-0.63559452,"R20,R36,R63,R77,R119,R138,R150,R180,R203,R232",1
167,0,0,Match,440,3.24,4,0.206148439,0.717365317,"R4,R34,R54,R89,R115,R125,R161,R174,R194,R215",1
168,0,0,Match,720,3.77,3,0.493255217,-0.468768077,"R25,R49,R69,R93,R120,R140,R158,R182,R207,R230",1
169,0,0,Match,500,4,3,0.602891882,-0.042478837,"R18,R43,R60,R94,R120,R134,R157,R181,R198,R232",1
170,0,0,Match,600,3.62,3,0.424307627,-0.228912793,"R24,R44,R66,R93,R120,R139,R156,R181,R207,R225",1
171,0,0,Match,400,3.51,3,-0.101231739,0.716039057,"R31,R54,R85,R118,R125,R155,R181,R194,R224",1
172,0,0,Match,540,2.81,3,0.197904188,0.424759797,"R5,R43,R56,R86,R101,R126,R156,R173,R198,R215",1
173,0,0,Match,680,3.48,3,0.565762855,-0.322698322,"R24,R49,R69,R87,R120,R140,R156,R178,R207,R226",1
174,1,1,Match,800,3.43,2,-0.664527605,-0.259962199,"R14,R42,R65,R84,R119,R137,R151,R178,R205,R221",2
175,0,0,Match,500,3.53,4,0.663753866,0.132877577,"R45,R57,R89,R120,R133,R164,R183,R198,R225",1
176,1,1,Match,620,3.37,2,-0.493389166,-0.102321767,"R12,R39,R63,R84,R119,R131,R151,R169,R205,R221",2
177,0,0,Match,520,2.62,2,-0.483555297,0.340235104,"R2,R39,R56,R79,R101,R126,R143,R169,R191,R214",1
178,1,0,NonMatch,620,3.23,3,0.210760155,-0.05850636,"R8,R44,R66,R87,R112,R131,R156,R174,R207,R221",2
179,0,0,Match,620,3.33,3,0.266220049,-0.013222725,"R11,R44,R66,R87,R116,R131,R156,R175,R207,R221",1
180,0,0,Match,300,3.01,3,0.053986096,0.763461499,"R4,R27,R52,R85,R98,R125,R155,R173,R194,R209",1
181,0,0,Match,620,3.78,3,0.404039003,-0.414679313,"R25,R44,R66,R93,R120,R139,R158,R182,R207,R229",1
182,0,0,Match,500,3.88,4,0.726102476,0.064148155,"R18,R45,R59,R96,R120,R134,R164,R183,R198,R233",1
183,0,1,NonMatch,700,4,2,-0.219066259,-0.484941935,"R25,R40,R63,R84,R119,R138,R152,R182,R206,R232",1
184,1,1,Match,540,3.84,2,-0.5306891,-0.41506656,"R17,R39,R59,R84,R119,R136,R152,R181,R193,R231",2
185,0,0,Match,500,2.79,4,0.326138873,0.571076213,"R5,R45,R57,R88,R99,R126,R162,R173,R198,R215",1
186,0,1,NonMatch,800,3.6,2,-0.327013279,-0.551497998,"R24,R42,R65,R84,R119,R138,R152,R182,R206,R228",1
187,0,1,NonMatch,560,3.61,3,0.518570799,-0.004526257,"R18,R44,R59,R92,R120,R135,R156,R181,R198,R225",1
188,0,0,Match,580,2.88,2,-0.523272431,0.316738583,"R6,R39,R56,R80,R101,R126,R143,R169,R191,R217",1
189,0,0,Match,560,3.07,2,-0.428820704,0.267247242,"R5,R39,R56,R83,R101,R144,R169,R191,R221",1
190,0,0,Match,500,3.35,2,-0.346774569,0.178372477,"R5,R39,R56,R84,R117,R131,R151,R169,R189,R213",1
191,1,1,Match,640,2.94,2,-0.683654016,0.180451151,"R8,R39,R62,R81,R101,R129,R144,R169,R205,R217",2
192,0,0,Match,800,3.54,3,0.530088824,-0.357206547,"R24,R49,R69,R87,R120,R140,R156,R182,R207,R228",1
193,0,0,Match,640,3.76,3,0.421942413,-0.413177704,"R25,R44,R66,R93,R120,R139,R158,R182,R207,R230",1
194,0,0,Match,380,3.59,4,0.244326677,0.751339149,"R33,R54,R89,R118,R125,R160,R183,R194,R224",1
195,1,1,Match,600,3.47,2,-0.552492567,-0.273415568,"R22,R39,R63,R84,R119,R137,R151,R178,R205,R225",2
196,0,1,NonMatch,560,3.59,2,-0.492598986,-0.361015292,"R39,R59,R84,R119,R135,R152,R181,R193,R225",1
197,0,0,Match,660,3.07,3,0.230552149,-0.031343977,"R8,R49,R66,R87,R101,R156,R173,R207,R221",1
198,1,0,NonMatch,400,3.23,4,0.178575694,0.75502229,"R4,R33,R54,R89,R108,R125,R161,R174,R194,R212",2
199,0,0,Match,600,3.63,3,0.424307627,-0.228912793,"R24,R44,R66,R93,R120,R139,R156,R181,R207,R225",1
200,0,0,Match,580,3.77,4,0.69001491,-0.027986597,"R25,R46,R59,R96,R120,R139,R164,R185,R198,R233",1
201,0,0,Match,800,3.31,3,0.315126446,-0.140864691,"R14,R49,R69,R87,R116,R132,R156,R175,R207,R221",1
202,1,0,NonMatch,580,3.2,2,-0.420144346,0.12041368,"R6,R39,R56,R84,R110,R131,R145,R169,R191,R221",2
203,1,1,Match,700,4,1,-0.054889859,-0.63559452,"R20,R36,R63,R77,R119,R138,R150,R180,R203,R232",2
204,0,0,Match,420,3.92,4,0.702822928,0.223828553,"R18,R33,R54,R96,R120,R125,R161,R183,R194,R233",1
205,1,1,Match,600,3.89,1,-0.086538127,-0.636355101,"R19,R35,R63,R75,R119,R138,R150,R180,R203,R232",2
206,1,0,NonMatch,780,3.8,3,0.493255217,-0.468768077,"R25,R49,R69,R93,R120,R140,R158,R182,R207,R230",2
207,0,1,NonMatch,740,3.54,1,-0.259524241,-0.696575001,"R19,R36,R63,R76,R119,R138,R149,R179,R201,R228",1
208,1,1,Match,640,3.63,1,-0.235123071,-0.692384291,"R19,R35,R63,R76,R119,R138,R149,R179,R201,R223",2
209,0,0,Match,540,3.16,3,0.206136287,0.37603419,"R5,R43,R56,R86,R110,R131,R156,R173,R198,R215",1
210,0,1,NonMatch,580,3.5,2,-0.329166575,-0.292905131,"R24,R39,R56,R84,R119,R138,R152,R181,R193,R225",1
211,0,0,Match,740,3.34,4,0.642004972,0.314034411,"R14,R50,R72,R91,R116,R131,R163,R175,R208,R222",1
212,0,0,Match,580,3.02,2,-0.576391032,0.266406631,"R6,R39,R56,R83,R101,R144,R169,R191,R217",1
213,0,0,Match,460,2.87,2,-0.338609507,0.4842152,"R5,R31,R56,R80,R99,R126,R143,R169,R189,R213",1
214,0,0,Match,640,3.38,3,0.341922125,-0.060683441,"R13,R44,R66,R87,R120,R131,R156,R175,R207,R221",1
215,1,1,Match,600,3.56,2,-0.365003628,-0.387700363,"R24,R39,R63,R84,R119,R138,R152,R181,R206,R225",2
216,1,0,NonMatch,660,2.91,3,0.463136264,0.49074438,"R8,R47,R66,R87,R101,R126,R156,R173,R204,R219",2
217,0,0,Match,340,2.9,1,-0.248271857,0.742032902,"R4,R26,R51,R73,R99,R121,R142,R166,R188,R209",1
218,1,1,Match,460,3.64,1,0.106314851,-0.732446321,"R15,R30,R58,R75,R119,R134,R149,R179,R188,R223",2
219,0,0,Match,460,2.98,1,-0.25036596,0.659830299,"R5,R30,R55,R73,R99,R128,R142,R167,R188,R213",1
220,1,1,Match,560,3.59,2,-0.493847142,-0.363436536,"R39,R59,R84,R119,R135,R152,R181,R193,R225",2
221,0,0,Match,540,3.28,3,0.236776596,0.341974496,"R5,R43,R56,R86,R115,R131,R156,R175,R198,R215",1
222,0,0,Match,680,3.99,3,0.436232474,-0.49902991,"R25,R49,R69,R94,R120,R140,R158,R182,R207,R232",1
223,1,0,NonMatch,480,3.02,1,-0.253877703,0.660904174,"R5,R30,R55,R73,R99,R142,R167,R188,R213",2
224,0,1,NonMatch,800,3.47,3,0.587002487,-0.329443998,"R22,R49,R69,R87,R120,R140,R156,R178,R207,R228",1
225,0,0,Match,800,2.9,2,0.263370147,-0.715817982,"R10,R42,R65,R80,R104,R127,R143,R170,R204,R217",1
226,1,0,NonMatch,720,3.5,3,0.525324701,-0.3541224,"R24,R49,R69,R87,R120,R140,R156,R182,R207,R227",2
227,0,1,NonMatch,620,3.58,2,-0.320903831,-0.404104516,"R24,R39,R63,R84,R119,R138,R152,R182,R206,R225",1
228,0,0,Match,540,3.02,4,0.417825243,0.506378985,"R5,R45,R57,R89,R101,R163,R173,R198,R215",1
229,0,0,Match,480,3.43,2,-0.567019384,-0.122050919,"R5,R31,R56,R84,R119,R133,R151,R177,R190,R213",1
230,1,1,Match,720,3.42,2,-0.627242307,-0.268537599,"R14,R41,R63,R84,R119,R137,R151,R178,R205,R221",2
231,0,0,Match,580,3.29,4,0.547315681,0.397590217,"R7,R46,R57,R89,R115,R131,R163,R175,R198,R222",1
232,0,0,Match,600,3.28,3,0.274265313,0.05615692,"R11,R44,R66,R86,R115,R131,R156,R175,R207,R221",1
233,0,0,Match,380,3.38,2,-0.542380406,0.47444356,"R4,R29,R54,R84,R118,R124,R148,R169,R189,R209",1
234,0,0,Match,420,2.67,3,-0.039195766,0.693449263,"R2,R4,R31,R54,R85,R99,R125,R153,R172,R194,R215",1
235,1,1,Match,800,3.53,1,-0.094197372,-0.755778222,"R21,R38,R64,R76,R119,R138,R149,R179,R201,R228",2
236,0,1,NonMatch,620,3.05,2,-0.646783353,0.085239353,"R8,R39,R63,R83,R101,R144,R169,R205,R221",1
237,1,1,Match,660,3.49,2,-0.421915589,-0.360055538,"R24,R39,R63,R84,R119,R137,R152,R178,R206,R225",2
238,0,0,Match,480,4,2,-0.144091613,-0.317451656,"R17,R31,R60,R84,R119,R134,R152,R181,R190,R232",1
239,0,0,Match,500,2.86,4,0.326138873,0.571076213,"R5,R45,R57,R88,R99,R126,R162,R173,R198,R215",1
240,0,1,NonMatch,700,3.45,3,0.583653148,-0.324978701,"R22,R49,R69,R87,R120,R140,R156,R178,R207,R227",1
241,0,0,Match,440,2.76,2,-0.427719175,0.571346328,"R4,R31,R54,R80,R99,R122,R143,R169,R189,R213",1
242,1,1,Match,520,3.81,1,0.078521306,-0.693465392,"R15,R35,R58,R75,R119,R136,R150,R180,R193,R229",2
243,1,1,Match,680,2.96,3,0.524824956,0.190458521,"R8,R47,R68,R87,R105,R129,R156,R173,R207,R219",2
244,0,1,NonMatch,620,3.22,2,-0.551828086,-0.000970991,"R8,R39,R63,R84,R111,R131,R145,R169,R205,R221",1
245,0,0,Match,540,3.04,1,-0.241126996,0.593140284,"R5,R35,R55,R73,R100,R142,R167,R191,R214",1
246,0,1,NonMatch,800,3.91,3,0.450788589,-0.480019572,"R25,R49,R69,R93,R120,R140,R158,R182,R207,R232",1
247,0,0,Match,680,3.34,2,-0.511851926,-0.026013138,"R13,R39,R63,R84,R116,R131,R146,R151,R169,R205,R221",1
248,0,0,Match,440,3.17,2,-0.515391356,0.434664467,"R4,R31,R54,R84,R109,R124,R144,R169,R189,R213",1
249,0,0,Match,680,3.64,3,0.52166918,-0.44553388,"R24,R49,R69,R93,R120,R140,R158,R182,R207,R226",1
250,0,0,Match,640,3.73,3,0.391952148,-0.383903674,"R25,R44,R66,R93,R120,R139,R158,R182,R207,R225",1
251,0,0,Match,660,3.31,4,0.603534477,0.347946122,"R13,R50,R70,R89,R116,R131,R163,R175,R208,R222",1
252,0,0,Match,620,3.21,4,0.586469942,0.427582148,"R9,R46,R70,R89,R112,R131,R163,R173,R174,R208,R222",1
253,1,1,Match,520,4,2,-0.494879999,-0.43553456,"R17,R39,R60,R84,R119,R136,R152,R181,R193,R232",2
254,1,0,NonMatch,540,3.55,4,0.650033178,0.125460377,"R45,R57,R89,R120,R135,R164,R184,R198,R225",2
255,1,1,Match,740,3.52,4,0.729568885,-0.203454404,"R24,R50,R72,R91,R120,R140,R164,R186,R208,R228",2
256,0,0,Match,640,3.35,3,0.259617717,-0.033583743,"R13,R44,R66,R87,R117,R131,R156,R175,R207,R221",1
257,1,0,NonMatch,520,3.3,2,-0.322353993,0.156872336,"R5,R39,R56,R84,R114,R131,R145,R169,R192,R214",2
258,1,1,Match,620,3.95,3,0.37090812,-0.461298223,"R25,R44,R67,R93,R120,R139,R158,R182,R207,R232",2
259,0,1,NonMatch,520,3.51,2,-0.371613747,-0.240963994,"R39,R56,R84,R119,R135,R152,R181,R193,R225",1
260,0,1,NonMatch,640,3.81,2,-0.288427627,-0.43882892,"R25,R39,R63,R84,R119,R138,R152,R182,R206,R230",1
261,0,0,Match,680,3.11,2,-0.674641765,0.054024335,"R8,R39,R63,R83,R103,R130,R144,R169,R205,R221",1
262,0,0,Match,440,3.15,2,-0.505749311,0.444001052,"R4,R31,R54,R84,R109,R123,R144,R169,R189,R213",1
263,1,0,NonMatch,520,3.19,3,0.2212088,0.382068393,"R5,R43,R56,R86,R109,R131,R156,R173,R198,R215",2
264,1,1,Match,620,3.95,3,0.37090812,-0.461298223,"R25,R44,R67,R93,R120,R139,R158,R182,R207,R232",2
265,1,1,Match,520,3.9,3,0.58619027,-0.071578371,"R18,R43,R59,R93,R120,R136,R157,R181,R198,R232",2
266,0,0,Match,380,3.34,3,-0.015001363,0.744641974,"R4,R29,R54,R85,R116,R125,R155,R175,R194,R209",1
267,0,0,Match,560,3.24,4,0.499385106,0.425468996,"R5,R46,R57,R89,R115,R131,R163,R174,R198,R222",1
268,1,0,NonMatch,600,3.64,3,0.419117848,-0.308448777,"R24,R44,R66,R93,R120,R139,R158,R181,R207,R225",2
269,1,1,Match,680,3.46,2,-0.59811497,-0.282560314,"R22,R39,R63,R84,R119,R137,R151,R178,R205,R226",2
270,0,0,Match,500,2.81,3,0.193428199,0.452035397,"R5,R43,R56,R86,R99,R126,R156,R173,R198,R215",1
271,1,1,Match,640,3.95,2,-0.255097678,-0.439248263,"R25,R39,R63,R84,R119,R138,R152,R182,R206,R232",2
272,0,0,Match,540,3.33,3,0.222620179,0.332599068,"R5,R43,R56,R86,R116,R131,R156,R175,R198,R215",1
273,1,1,Match,680,3.67,2,-0.345844963,-0.439181764,"R24,R39,R63,R84,R119,R138,R152,R182,R206,R226",2
274,0,0,Match,660,3.32,1,-0.107014764,-0.002531899,"R13,R35,R63,R76,R116,R131,R145,R168,R199,R220",1
275,0,0,Match,520,3.12,2,-0.413484197,0.312649935,"R5,R39,R56,R83,R101,R130,R144,R169,R191,R214",1
276,1,1,Match,600,2.98,2,-0.679601183,0.182701432,"R8,R39,R62,R82,R101,R129,R144,R169,R205,R217",2
277,0,1,NonMatch,460,3.77,3,0.636369988,-0.119700409,"R18,R31,R59,R93,R120,R134,R157,R181,R195,R229",1
278,1,1,Match,580,3.58,1,-0.164195712,-0.725719045,"R19,R35,R58,R75,R119,R138,R149,R179,R193,R223",2
279,1,1,Match,680,3,4,0.437414407,-0.649845966,"R9,R47,R71,R90,R105,R129,R163,R173,R208,R219",2
280,1,1,Match,660,3.14,2,-0.535442538,0.042489035,"R8,R39,R63,R84,R101,R131,R144,R169,R205,R221",2
281,0,1,NonMatch,660,3.94,2,-0.255097678,-0.439248263,"R25,R39,R63,R84,R119,R138,R152,R182,R206,R232",1
282,0,0,Match,360,3.27,3,-0.012288031,0.75611338,"R4,R29,R54,R85,R115,R125,R155,R175,R194,R209",1
283,0,0,Match,660,3.45,4,0.722511836,-0.037286757,"R23,R50,R70,R89,R120,R140,R163,R185,R208,R225",1
284,0,0,Match,520,3.1,4,0.4191374,0.504597804,"R5,R45,R57,R89,R101,R163,R173,R198,R215",1
285,1,0,NonMatch,440,3.39,2,-0.558375312,0.181542038,"R4,R31,R54,R84,R119,R124,R151,R169,R189,R213",2
286,0,0,Match,600,3.31,4,0.594385796,0.376441438,"R11,R46,R70,R89,R116,R131,R163,R175,R208,R222",1
287,1,1,Match,800,3.22,1,0.77775952,0.222461683,"R10,R37,R64,R74,R113,R132,R147,R168,R200,R220",2
288,1,1,Match,660,3.7,4,0.674219132,-0.217866484,"R25,R50,R70,R95,R120,R140,R164,R185,R208,R225",2
289,0,0,Match,800,3.15,4,0.704470719,0.335098055,"R10,R50,R72,R91,R113,R132,R163,R173,R208,R222",1
290,0,0,Match,420,2.26,4,0.12112115,0.738915241,"R2,R32,R54,R88,R99,R125,R159,R171,R194,R215",1
291,1,1,Match,620,3.45,2,-0.552492567,-0.273415568,"R22,R39,R63,R84,R119,R137,R151,R178,R205,R225",2
292,0,0,Match,800,2.78,2,-0.711440441,0.399924278,"R10,R42,R61,R80,R104,R127,R143,R170,R204,R217",1
293,0,1,NonMatch,680,3.7,2,-0.301131668,-0.441743822,"R25,R39,R63,R84,R119,R138,R152,R182,R206,R226",1
294,0,1,NonMatch,800,3.97,1,0.002263495,-0.706600206,"R21,R38,R64,R77,R119,R138,R150,R180,R203,R232",1
295,0,0,Match,480,2.55,1,-0.318145125,0.678837508,"R1,R30,R55,R73,R99,R126,R141,R167,R188,R213",1
296,0,0,Match,520,3.25,3,0.236776596,0.341974496,"R5,R43,R56,R86,R115,R131,R156,R175,R198,R215",1
297,0,0,Match,560,3.16,1,-0.141110084,0.419355686,"R5,R35,R55,R74,R110,R131,R142,R168,R191,R220",1
298,0,0,Match,460,3.07,2,-0.364655245,0.470832017,"R5,R31,R56,R83,R99,R144,R169,R189,R213",1
299,0,1,NonMatch,540,3.5,2,-0.377070302,-0.239678262,"R16,R39,R56,R84,R119,R135,R152,R181,R193,R225",1
300,0,0,Match,720,3.4,3,0.364498174,-0.104331513,"R14,R49,R69,R87,R120,R131,R156,R175,R207,R221",1
301,0,0,Match,640,3.3,2,-0.521960362,-0.010802665,"R13,R39,R63,R84,R114,R131,R145,R169,R205,R221",1
302,1,1,Match,660,3.6,3,0.458194727,-0.306795364,"R24,R49,R66,R92,R120,R140,R156,R182,R207,R225",2
303,1,0,NonMatch,400,3.15,2,-0.548918435,0.424089121,"R4,R31,R54,R84,R107,R123,R144,R169,R189,R210",2
304,1,1,Match,680,3.98,2,-0.255097678,-0.439248263,"R25,R39,R63,R84,R119,R138,R152,R182,R206,R232",2
305,0,0,Match,220,2.83,3,0.048139538,0.760473254,"R4,R26,R51,R85,R98,R125,R155,R173,R194,R209",1
306,0,0,Match,580,3.46,4,0.629849777,0.152733305,"R23,R46,R57,R89,R120,R139,R163,R185,R198,R225",1
307,1,0,NonMatch,540,3.17,1,-0.177840774,0.491115185,"R5,R35,R55,R73,R110,R131,R142,R167,R191,R214",2
308,0,1,NonMatch,580,3.51,2,-0.329166575,-0.292905131,"R24,R39,R56,R84,R119,R138,R152,R181,R193,R225",1
309,0,0,Match,540,3.13,2,-0.36546421,0.20644383,"R5,R39,R56,R84,R101,R131,R144,R169,R191,R214",1
310,0,0,Match,440,2.98,3,0.070562307,0.646569994,"R4,R31,R54,R85,R99,R125,R156,R173,R194,R215",1
311,0,0,Match,560,4,3,0.555956487,-0.163038301,"R18,R44,R60,R94,R120,R136,R158,R181,R198,R232",1
312,0,1,NonMatch,660,3.67,2,-0.320903831,-0.404104516,"R24,R39,R63,R84,R119,R138,R152,R182,R206,R225",1
313,0,0,Match,660,3.77,3,0.487482629,-0.445855193,"R25,R49,R66,R93,R120,R140,R158,R182,R207,R230",1
314,1,1,Match,520,3.65,4,0.668963954,0.035610072,"R18,R45,R59,R95,R120,R136,R164,R184,R198,R225",2
315,0,0,Match,540,3.46,4,0.61845741,0.172646343,"R16,R45,R57,R89,R120,R135,R163,R184,R198,R225",1
316,1,0,NonMatch,300,2.84,2,-0.454935937,0.65316924,"R4,R26,R51,R80,R98,R123,R143,R166,R189,R209",2
317,1,1,Match,340,3,2,-0.414207646,0.655169336,"R4,R27,R52,R82,R99,R123,R144,R166,R189,R209",2
318,1,0,NonMatch,780,3.63,4,0.718732623,-0.257897253,"R24,R50,R72,R97,R120,R140,R165,R187,R208,R228",2
319,1,1,Match,480,3.71,4,0.736999305,-0.014212577,"R18,R34,R59,R95,R120,R134,R161,R183,R196,R225",2
320,0,0,Match,540,3.28,1,-0.15175728,0.374127362,"R5,R35,R55,R73,R75,R114,R131,R145,R167,R192,R214",1
321,0,0,Match,460,3.14,3,0.085594199,0.411441722,"R5,R31,R56,R86,R99,R131,R156,R173,R195,R215",1
322,0,1,NonMatch,460,3.58,2,-0.54098691,-0.377968653,"R31,R59,R84,R119,R134,R152,R181,R190,R225",1
323,0,0,Match,500,3.01,4,0.397704073,0.532418735,"R5,R45,R57,R89,R99,R163,R173,R198,R215",1
324,0,0,Match,420,2.69,2,-0.427719175,0.571346328,"R4,R31,R54,R80,R99,R122,R143,R169,R189,R213",1
325,0,0,Match,520,2.7,3,0.197904188,0.424759797,"R5,R43,R56,R86,R101,R126,R156,R173,R198,R215",1
326,0,1,NonMatch,680,3.9,1,-0.051872116,-0.621993993,"R20,R35,R63,R77,R119,R138,R150,R180,R203,R232",1
327,0,0,Match,680,3.31,2,-0.506894688,-0.015660322,"R13,R39,R63,R84,R116,R131,R146,R169,R205,R221",1
328,1,1,Match,560,3.48,2,-0.404434582,-0.221393938,"R16,R39,R56,R84,R119,R135,R152,R178,R192,R225",2
329,0,0,Match,580,3.34,2,-0.399568813,0.078373875,"R6,R39,R56,R84,R116,R131,R145,R151,R169,R192,R221",1
330,0,0,Match,500,2.93,4,0.370365909,0.531768813,"R5,R45,R57,R89,R99,R126,R163,R173,R198,R215",1
331,0,0,Match,740,4,3,0.436232474,-0.49902991,"R25,R49,R69,R94,R120,R140,R158,R182,R207,R232",1
332,0,0,Match,660,3.59,3,0.454245089,-0.297984027,"R24,R49,R66,R87,R120,R140,R156,R182,R207,R225",1
333,0,0,Match,420,2.96,1,-0.273754246,0.705000221,"R4,R30,R54,R73,R99,R121,R142,R167,R188,R213",1
334,0,0,Match,560,3.43,3,0.269279569,0.166586761,"R5,R44,R56,R86,R120,R135,R156,R178,R198,R221",1
335,1,1,Match,460,3.64,3,0.587298977,-0.117246189,"R18,R31,R59,R93,R120,R134,R157,R181,R195,R225",2
336,1,1,Match,620,3.71,1,-0.214220153,-0.691268552,"R19,R35,R63,R75,R119,R138,R149,R179,R201,R223",2
337,0,0,Match,520,3.15,3,0.2212088,0.382068393,"R5,R43,R56,R86,R109,R131,R156,R173,R198,R215",1
338,0,0,Match,620,3.09,4,0.611096659,0.39854082,"R9,R46,R70,R89,R101,R163,R173,R208,R222",1
339,0,0,Match,540,3.2,1,-0.177012064,0.457519677,"R5,R35,R55,R73,R110,R131,R145,R167,R191,R214",1
340,1,1,Match,660,3.47,3,0.526155891,-0.260929423,"R22,R49,R66,R87,R120,R140,R156,R178,R207,R225",2
341,0,0,Match,500,3.23,4,0.429955447,0.448842558,"R5,R45,R57,R89,R109,R131,R163,R174,R198,R215",1
342,1,1,Match,560,2.65,3,-0.030799377,0.427061363,"R3,R44,R56,R86,R101,R126,R154,R172,R197,R218",2
343,0,0,Match,500,3.95,4,0.733332578,0.071548983,"R18,R45,R60,R96,R120,R134,R164,R183,R198,R233",1
344,0,0,Match,580,3.06,2,-0.543929519,0.234113838,"R6,R39,R56,R83,R101,R144,R169,R191,R221",1
345,0,0,Match,520,3.35,3,0.222904009,0.337619886,"R5,R43,R56,R86,R117,R131,R156,R175,R198,R215",1
346,0,0,Match,500,3.03,3,0.221338802,0.452044117,"R5,R43,R56,R86,R99,R156,R173,R198,R215",1
347,0,1,NonMatch,600,3.35,2,-0.55713677,-0.043569911,"R12,R39,R63,R84,R117,R131,R151,R169,R205,R221",1
348,0,1,NonMatch,580,3.8,2,-0.431924843,-0.453940363,"R25,R39,R59,R84,R119,R138,R152,R181,R193,R229",1
349,0,0,Match,400,3.36,2,-0.544921848,0.451014612,"R4,R31,R54,R84,R118,R124,R148,R169,R189,R210",1
350,0,0,Match,620,2.85,2,-0.637095973,0.297870029,"R8,R39,R62,R80,R101,R126,R143,R169,R204,R217",1
351,1,1,Match,780,4,2,-0.15730775,-0.489660077,"R25,R41,R65,R84,R119,R138,R152,R182,R206,R232",2
352,0,0,Match,620,3.43,3,0.408485834,-0.162349765,"R12,R44,R66,R87,R120,R139,R156,R178,R207,R221",1
353,1,0,NonMatch,580,3.12,3,0.141089722,0.253098905,"R6,R44,R56,R86,R101,R130,R156,R173,R198,R221",2
354,0,1,NonMatch,700,3.52,2,-0.327309086,-0.511421503,"R24,R40,R63,R84,R119,R138,R152,R182,R206,R227",1
355,1,1,Match,540,3.78,2,-0.534718069,-0.41215887,"R17,R39,R59,R84,R119,R136,R152,R181,R193,R229",2
356,1,1,Match,760,2.81,1,0.317701221,-0.736508934,"R10,R37,R64,R74,R102,R127,R141,R168,R200,R216",2
357,0,0,Match,700,3.27,2,-0.615846292,-0.023979544,"R13,R40,R63,R84,R114,R131,R147,R169,R205,R221",1
358,0,0,Match,720,3.31,1,-0.050464702,-0.057983953,"R14,R36,R63,R76,R116,R131,R147,R168,R199,R220",1
359,1,1,Match,560,3.69,3,0.543433616,-0.125019587,"R18,R44,R59,R93,R120,R136,R158,R181,R198,R225",2
360,0,1,NonMatch,720,3.94,3,0.450788589,-0.480019572,"R25,R49,R69,R93,R120,R140,R158,R182,R207,R232",1
361,1,1,Match,520,4,1,0.074393412,-0.661755978,"R15,R35,R58,R75,R119,R136,R150,R180,R193,R232",2
362,1,1,Match,540,3.49,1,0.103742049,-0.647762116,"R15,R35,R55,R75,R119,R135,R149,R176,R192,R223",2
363,0,1,NonMatch,680,3.14,2,-0.570552574,0.018317618,"R8,R39,R63,R84,R103,R131,R144,R169,R205,R221",1
364,0,0,Match,460,3.44,2,-0.584613177,-0.205246968,"R16,R31,R56,R84,R119,R133,R151,R177,R190,R225",1
365,1,1,Match,560,3.36,1,-0.087304589,0.013390527,"R5,R35,R55,R75,R119,R131,R149,R168,R192,R220",2
366,0,0,Match,480,2.78,3,0.096702016,0.467099085,"R5,R31,R56,R86,R99,R126,R156,R173,R195,R215",1
367,0,0,Match,460,2.93,3,0.096702016,0.467099085,"R5,R31,R56,R86,R99,R126,R156,R173,R195,R215",1
368,0,0,Match,620,3.63,3,0.393083973,-0.281722394,"R24,R44,R66,R93,R120,R139,R156,R182,R207,R225",1
369,0,1,NonMatch,580,4,1,0.007311885,-0.648026465,"R20,R35,R58,R75,R119,R138,R150,R180,R193,R232",1
370,0,1,NonMatch,800,3.89,2,-0.163455546,-0.492641353,"R25,R42,R65,R84,R119,R138,R152,R182,R206,R232",1
371,1,1,Match,540,3.77,2,-0.534718069,-0.41215887,"R17,R39,R59,R84,R119,R136,R152,R181,R193,R229",2
372,1,0,NonMatch,680,3.76,3,0.493255217,-0.468768077,"R25,R49,R69,R93,R120,R140,R158,R182,R207,R230",2
373,1,1,Match,680,2.42,1,-0.721841181,0.339147426,"R8,R35,R61,R74,R102,R126,R141,R168,R199,R216",2
374,1,1,Match,620,3.37,1,-0.043131417,-0.288643371,"R12,R35,R63,R75,R119,R131,R149,R168,R199,R220",2
375,0,1,NonMatch,560,3.78,2,-0.534718069,-0.41215887,"R17,R39,R59,R84,R119,R136,R152,R181,R193,R229",1
376,0,0,Match,560,3.49,4,0.614890456,0.179620784,"R16,R46,R57,R89,R120,R135,R163,R185,R198,R225",1
377,0,1,NonMatch,620,3.63,2,-0.320903831,-0.404104516,"R24,R39,R63,R84,R119,R138,R152,R182,R206,R225",1
378,1,1,Match,800,4,2,-0.163455546,-0.492641353,"R25,R42,R65,R84,R119,R138,R152,R182,R206,R232",2
379,0,0,Match,640,3.12,3,0.23198096,0.016786258,"R8,R44,R66,R87,R101,R130,R156,R173,R207,R221",1
380,0,0,Match,540,2.7,2,-0.374410922,0.353256885,"R5,R39,R56,R80,R101,R126,R143,R169,R191,R214",1
381,0,1,NonMatch,700,3.65,2,-0.327309086,-0.511421503,"R24,R40,R63,R84,R119,R138,R152,R182,R206,R227",1
382,1,1,Match,540,3.49,2,-0.404434584,-0.221393939,"R16,R39,R56,R84,R119,R135,R152,R178,R192,R225",2
383,0,1,NonMatch,540,3.51,2,-0.382642235,-0.246325191,"R39,R56,R84,R119,R135,R152,R181,R193,R225",1
384,0,1,NonMatch,660,4,1,-0.051872116,-0.621993993,"R20,R35,R63,R77,R119,R138,R150,R180,R203,R232",1
385,1,0,NonMatch,480,2.62,2,-0.402112304,0.509340418,"R2,R31,R56,R78,R99,R126,R143,R169,R189,R213",2
386,0,0,Match,420,3.02,1,-0.273754246,0.705000221,"R4,R30,R54,R73,R99,R121,R142,R167,R188,R213",1
387,1,1,Match,740,3.86,2,-0.254410506,-0.501095719,"R25,R41,R63,R84,R119,R138,R152,R182,R206,R231",2
388,0,1,NonMatch,580,3.36,2,-0.391986572,-0.016440781,"R6,R39,R56,R84,R119,R131,R151,R169,R192,R221",1
389,0,1,NonMatch,640,3.17,2,-0.564001373,0.014907843,"R8,R39,R63,R84,R111,R131,R144,R169,R205,R221",1
390,0,1,NonMatch,640,3.51,2,-0.320903831,-0.404104516,"R24,R39,R63,R84,R119,R138,R152,R182,R206,R225",1
391,1,1,Match,800,3.05,2,-0.788335268,0.045652079,"R10,R42,R65,R83,R104,R144,R170,R205,R221",2
392,1,1,Match,660,3.88,2,-0.294531071,-0.442907693,"R25,R39,R63,R84,R119,R138,R152,R182,R206,R231",2
393,1,0,NonMatch,600,3.38,3,0.340610602,-0.010572098,"R12,R44,R66,R86,R120,R131,R156,R175,R207,R221",2
394,1,1,Match,620,3.75,2,-0.304470144,-0.444937125,"R25,R39,R63,R84,R119,R138,R152,R182,R206,R229",2
395,1,1,Match,460,3.99,3,0.250017224,-0.354831219,"R18,R31,R60,R94,R120,R134,R157,R181,R195,R232",2
396,0,1,NonMatch,620,4,2,-0.255097678,-0.439248263,"R25,R39,R63,R84,R119,R138,R152,R182,R206,R232",1
397,0,0,Match,560,3.04,3,0.143540283,0.299254254,"R5,R44,R56,R86,R101,R156,R173,R198,R221",1
398,0,0,Match,460,2.63,2,-0.402112304,0.509340418,"R2,R31,R56,R78,R99,R126,R143,R169,R189,R213",1
399,0,1,NonMatch,700,3.65,2,-0.327309086,-0.511421503,"R24,R40,R63,R84,R119,R138,R152,R182,R206,R227",1
400,0,0,Match,600,3.89,3,0.380251666,-0.397606874,"R25,R44,R66,R93,R120,R139,R158,R181,R207,R232",1
401,,,Match,,,,-0.746421397,-0.713864352,,
402,,,Match,,,,-0.746421397,-0.671950481,,
403,,,Match,,,,-0.746421397,-0.63003661,,
404,,,Match,,,,-0.746421397,-0.588122739,,
405,,,Match,,,,-0.746421397,-0.546208868,,
406,,,Match,,,,-0.746421397,-0.504294997,,
407,,,Match,,,,-0.746421397,-0.462381126,,
408,,,Match,,,,-0.746421397,-0.420467255,,
409,,,Match,,,,-0.746421397,-0.378553384,,
410,,,Match,,,,-0.746421397,-0.336639513,,
411,,,Match,,,,-0.746421397,-0.294725642,,
412,,,Match,,,,-0.746421397,-0.252811771,,
413,,,Match,,,,-0.746421397,-0.2108979,,
414,,,Match,,,,-0.746421397,-0.001328545,,
415,,,Match,,,,-0.746421397,0.040585326,,
416,,,Match,,,,-0.746421397,0.124413068,,
417,,,Match,,,,-0.746421397,0.250154681,,
418,,,Match,,,,-0.746421397,0.292068552,,
419,,,Match,,,,-0.746421397,0.375896294,,
420,,,Match,,,,-0.746421397,0.459724036,,
421,,,Match,,,,-0.746421397,0.501637907,,
422,,,Match,,,,-0.746421397,0.543551778,,
423,,,Match,,,,-0.746421397,0.585465649,,
424,,,Match,,,,-0.746421397,0.62737952,,
425,,,Match,,,,-0.746421397,0.669293391,,
426,,,Match,,,,-0.746421397,0.711207262,,
427,,,Match,,,,-0.746421397,0.753121133,,
428,,,Match,,,,-0.704507526,-0.713864352,,
429,,,Match,,,,-0.704507526,-0.671950481,,
430,,,Match,,,,-0.704507526,-0.63003661,,
431,,,Match,,,,-0.704507526,-0.588122739,,
432,,,Match,,,,-0.704507526,-0.546208868,,
433,,,Match,,,,-0.704507526,-0.504294997,,
434,,,Match,,,,-0.704507526,-0.462381126,,
435,,,Match,,,,-0.704507526,-0.420467255,,
436,,,Match,,,,-0.704507526,-0.378553384,,
437,,,Match,,,,-0.704507526,-0.336639513,,
438,,,Match,,,,-0.704507526,-0.294725642,,
439,,,Match,,,,-0.704507526,-0.2108979,,
440,,,Match,,,,-0.704507526,-0.168984029,,
441,,,Match,,,,-0.704507526,-0.001328545,,
442,,,Match,,,,-0.704507526,0.124413068,,
443,,,Match,,,,-0.704507526,0.250154681,,
444,,,Match,,,,-0.704507526,0.292068552,,
445,,,Match,,,,-0.704507526,0.459724036,,
446,,,Match,,,,-0.704507526,0.501637907,,
447,,,Match,,,,-0.704507526,0.543551778,,
448,,,Match,,,,-0.704507526,0.585465649,,
449,,,Match,,,,-0.704507526,0.62737952,,
450,,,Match,,,,-0.704507526,0.669293391,,
451,,,Match,,,,-0.704507526,0.711207262,,
452,,,Match,,,,-0.704507526,0.753121133,,
453,,,Match,,,,-0.662593655,-0.713864352,,
454,,,Match,,,,-0.662593655,-0.671950481,,
455,,,Match,,,,-0.662593655,-0.63003661,,
456,,,Match,,,,-0.662593655,-0.588122739,,
457,,,Match,,,,-0.662593655,-0.546208868,,
458,,,Match,,,,-0.662593655,-0.504294997,,
459,,,Match,,,,-0.662593655,-0.462381126,,
460,,,Match,,,,-0.662593655,-0.420467255,,
461,,,Match,,,,-0.662593655,-0.378553384,,
462,,,Match,,,,-0.662593655,-0.336639513,,
463,,,Match,,,,-0.662593655,-0.168984029,,
464,,,Match,,,,-0.662593655,-0.127070158,,
465,,,Match,,,,-0.662593655,-0.085156287,,
466,,,Match,,,,-0.662593655,-0.043242416,,
467,,,Match,,,,-0.662593655,-0.001328545,,
468,,,Match,,,,-0.662593655,0.124413068,,
469,,,Match,,,,-0.662593655,0.250154681,,
470,,,Match,,,,-0.662593655,0.459724036,,
471,,,Match,,,,-0.662593655,0.501637907,,
472,,,Match,,,,-0.662593655,0.543551778,,
473,,,Match,,,,-0.662593655,0.585465649,,
474,,,Match,,,,-0.662593655,0.62737952,,
475,,,Match,,,,-0.662593655,0.669293391,,
476,,,Match,,,,-0.662593655,0.711207262,,
477,,,Match,,,,-0.662593655,0.753121133,,
478,,,Match,,,,-0.620679784,-0.713864352,,
479,,,Match,,,,-0.620679784,-0.671950481,,
480,,,Match,,,,-0.620679784,-0.63003661,,
481,,,Match,,,,-0.620679784,-0.588122739,,
482,,,Match,,,,-0.620679784,-0.546208868,,
483,,,Match,,,,-0.620679784,-0.504294997,,
484,,,Match,,,,-0.620679784,-0.462381126,,
485,,,Match,,,,-0.620679784,-0.420467255,,
486,,,Match,,,,-0.620679784,-0.378553384,,
487,,,Match,,,,-0.620679784,-0.336639513,,
488,,,Match,,,,-0.620679784,-0.168984029,,
489,,,Match,,,,-0.620679784,-0.127070158,,
490,,,Match,,,,-0.620679784,-0.085156287,,
491,,,Match,,,,-0.620679784,0.040585326,,
492,,,Match,,,,-0.620679784,0.124413068,,
493,,,Match,,,,-0.620679784,0.166326939,,
494,,,Match,,,,-0.620679784,0.20824081,,
495,,,Match,,,,-0.620679784,0.250154681,,
496,,,Match,,,,-0.620679784,0.375896294,,
497,,,Match,,,,-0.620679784,0.417810165,,
498,,,Match,,,,-0.620679784,0.459724036,,
499,,,Match,,,,-0.620679784,0.501637907,,
500,,,Match,,,,-0.620679784,0.543551778,,
501,,,Match,,,,-0.620679784,0.585465649,,
502,,,Match,,,,-0.620679784,0.62737952,,
503,,,Match,,,,-0.620679784,0.669293391,,
504,,,Match,,,,-0.620679784,0.711207262,,
505,,,Match,,,,-0.620679784,0.753121133,,
506,,,Match,,,,-0.578765913,-0.713864352,,
507,,,Match,,,,-0.578765913,-0.671950481,,
508,,,Match,,,,-0.578765913,-0.63003661,,
509,,,Match,,,,-0.578765913,-0.588122739,,
510,,,Match,,,,-0.578765913,-0.546208868,,
511,,,Match,,,,-0.578765913,-0.504294997,,
512,,,Match,,,,-0.578765913,-0.462381126,,
513,,,Match,,,,-0.578765913,-0.420467255,,
514,,,Match,,,,-0.578765913,-0.336639513,,
515,,,Match,,,,-0.578765913,0.082499197,,
516,,,Match,,,,-0.578765913,0.124413068,,
517,,,Match,,,,-0.578765913,0.375896294,,
518,,,Match,,,,-0.578765913,0.501637907,,
519,,,Match,,,,-0.578765913,0.543551778,,
520,,,Match,,,,-0.578765913,0.585465649,,
521,,,Match,,,,-0.578765913,0.62737952,,
522,,,Match,,,,-0.578765913,0.669293391,,
523,,,Match,,,,-0.578765913,0.711207262,,
524,,,Match,,,,-0.578765913,0.753121133,,
525,,,Match,,,,-0.536852042,-0.713864352,,
526,,,Match,,,,-0.536852042,-0.671950481,,
527,,,Match,,,,-0.536852042,-0.63003661,,
528,,,Match,,,,-0.536852042,-0.588122739,,
529,,,Match,,,,-0.536852042,-0.546208868,,
530,,,Match,,,,-0.536852042,-0.504294997,,
531,,,Match,,,,-0.536852042,-0.462381126,,
532,,,Match,,,,-0.536852042,-0.168984029,,
533,,,Match,,,,-0.536852042,-0.085156287,,
534,,,Match,,,,-0.536852042,0.124413068,,
535,,,Match,,,,-0.536852042,0.375896294,,
536,,,Match,,,,-0.536852042,0.543551778,,
537,,,Match,,,,-0.536852042,0.585465649,,
538,,,Match,,,,-0.536852042,0.62737952,,
539,,,Match,,,,-0.536852042,0.669293391,,
540,,,Match,,,,-0.536852042,0.711207262,,
541,,,Match,,,,-0.536852042,0.753121133,,
542,,,Match,,,,-0.494938171,-0.713864352,,
543,,,Match,,,,-0.494938171,-0.671950481,,
544,,,Match,,,,-0.494938171,-0.63003661,,
545,,,Match,,,,-0.494938171,-0.588122739,,
546,,,Match,,,,-0.494938171,-0.546208868,,
547,,,Match,,,,-0.494938171,-0.504294997,,
548,,,Match,,,,-0.494938171,-0.294725642,,
549,,,Match,,,,-0.494938171,-0.168984029,,
550,,,Match,,,,-0.494938171,0.082499197,,
551,,,Match,,,,-0.494938171,0.124413068,,
552,,,Match,,,,-0.494938171,0.166326939,,
553,,,Match,,,,-0.494938171,0.20824081,,
554,,,Match,,,,-0.494938171,0.250154681,,
555,,,Match,,,,-0.494938171,0.501637907,,
556,,,Match,,,,-0.494938171,0.585465649,,
557,,,Match,,,,-0.494938171,0.62737952,,
558,,,Match,,,,-0.494938171,0.669293391,,
559,,,Match,,,,-0.494938171,0.711207262,,
560,,,Match,,,,-0.494938171,0.753121133,,
561,,,Match,,,,-0.4530243,-0.713864352,,
562,,,Match,,,,-0.4530243,-0.671950481,,
563,,,Match,,,,-0.4530243,-0.63003661,,
564,,,Match,,,,-0.4530243,-0.588122739,,
565,,,Match,,,,-0.4530243,-0.546208868,,
566,,,Match,,,,-0.4530243,-0.504294997,,
567,,,Match,,,,-0.4530243,-0.294725642,,
568,,,Match,,,,-0.4530243,-0.252811771,,
569,,,Match,,,,-0.4530243,-0.2108979,,
570,,,Match,,,,-0.4530243,-0.168984029,,
571,,,Match,,,,-0.4530243,-0.127070158,,
572,,,Match,,,,-0.4530243,-0.085156287,,
573,,,Match,,,,-0.4530243,-0.043242416,,
574,,,Match,,,,-0.4530243,0.040585326,,
575,,,Match,,,,-0.4530243,0.082499197,,
576,,,Match,,,,-0.4530243,0.166326939,,
577,,,Match,,,,-0.4530243,0.20824081,,
578,,,Match,,,,-0.4530243,0.375896294,,
579,,,Match,,,,-0.4530243,0.417810165,,
580,,,Match,,,,-0.4530243,0.459724036,,
581,,,Match,,,,-0.4530243,0.501637907,,
582,,,Match,,,,-0.4530243,0.711207262,,
583,,,Match,,,,-0.4530243,0.753121133,,
584,,,Match,,,,-0.411110429,-0.713864352,,
585,,,Match,,,,-0.411110429,-0.671950481,,
586,,,Match,,,,-0.411110429,-0.63003661,,
587,,,Match,,,,-0.411110429,-0.588122739,,
588,,,Match,,,,-0.411110429,-0.546208868,,
589,,,Match,,,,-0.411110429,-0.504294997,,
590,,,Match,,,,-0.411110429,-0.294725642,,
591,,,Match,,,,-0.411110429,-0.168984029,,
592,,,Match,,,,-0.411110429,-0.127070158,,
593,,,Match,,,,-0.411110429,-0.085156287,,
594,,,Match,,,,-0.411110429,0.166326939,,
595,,,Match,,,,-0.411110429,0.20824081,,
596,,,Match,,,,-0.411110429,0.375896294,,
597,,,Match,,,,-0.411110429,0.417810165,,
598,,,Match,,,,-0.411110429,0.459724036,,
599,,,Match,,,,-0.411110429,0.711207262,,
600,,,Match,,,,-0.411110429,0.753121133,,
601,,,Match,,,,-0.369196558,-0.713864352,,
602,,,Match,,,,-0.369196558,-0.671950481,,
603,,,Match,,,,-0.369196558,-0.63003661,,
604,,,Match,,,,-0.369196558,-0.588122739,,
605,,,Match,,,,-0.369196558,-0.546208868,,
606,,,Match,,,,-0.369196558,-0.504294997,,
607,,,Match,,,,-0.369196558,-0.336639513,,
608,,,Match,,,,-0.369196558,-0.168984029,,
609,,,Match,,,,-0.369196558,-0.127070158,,
610,,,Match,,,,-0.369196558,-0.085156287,,
611,,,Match,,,,-0.369196558,0.040585326,,
612,,,Match,,,,-0.369196558,0.543551778,,
613,,,Match,,,,-0.369196558,0.585465649,,
614,,,Match,,,,-0.369196558,0.62737952,,
615,,,Match,,,,-0.369196558,0.669293391,,
616,,,Match,,,,-0.369196558,0.711207262,,
617,,,Match,,,,-0.369196558,0.753121133,,
618,,,Match,,,,-0.327282687,-0.713864352,,
619,,,Match,,,,-0.327282687,-0.671950481,,
620,,,Match,,,,-0.327282687,-0.63003661,,
621,,,Match,,,,-0.327282687,-0.336639513,,
622,,,Match,,,,-0.327282687,-0.2108979,,
623,,,Match,,,,-0.327282687,-0.168984029,,
624,,,Match,,,,-0.327282687,-0.127070158,,
625,,,Match,,,,-0.327282687,-0.085156287,,
626,,,Match,,,,-0.327282687,-0.043242416,,
627,,,Match,,,,-0.327282687,-0.001328545,,
628,,,Match,,,,-0.327282687,0.040585326,,
629,,,Match,,,,-0.327282687,0.082499197,,
630,,,Match,,,,-0.327282687,0.375896294,,
631,,,Match,,,,-0.327282687,0.543551778,,
632,,,Match,,,,-0.327282687,0.585465649,,
633,,,Match,,,,-0.327282687,0.62737952,,
634,,,Match,,,,-0.327282687,0.753121133,,
635,,,Match,,,,-0.285368816,-0.63003661,,
636,,,Match,,,,-0.285368816,-0.588122739,,
637,,,Match,,,,-0.285368816,-0.378553384,,
638,,,Match,,,,-0.285368816,-0.336639513,,
639,,,Match,,,,-0.285368816,-0.294725642,,
640,,,Match,,,,-0.285368816,-0.252811771,,
641,,,Match,,,,-0.285368816,-0.2108979,,
642,,,Match,,,,-0.285368816,-0.168984029,,
643,,,Match,,,,-0.285368816,-0.127070158,,
644,,,Match,,,,-0.285368816,-0.085156287,,
645,,,Match,,,,-0.285368816,-0.043242416,,
646,,,Match,,,,-0.285368816,-0.001328545,,
647,,,Match,,,,-0.285368816,0.040585326,,
648,,,Match,,,,-0.285368816,0.082499197,,
649,,,Match,,,,-0.285368816,0.20824081,,
650,,,Match,,,,-0.285368816,0.250154681,,
651,,,Match,,,,-0.285368816,0.375896294,,
652,,,Match,,,,-0.285368816,0.417810165,,
653,,,Match,,,,-0.285368816,0.459724036,,
654,,,Match,,,,-0.285368816,0.501637907,,
655,,,Match,,,,-0.285368816,0.543551778,,
656,,,Match,,,,-0.285368816,0.585465649,,
657,,,Match,,,,-0.285368816,0.62737952,,
658,,,Match,,,,-0.243454945,-0.63003661,,
659,,,Match,,,,-0.243454945,-0.588122739,,
660,,,Match,,,,-0.243454945,-0.546208868,,
661,,,Match,,,,-0.243454945,-0.378553384,,
662,,,Match,,,,-0.243454945,-0.336639513,,
663,,,Match,,,,-0.243454945,-0.294725642,,
664,,,Match,,,,-0.243454945,-0.252811771,,
665,,,Match,,,,-0.243454945,-0.127070158,,
666,,,Match,,,,-0.243454945,-0.085156287,,
667,,,Match,,,,-0.243454945,-0.043242416,,
668,,,Match,,,,-0.243454945,-0.001328545,,
669,,,Match,,,,-0.243454945,0.040585326,,
670,,,Match,,,,-0.243454945,0.082499197,,
671,,,Match,,,,-0.243454945,0.124413068,,
672,,,Match,,,,-0.243454945,0.166326939,,
673,,,Match,,,,-0.243454945,0.20824081,,
674,,,Match,,,,-0.243454945,0.250154681,,
675,,,Match,,,,-0.243454945,0.292068552,,
676,,,Match,,,,-0.243454945,0.333982423,,
677,,,Match,,,,-0.243454945,0.375896294,,
678,,,Match,,,,-0.243454945,0.417810165,,
679,,,Match,,,,-0.243454945,0.459724036,,
680,,,Match,,,,-0.243454945,0.501637907,,
681,,,Match,,,,-0.243454945,0.543551778,,
682,,,Match,,,,-0.201541074,-0.63003661,,
683,,,Match,,,,-0.201541074,-0.588122739,,
684,,,Match,,,,-0.201541074,-0.420467255,,
685,,,Match,,,,-0.201541074,-0.378553384,,
686,,,Match,,,,-0.201541074,-0.336639513,,
687,,,Match,,,,-0.201541074,-0.294725642,,
688,,,Match,,,,-0.201541074,-0.252811771,,
689,,,Match,,,,-0.201541074,-0.168984029,,
690,,,Match,,,,-0.201541074,-0.127070158,,
691,,,Match,,,,-0.201541074,-0.085156287,,
692,,,Match,,,,-0.201541074,-0.043242416,,
693,,,Match,,,,-0.201541074,-0.001328545,,
694,,,Match,,,,-0.201541074,0.040585326,,
695,,,Match,,,,-0.201541074,0.082499197,,
696,,,Match,,,,-0.201541074,0.124413068,,
697,,,Match,,,,-0.201541074,0.166326939,,
698,,,Match,,,,-0.201541074,0.20824081,,
699,,,Match,,,,-0.201541074,0.250154681,,
700,,,Match,,,,-0.201541074,0.292068552,,
701,,,Match,,,,-0.201541074,0.333982423,,
702,,,Match,,,,-0.201541074,0.375896294,,
703,,,Match,,,,-0.201541074,0.417810165,,
704,,,Match,,,,-0.201541074,0.62737952,,
705,,,Match,,,,-0.201541074,0.669293391,,
706,,,Match,,,,-0.159627203,-0.671950481,,
707,,,Match,,,,-0.159627203,-0.63003661,,
708,,,Match,,,,-0.159627203,-0.588122739,,
709,,,Match,,,,-0.159627203,-0.546208868,,
710,,,Match,,,,-0.159627203,-0.420467255,,
711,,,Match,,,,-0.159627203,-0.378553384,,
712,,,Match,,,,-0.159627203,-0.252811771,,
713,,,Match,,,,-0.159627203,-0.2108979,,
714,,,Match,,,,-0.159627203,-0.168984029,,
715,,,Match,,,,-0.159627203,-0.127070158,,
716,,,Match,,,,-0.159627203,-0.085156287,,
717,,,Match,,,,-0.159627203,-0.043242416,,
718,,,Match,,,,-0.159627203,-0.001328545,,
719,,,Match,,,,-0.159627203,0.124413068,,
720,,,Match,,,,-0.159627203,0.166326939,,
721,,,Match,,,,-0.159627203,0.292068552,,
722,,,Match,,,,-0.159627203,0.543551778,,
723,,,Match,,,,-0.159627203,0.585465649,,
724,,,Match,,,,-0.159627203,0.62737952,,
725,,,Match,,,,-0.159627203,0.669293391,,
726,,,Match,,,,-0.159627203,0.711207262,,
727,,,Match,,,,-0.159627203,0.753121133,,
728,,,Match,,,,-0.117713332,-0.713864352,,
729,,,Match,,,,-0.117713332,-0.671950481,,
730,,,Match,,,,-0.117713332,-0.588122739,,
731,,,Match,,,,-0.117713332,-0.546208868,,
732,,,Match,,,,-0.117713332,-0.504294997,,
733,,,Match,,,,-0.117713332,-0.462381126,,
734,,,Match,,,,-0.117713332,-0.420467255,,
735,,,Match,,,,-0.117713332,-0.378553384,,
736,,,Match,,,,-0.117713332,-0.252811771,,
737,,,Match,,,,-0.117713332,-0.2108979,,
738,,,Match,,,,-0.117713332,-0.168984029,,
739,,,Match,,,,-0.117713332,-0.127070158,,
740,,,Match,,,,-0.117713332,-0.085156287,,
741,,,Match,,,,-0.117713332,0.124413068,,
742,,,Match,,,,-0.117713332,0.166326939,,
743,,,Match,,,,-0.117713332,0.292068552,,
744,,,Match,,,,-0.117713332,0.459724036,,
745,,,Match,,,,-0.117713332,0.501637907,,
746,,,Match,,,,-0.117713332,0.543551778,,
747,,,Match,,,,-0.117713332,0.585465649,,
748,,,Match,,,,-0.117713332,0.62737952,,
749,,,Match,,,,-0.117713332,0.669293391,,
750,,,Match,,,,-0.075799461,-0.713864352,,
751,,,Match,,,,-0.075799461,-0.546208868,,
752,,,Match,,,,-0.075799461,-0.504294997,,
753,,,Match,,,,-0.075799461,-0.462381126,,
754,,,Match,,,,-0.075799461,-0.420467255,,
755,,,Match,,,,-0.075799461,-0.378553384,,
756,,,Match,,,,-0.075799461,-0.336639513,,
757,,,Match,,,,-0.075799461,-0.252811771,,
758,,,Match,,,,-0.075799461,-0.2108979,,
759,,,Match,,,,-0.075799461,-0.168984029,,
760,,,Match,,,,-0.075799461,-0.127070158,,
761,,,Match,,,,-0.075799461,0.082499197,,
762,,,Match,,,,-0.075799461,0.124413068,,
763,,,Match,,,,-0.075799461,0.166326939,,
764,,,Match,,,,-0.075799461,0.20824081,,
765,,,Match,,,,-0.075799461,0.250154681,,
766,,,Match,,,,-0.075799461,0.292068552,,
767,,,Match,,,,-0.075799461,0.333982423,,
768,,,Match,,,,-0.075799461,0.375896294,,
769,,,Match,,,,-0.075799461,0.417810165,,
770,,,Match,,,,-0.075799461,0.459724036,,
771,,,Match,,,,-0.075799461,0.501637907,,
772,,,Match,,,,-0.075799461,0.543551778,,
773,,,Match,,,,-0.075799461,0.585465649,,
774,,,Match,,,,-0.075799461,0.62737952,,
775,,,Match,,,,-0.075799461,0.669293391,,
776,,,Match,,,,-0.03388559,-0.671950481,,
777,,,Match,,,,-0.03388559,-0.546208868,,
778,,,Match,,,,-0.03388559,-0.504294997,,
779,,,Match,,,,-0.03388559,-0.462381126,,
780,,,Match,,,,-0.03388559,-0.420467255,,
781,,,Match,,,,-0.03388559,-0.378553384,,
782,,,Match,,,,-0.03388559,-0.336639513,,
783,,,Match,,,,-0.03388559,-0.2108979,,
784,,,Match,,,,-0.03388559,-0.168984029,,
785,,,Match,,,,-0.03388559,-0.127070158,,
786,,,Match,,,,-0.03388559,-0.001328545,,
787,,,Match,,,,-0.03388559,0.040585326,,
788,,,Match,,,,-0.03388559,0.082499197,,
789,,,Match,,,,-0.03388559,0.124413068,,
790,,,Match,,,,-0.03388559,0.166326939,,
791,,,Match,,,,-0.03388559,0.20824081,,
792,,,Match,,,,-0.03388559,0.250154681,,
793,,,Match,,,,-0.03388559,0.292068552,,
794,,,Match,,,,-0.03388559,0.333982423,,
795,,,Match,,,,-0.03388559,0.375896294,,
796,,,Match,,,,-0.03388559,0.501637907,,
797,,,Match,,,,-0.03388559,0.543551778,,
798,,,Match,,,,-0.03388559,0.585465649,,
799,,,Match,,,,-0.03388559,0.62737952,,
800,,,Match,,,,0.008028281,-0.588122739,,
801,,,Match,,,,0.008028281,-0.546208868,,
802,,,Match,,,,0.008028281,-0.504294997,,
803,,,Match,,,,0.008028281,-0.462381126,,
804,,,Match,,,,0.008028281,-0.420467255,,
805,,,Match,,,,0.008028281,-0.378553384,,
806,,,Match,,,,0.008028281,-0.336639513,,
807,,,Match,,,,0.008028281,-0.294725642,,
808,,,Match,,,,0.008028281,-0.252811771,,
809,,,Match,,,,0.008028281,-0.2108979,,
810,,,Match,,,,0.008028281,-0.168984029,,
811,,,Match,,,,0.008028281,-0.127070158,,
812,,,Match,,,,0.008028281,-0.085156287,,
813,,,Match,,,,0.008028281,-0.043242416,,
814,,,Match,,,,0.008028281,-0.001328545,,
815,,,Match,,,,0.008028281,0.040585326,,
816,,,Match,,,,0.008028281,0.082499197,,
817,,,Match,,,,0.008028281,0.124413068,,
818,,,Match,,,,0.008028281,0.166326939,,
819,,,Match,,,,0.008028281,0.20824081,,
820,,,Match,,,,0.008028281,0.250154681,,
821,,,Match,,,,0.008028281,0.292068552,,
822,,,Match,,,,0.008028281,0.333982423,,
823,,,Match,,,,0.008028281,0.375896294,,
824,,,Match,,,,0.008028281,0.501637907,,
825,,,Match,,,,0.008028281,0.543551778,,
826,,,Match,,,,0.008028281,0.585465649,,
827,,,Match,,,,0.008028281,0.62737952,,
828,,,Match,,,,0.008028281,0.669293391,,
829,,,Match,,,,0.049942152,-0.588122739,,
830,,,Match,,,,0.049942152,-0.546208868,,
831,,,Match,,,,0.049942152,-0.504294997,,
832,,,Match,,,,0.049942152,-0.462381126,,
833,,,Match,,,,0.049942152,-0.420467255,,
834,,,Match,,,,0.049942152,-0.378553384,,
835,,,Match,,,,0.049942152,-0.336639513,,
836,,,Match,,,,0.049942152,-0.294725642,,
837,,,Match,,,,0.049942152,-0.252811771,,
838,,,Match,,,,0.049942152,-0.2108979,,
839,,,Match,,,,0.049942152,-0.168984029,,
840,,,Match,,,,0.049942152,-0.127070158,,
841,,,Match,,,,0.049942152,-0.085156287,,
842,,,Match,,,,0.049942152,-0.043242416,,
843,,,Match,,,,0.049942152,-0.001328545,,
844,,,Match,,,,0.049942152,0.040585326,,
845,,,Match,,,,0.049942152,0.082499197,,
846,,,Match,,,,0.049942152,0.124413068,,
847,,,Match,,,,0.049942152,0.166326939,,
848,,,Match,,,,0.049942152,0.20824081,,
849,,,Match,,,,0.049942152,0.250154681,,
850,,,Match,,,,0.049942152,0.292068552,,
851,,,Match,,,,0.049942152,0.333982423,,
852,,,Match,,,,0.049942152,0.375896294,,
853,,,Match,,,,0.049942152,0.543551778,,
854,,,Match,,,,0.049942152,0.585465649,,
855,,,Match,,,,0.091856023,-0.588122739,,
856,,,Match,,,,0.091856023,-0.546208868,,
857,,,Match,,,,0.091856023,-0.504294997,,
858,,,Match,,,,0.091856023,-0.462381126,,
859,,,Match,,,,0.091856023,-0.420467255,,
860,,,Match,,,,0.091856023,-0.378553384,,
861,,,Match,,,,0.091856023,-0.336639513,,
862,,,Match,,,,0.091856023,-0.294725642,,
863,,,Match,,,,0.091856023,-0.252811771,,
864,,,Match,,,,0.091856023,-0.2108979,,
865,,,Match,,,,0.091856023,-0.168984029,,
866,,,Match,,,,0.091856023,-0.127070158,,
867,,,Match,,,,0.091856023,-0.085156287,,
868,,,Match,,,,0.091856023,-0.043242416,,
869,,,Match,,,,0.091856023,-0.001328545,,
870,,,Match,,,,0.091856023,0.040585326,,
871,,,Match,,,,0.091856023,0.082499197,,
872,,,Match,,,,0.091856023,0.124413068,,
873,,,Match,,,,0.091856023,0.166326939,,
874,,,Match,,,,0.091856023,0.20824081,,
875,,,Match,,,,0.091856023,0.250154681,,
876,,,Match,,,,0.091856023,0.292068552,,
877,,,Match,,,,0.091856023,0.333982423,,
878,,,Match,,,,0.091856023,0.543551778,,
879,,,Match,,,,0.091856023,0.585465649,,
880,,,Match,,,,0.133769894,-0.588122739,,
881,,,Match,,,,0.133769894,-0.546208868,,
882,,,Match,,,,0.133769894,-0.504294997,,
883,,,Match,,,,0.133769894,-0.462381126,,
884,,,Match,,,,0.133769894,-0.420467255,,
885,,,Match,,,,0.133769894,-0.378553384,,
886,,,Match,,,,0.133769894,-0.336639513,,
887,,,Match,,,,0.133769894,-0.294725642,,
888,,,Match,,,,0.133769894,-0.252811771,,
889,,,Match,,,,0.133769894,-0.2108979,,
890,,,Match,,,,0.133769894,-0.168984029,,
891,,,Match,,,,0.133769894,-0.127070158,,
892,,,Match,,,,0.133769894,-0.085156287,,
893,,,Match,,,,0.133769894,-0.043242416,,
894,,,Match,,,,0.133769894,-0.001328545,,
895,,,Match,,,,0.133769894,0.040585326,,
896,,,Match,,,,0.133769894,0.082499197,,
897,,,Match,,,,0.133769894,0.124413068,,
898,,,Match,,,,0.133769894,0.166326939,,
899,,,Match,,,,0.133769894,0.20824081,,
900,,,Match,,,,0.133769894,0.417810165,,
901,,,Match,,,,0.133769894,0.501637907,,
902,,,Match,,,,0.133769894,0.543551778,,
903,,,Match,,,,0.133769894,0.585465649,,
904,,,Match,,,,0.133769894,0.62737952,,
905,,,Match,,,,0.175683765,-0.713864352,,
906,,,Match,,,,0.175683765,-0.671950481,,
907,,,Match,,,,0.175683765,-0.63003661,,
908,,,Match,,,,0.175683765,-0.588122739,,
909,,,Match,,,,0.175683765,-0.546208868,,
910,,,Match,,,,0.175683765,-0.504294997,,
911,,,Match,,,,0.175683765,-0.462381126,,
912,,,Match,,,,0.175683765,-0.420467255,,
913,,,Match,,,,0.175683765,-0.378553384,,
914,,,Match,,,,0.175683765,-0.336639513,,
915,,,Match,,,,0.175683765,-0.294725642,,
916,,,Match,,,,0.175683765,-0.252811771,,
917,,,Match,,,,0.175683765,-0.2108979,,
918,,,Match,,,,0.175683765,-0.168984029,,
919,,,Match,,,,0.175683765,-0.127070158,,
920,,,Match,,,,0.175683765,-0.085156287,,
921,,,Match,,,,0.175683765,-0.001328545,,
922,,,Match,,,,0.175683765,0.040585326,,
923,,,Match,,,,0.175683765,0.166326939,,
924,,,Match,,,,0.175683765,0.20824081,,
925,,,Match,,,,0.175683765,0.501637907,,
926,,,Match,,,,0.175683765,0.543551778,,
927,,,Match,,,,0.175683765,0.585465649,,
928,,,Match,,,,0.175683765,0.62737952,,
929,,,Match,,,,0.217597636,-0.63003661,,
930,,,Match,,,,0.217597636,-0.588122739,,
931,,,Match,,,,0.217597636,-0.546208868,,
932,,,Match,,,,0.217597636,-0.504294997,,
933,,,Match,,,,0.217597636,-0.462381126,,
934,,,Match,,,,0.217597636,-0.420467255,,
935,,,Match,,,,0.217597636,-0.294725642,,
936,,,Match,,,,0.217597636,-0.252811771,,
937,,,Match,,,,0.217597636,-0.2108979,,
938,,,Match,,,,0.217597636,-0.168984029,,
939,,,Match,,,,0.217597636,-0.127070158,,
940,,,Match,,,,0.217597636,0.250154681,,
941,,,Match,,,,0.217597636,0.501637907,,
942,,,Match,,,,0.217597636,0.543551778,,
943,,,Match,,,,0.217597636,0.585465649,,
944,,,Match,,,,0.217597636,0.62737952,,
945,,,Match,,,,0.217597636,0.669293391,,
946,,,Match,,,,0.259511507,-0.63003661,,
947,,,Match,,,,0.259511507,-0.588122739,,
948,,,Match,,,,0.259511507,-0.546208868,,
949,,,Match,,,,0.259511507,-0.504294997,,
950,,,Match,,,,0.259511507,-0.462381126,,
951,,,Match,,,,0.259511507,-0.420467255,,
952,,,Match,,,,0.259511507,-0.294725642,,
953,,,Match,,,,0.259511507,-0.252811771,,
954,,,Match,,,,0.259511507,-0.2108979,,
955,,,Match,,,,0.259511507,-0.168984029,,
956,,,Match,,,,0.259511507,-0.127070158,,
957,,,Match,,,,0.259511507,0.417810165,,
958,,,Match,,,,0.259511507,0.501637907,,
959,,,Match,,,,0.259511507,0.543551778,,
960,,,Match,,,,0.259511507,0.585465649,,
961,,,Match,,,,0.301425378,-0.671950481,,
962,,,Match,,,,0.301425378,-0.63003661,,
963,,,Match,,,,0.301425378,-0.588122739,,
964,,,Match,,,,0.301425378,-0.546208868,,
965,,,Match,,,,0.301425378,-0.504294997,,
966,,,Match,,,,0.301425378,-0.462381126,,
967,,,Match,,,,0.301425378,-0.420467255,,
968,,,Match,,,,0.301425378,-0.378553384,,
969,,,Match,,,,0.301425378,-0.336639513,,
970,,,Match,,,,0.301425378,-0.294725642,,
971,,,Match,,,,0.301425378,-0.252811771,,
972,,,Match,,,,0.301425378,-0.2108979,,
973,,,Match,,,,0.301425378,-0.085156287,,
974,,,Match,,,,0.301425378,-0.043242416,,
975,,,Match,,,,0.301425378,0.124413068,,
976,,,Match,,,,0.301425378,0.20824081,,
977,,,Match,,,,0.301425378,0.333982423,,
978,,,Match,,,,0.301425378,0.375896294,,
979,,,Match,,,,0.301425378,0.417810165,,
980,,,Match,,,,0.301425378,0.459724036,,
981,,,Match,,,,0.301425378,0.501637907,,
982,,,Match,,,,0.301425378,0.669293391,,
983,,,Match,,,,0.301425378,0.711207262,,
984,,,Match,,,,0.301425378,0.753121133,,
985,,,Match,,,,0.343339249,-0.671950481,,
986,,,Match,,,,0.343339249,-0.63003661,,
987,,,Match,,,,0.343339249,-0.588122739,,
988,,,Match,,,,0.343339249,-0.546208868,,
989,,,Match,,,,0.343339249,-0.420467255,,
990,,,Match,,,,0.343339249,-0.378553384,,
991,,,Match,,,,0.343339249,-0.336639513,,
992,,,Match,,,,0.343339249,-0.294725642,,
993,,,Match,,,,0.343339249,-0.252811771,,
994,,,Match,,,,0.343339249,-0.2108979,,
995,,,Match,,,,0.343339249,0.040585326,,
996,,,Match,,,,0.343339249,0.082499197,,
997,,,Match,,,,0.343339249,0.124413068,,
998,,,Match,,,,0.343339249,0.166326939,,
999,,,Match,,,,0.343339249,0.20824081,,
1000,,,Match,,,,0.343339249,0.250154681,,
1001,,,Match,,,,0.343339249,0.292068552,,
1002,,,Match,,,,0.343339249,0.333982423,,
1003,,,Match,,,,0.343339249,0.375896294,,
1004,,,Match,,,,0.343339249,0.417810165,,
1005,,,Match,,,,0.343339249,0.459724036,,
1006,,,Match,,,,0.343339249,0.62737952,,
1007,,,Match,,,,0.343339249,0.669293391,,
1008,,,Match,,,,0.343339249,0.711207262,,
1009,,,Match,,,,0.343339249,0.753121133,,
1010,,,Match,,,,0.38525312,-0.713864352,,
1011,,,Match,,,,0.38525312,-0.671950481,,
1012,,,Match,,,,0.38525312,-0.63003661,,
1013,,,Match,,,,0.38525312,-0.588122739,,
1014,,,Match,,,,0.38525312,-0.546208868,,
1015,,,Match,,,,0.38525312,-0.2108979,,
1016,,,Match,,,,0.38525312,-0.043242416,,
1017,,,Match,,,,0.38525312,0.166326939,,
1018,,,Match,,,,0.38525312,0.20824081,,
1019,,,Match,,,,0.38525312,0.250154681,,
1020,,,Match,,,,0.38525312,0.292068552,,
1021,,,Match,,,,0.38525312,0.333982423,,
1022,,,Match,,,,0.38525312,0.375896294,,
1023,,,Match,,,,0.38525312,0.417810165,,
1024,,,Match,,,,0.38525312,0.459724036,,
1025,,,Match,,,,0.38525312,0.62737952,,
1026,,,Match,,,,0.38525312,0.669293391,,
1027,,,Match,,,,0.38525312,0.711207262,,
1028,,,Match,,,,0.38525312,0.753121133,,
1029,,,Match,,,,0.427166991,-0.713864352,,
1030,,,Match,,,,0.427166991,-0.588122739,,
1031,,,Match,,,,0.427166991,-0.546208868,,
1032,,,Match,,,,0.427166991,-0.085156287,,
1033,,,Match,,,,0.427166991,-0.043242416,,
1034,,,Match,,,,0.427166991,-0.001328545,,
1035,,,Match,,,,0.427166991,0.166326939,,
1036,,,Match,,,,0.427166991,0.20824081,,
1037,,,Match,,,,0.427166991,0.250154681,,
1038,,,Match,,,,0.427166991,0.375896294,,
1039,,,Match,,,,0.427166991,0.585465649,,
1040,,,Match,,,,0.427166991,0.669293391,,
1041,,,Match,,,,0.427166991,0.711207262,,
1042,,,Match,,,,0.427166991,0.753121133,,
1043,,,Match,,,,0.469080862,-0.713864352,,
1044,,,Match,,,,0.469080862,-0.588122739,,
1045,,,Match,,,,0.469080862,-0.546208868,,
1046,,,Match,,,,0.469080862,-0.168984029,,
1047,,,Match,,,,0.469080862,-0.127070158,,
1048,,,Match,,,,0.469080862,-0.085156287,,
1049,,,Match,,,,0.469080862,-0.043242416,,
1050,,,Match,,,,0.469080862,-0.001328545,,
1051,,,Match,,,,0.469080862,0.040585326,,
1052,,,Match,,,,0.469080862,0.082499197,,
1053,,,Match,,,,0.469080862,0.124413068,,
1054,,,Match,,,,0.469080862,0.166326939,,
1055,,,Match,,,,0.469080862,0.20824081,,
1056,,,Match,,,,0.469080862,0.250154681,,
1057,,,Match,,,,0.469080862,0.669293391,,
1058,,,Match,,,,0.469080862,0.711207262,,
1059,,,Match,,,,0.469080862,0.753121133,,
1060,,,Match,,,,0.510994733,-0.713864352,,
1061,,,Match,,,,0.510994733,-0.671950481,,
1062,,,Match,,,,0.510994733,-0.63003661,,
1063,,,Match,,,,0.510994733,-0.588122739,,
1064,,,Match,,,,0.510994733,-0.546208868,,
1065,,,Match,,,,0.510994733,-0.168984029,,
1066,,,Match,,,,0.510994733,-0.085156287,,
1067,,,Match,,,,0.510994733,0.082499197,,
1068,,,Match,,,,0.510994733,0.124413068,,
1069,,,Match,,,,0.510994733,0.250154681,,
1070,,,Match,,,,0.510994733,0.292068552,,
1071,,,Match,,,,0.510994733,0.333982423,,
1072,,,Match,,,,0.510994733,0.501637907,,
1073,,,Match,,,,0.510994733,0.62737952,,
1074,,,Match,,,,0.510994733,0.669293391,,
1075,,,Match,,,,0.510994733,0.711207262,,
1076,,,Match,,,,0.510994733,0.753121133,,
1077,,,Match,,,,0.552908604,-0.713864352,,
1078,,,Match,,,,0.552908604,-0.671950481,,
1079,,,Match,,,,0.552908604,-0.63003661,,
1080,,,Match,,,,0.552908604,-0.588122739,,
1081,,,Match,,,,0.552908604,-0.546208868,,
1082,,,Match,,,,0.552908604,-0.504294997,,
1083,,,Match,,,,0.552908604,-0.2108979,,
1084,,,Match,,,,0.552908604,-0.043242416,,
1085,,,Match,,,,0.552908604,0.082499197,,
1086,,,Match,,,,0.552908604,0.124413068,,
1087,,,Match,,,,0.552908604,0.333982423,,
1088,,,Match,,,,0.552908604,0.459724036,,
1089,,,Match,,,,0.552908604,0.501637907,,
1090,,,Match,,,,0.552908604,0.543551778,,
1091,,,Match,,,,0.552908604,0.585465649,,
1092,,,Match,,,,0.552908604,0.62737952,,
1093,,,Match,,,,0.552908604,0.669293391,,
1094,,,Match,,,,0.552908604,0.711207262,,
1095,,,Match,,,,0.552908604,0.753121133,,
1096,,,Match,,,,0.594822475,-0.713864352,,
1097,,,Match,,,,0.594822475,-0.671950481,,
1098,,,Match,,,,0.594822475,-0.63003661,,
1099,,,Match,,,,0.594822475,-0.588122739,,
1100,,,Match,,,,0.594822475,-0.546208868,,
1101,,,Match,,,,0.594822475,-0.504294997,,
1102,,,Match,,,,0.594822475,-0.462381126,,
1103,,,Match,,,,0.594822475,-0.420467255,,
1104,,,Match,,,,0.594822475,-0.378553384,,
1105,,,Match,,,,0.594822475,-0.252811771,,
1106,,,Match,,,,0.594822475,-0.2108979,,
1107,,,Match,,,,0.594822475,-0.001328545,,
1108,,,Match,,,,0.594822475,0.040585326,,
1109,,,Match,,,,0.594822475,0.082499197,,
1110,,,Match,,,,0.594822475,0.124413068,,
1111,,,Match,,,,0.594822475,0.250154681,,
1112,,,Match,,,,0.594822475,0.585465649,,
1113,,,Match,,,,0.594822475,0.62737952,,
1114,,,Match,,,,0.594822475,0.669293391,,
1115,,,Match,,,,0.594822475,0.711207262,,
1116,,,Match,,,,0.594822475,0.753121133,,
1117,,,Match,,,,0.636736346,-0.713864352,,
1118,,,Match,,,,0.636736346,-0.671950481,,
1119,,,Match,,,,0.636736346,-0.63003661,,
1120,,,Match,,,,0.636736346,-0.588122739,,
1121,,,Match,,,,0.636736346,-0.546208868,,
1122,,,Match,,,,0.636736346,-0.504294997,,
1123,,,Match,,,,0.636736346,-0.462381126,,
1124,,,Match,,,,0.636736346,-0.420467255,,
1125,,,Match,,,,0.636736346,-0.378553384,,
1126,,,Match,,,,0.636736346,-0.336639513,,
1127,,,Match,,,,0.636736346,-0.294725642,,
1128,,,Match,,,,0.636736346,-0.252811771,,
1129,,,Match,,,,0.636736346,-0.168984029,,
1130,,,Match,,,,0.636736346,-0.001328545,,
1131,,,Match,,,,0.636736346,0.082499197,,
1132,,,Match,,,,0.636736346,0.459724036,,
1133,,,Match,,,,0.636736346,0.501637907,,
1134,,,Match,,,,0.636736346,0.585465649,,
1135,,,Match,,,,0.636736346,0.62737952,,
1136,,,Match,,,,0.636736346,0.669293391,,
1137,,,Match,,,,0.636736346,0.711207262,,
1138,,,Match,,,,0.636736346,0.753121133,,
1139,,,Match,,,,0.678650217,-0.713864352,,
1140,,,Match,,,,0.678650217,-0.671950481,,
1141,,,Match,,,,0.678650217,-0.63003661,,
1142,,,Match,,,,0.678650217,-0.588122739,,
1143,,,Match,,,,0.678650217,-0.546208868,,
1144,,,Match,,,,0.678650217,-0.504294997,,
1145,,,Match,,,,0.678650217,-0.462381126,,
1146,,,Match,,,,0.678650217,-0.420467255,,
1147,,,Match,,,,0.678650217,-0.378553384,,
1148,,,Match,,,,0.678650217,-0.336639513,,
1149,,,Match,,,,0.678650217,-0.168984029,,
1150,,,Match,,,,0.678650217,-0.127070158,,
1151,,,Match,,,,0.678650217,0.082499197,,
1152,,,Match,,,,0.678650217,0.292068552,,
1153,,,Match,,,,0.678650217,0.417810165,,
1154,,,Match,,,,0.678650217,0.459724036,,
1155,,,Match,,,,0.678650217,0.501637907,,
1156,,,Match,,,,0.678650217,0.543551778,,
1157,,,Match,,,,0.678650217,0.585465649,,
1158,,,Match,,,,0.678650217,0.62737952,,
1159,,,Match,,,,0.678650217,0.669293391,,
1160,,,Match,,,,0.678650217,0.711207262,,
1161,,,Match,,,,0.678650217,0.753121133,,
1162,,,Match,,,,0.720564088,-0.713864352,,
1163,,,Match,,,,0.720564088,-0.671950481,,
1164,,,Match,,,,0.720564088,-0.63003661,,
1165,,,Match,,,,0.720564088,-0.588122739,,
1166,,,Match,,,,0.720564088,-0.546208868,,
1167,,,Match,,,,0.720564088,-0.504294997,,
1168,,,Match,,,,0.720564088,-0.462381126,,
1169,,,Match,,,,0.720564088,-0.420467255,,
1170,,,Match,,,,0.720564088,-0.378553384,,
1171,,,Match,,,,0.720564088,-0.336639513,,
1172,,,Match,,,,0.720564088,0.124413068,,
1173,,,Match,,,,0.720564088,0.166326939,,
1174,,,Match,,,,0.720564088,0.292068552,,
1175,,,Match,,,,0.720564088,0.417810165,,
1176,,,Match,,,,0.720564088,0.459724036,,
1177,,,Match,,,,0.720564088,0.501637907,,
1178,,,Match,,,,0.720564088,0.543551778,,
1179,,,Match,,,,0.720564088,0.585465649,,
1180,,,Match,,,,0.720564088,0.62737952,,
1181,,,Match,,,,0.720564088,0.669293391,,
1182,,,Match,,,,0.720564088,0.711207262,,
1183,,,Match,,,,0.720564088,0.753121133,,
1184,,,Match,,,,0.762477959,-0.713864352,,
1185,,,Match,,,,0.762477959,-0.671950481,,
1186,,,Match,,,,0.762477959,-0.63003661,,
1187,,,Match,,,,0.762477959,-0.588122739,,
1188,,,Match,,,,0.762477959,-0.546208868,,
1189,,,Match,,,,0.762477959,-0.504294997,,
1190,,,Match,,,,0.762477959,-0.462381126,,
1191,,,Match,,,,0.762477959,-0.420467255,,
1192,,,Match,,,,0.762477959,-0.378553384,,
1193,,,Match,,,,0.762477959,-0.336639513,,
1194,,,Match,,,,0.762477959,-0.294725642,,
1195,,,Match,,,,0.762477959,-0.252811771,,
1196,,,Match,,,,0.762477959,0.040585326,,
1197,,,Match,,,,0.762477959,0.124413068,,
1198,,,Match,,,,0.762477959,0.166326939,,
1199,,,Match,,,,0.762477959,0.292068552,,
1200,,,Match,,,,0.762477959,0.333982423,,
1201,,,Match,,,,0.762477959,0.375896294,,
1202,,,Match,,,,0.762477959,0.417810165,,
1203,,,Match,,,,0.762477959,0.459724036,,
1204,,,Match,,,,0.762477959,0.501637907,,
1205,,,Match,,,,0.762477959,0.543551778,,
1206,,,Match,,,,0.762477959,0.585465649,,
1207,,,Match,,,,0.762477959,0.62737952,,
1208,,,Match,,,,0.762477959,0.669293391,,
1209,,,Match,,,,0.762477959,0.711207262,,
1210,,,Match,,,,0.762477959,0.753121133,,