x,y,Rule,class,coverage,Pie,NoAdmit,Admit
27.19506073,-12.55765247,1,0,0.011428571,"100,0",100,0
5.039001465,16.38890457,2,1,0.00952381,"0,100",0,100
-5.76586628,35.30829239,3,1,0.019047619,"23.0769230769231,76.9230769230769",23.07692308,76.92307692
26.26636696,34.90579224,4,0,0.165714286,"81.3084112149534,18.6915887850467",81.30841121,18.69158879
-7.119342804,-19.79149818,5,0,0.262857143,"90.1960784313726,9.80392156862745",90.19607843,9.803921569
8.593628883,-3.950377226,6,0,0.022857143,"54.5454545454546,45.4545454545454",54.54545455,45.45454545
-2.280018091,9.106960297,7,0,0.022857143,"100,0",100,0
-15.70777416,-3.540106297,8,1,0.152380952,"23.0769230769231,76.9230769230769",23.07692308,76.92307692
-4.941841602,15.81634712,9,0,0.017142857,"64.2857142857143,35.7142857142857",64.28571429,35.71428571
-24.08533669,-25.85987091,10,1,0.047619048,"0,100",0,100
-4.473775387,6.551527977,11,0,0.005714286,"100,0",100,0
-0.277927667,-1.559444547,12,1,0.019047619,"0,100",0,100
-4.608059883,1.444964886,13,0,0.057142857,"100,0",100,0
-1.644019723,-4.449080944,14,1,0.019047619,"47.3684210526316,52.6315789473684",47.36842105,52.63157895
10.70248699,4.588136673,15,1,0.066666667,"0,100",0,100
13.59056473,9.919285774,16,1,0.076190476,"0,100",0,100
-22.58110237,17.05026627,17,1,0.047619048,"45.6521739130437,54.3478260869568",45.65217391,54.34782609
-19.14049149,13.20972633,18,1,0.057142857,"9.0909090909091,90.9090909090909",9.090909091,90.90909091
0.150521323,-42.82108307,19,1,0.047619048,"10.7142857142857,89.2857142857143",10.71428571,89.28571429
-10.98641682,-42.66671753,20,0,0.022857143,"70.5882352941177,29.4117647058823",70.58823529,29.41176471
9.831607819,-41.08937073,21,1,0.047619048,"0,100",0,100
4.4013381,3.171883821,22,1,0.076190476,"13.0434782608696,86.9565217391304",13.04347826,86.95652174
7.357073307,-11.0182209,23,0,0.011428571,"100,0",100,0
-26.5343132,6.168667793,24,0,0.154285714,"69.8275862068966,30.1724137931035",69.82758621,30.17241379
-35.0797081,6.940986633,25,1,0.142857143,"44.4444444444444,55.5555555555553",44.44444444,55.55555556
12.17785454,33.63334274,26,0,0.016304348,"100,0",100,0
6.321060658,30.23807144,27,1,0.020833333,"0,100",0,100
28.54990768,10.12134171,28,0,0.005434783,"100,0",100,0
31.1368618,33.99209976,29,0,0.076086957,"100,0",100,0
42.44039154,1.573521376,30,0,0.027173913,"100,0",100,0
19.57439804,27.48620033,31,0,0.10326087,"76.7676767676767,23.2323232323233",76.76767677,23.23232323
3.855287552,19.7894516,32,0,0.027173913,"100,0",100,0
20.9491806,5.379394054,33,1,0.020833333,"0,100",0,100
19.14872742,-0.5755108,34,0,0.010869565,"51.0638297872341,48.9361702127659",51.06382979,48.93617021
-2.873411894,-47.03193665,35,1,0.072916667,"37.354085603113,62.6459143968872",37.3540856,62.6459144
3.511902571,-37.53857422,36,0,0.038043478,"100,0",100,0
29.27454758,-19.56548309,37,1,0.020833333,"0,100",0,100
9.931101799,-42.26656723,38,1,0.020833333,"20.6896551724138,79.3103448275862",20.68965517,79.31034483
-33.41026306,-3.726704121,39,1,0.34375,"36.9077306733166,63.0922693266834",36.90773067,63.09226933
-16.00555801,-12.93756771,40,0,0.048913043,"82.4427480916031,17.5572519083969",82.44274809,17.55725191
-24.46241951,-22.50099182,41,1,0.09375,"0,100",0,100
-28.19732857,-24.35538864,42,1,0.03125,"34.2857142857142,65.7142857142858",34.28571429,65.71428571
-5.097706795,-17.76773071,43,0,0.070652174,"77.2277227722775,22.7722772277228",77.22772277,22.77227723
-10.2890358,-7.409044743,44,0,0.086956522,"51.0638297872338,48.9361702127657",51.06382979,48.93617021
14.43068314,-13.56904602,45,0,0.032608696,"75.7894736842104,24.2105263157894",75.78947368,24.21052632
8.276317596,-15.63096714,46,0,0.054347826,"100,0",100,0
-8.404089928,19.89492416,47,1,0.052083333,"0,100",0,100
-8.236183167,25.31354332,48,0,0.005434783,"100,0",100,0
-38.76686096,12.23448467,49,0,0.108695652,"51.0638297872341,48.9361702127659",51.06382979,48.93617021
16.38749123,-25.64528465,50,1,0.052083333,"29.4478527607362,70.5521472392639",29.44785276,70.55214724
12.91409683,32.99792099,51,1,0.012048193,"45.7300275482092,54.2699724517904",45.73002755,54.26997245
6.731249332,29.54708481,52,1,0.024096386,"0,100",0,100
28.07756805,10.87920856,53,0,0.005076142,"100,0",100,0
25.52300835,35.63320541,54,0,0.162436548,"100,0",100,0
37.41366196,-0.269848347,55,0,0.040609137,"52.9083665338649,47.0916334661358",52.90836653,47.09163347
-8.280434608,-18.69845772,56,0,0.208121827,"65.7457496136011,34.2542503863986",65.74574961,34.25425039
13.22376823,-14.99104881,57,0,0.076142132,"100,0",100,0
11.12316036,3.70907402,58,1,0.024096386,"0,100",0,100
-21.51731682,14.05469418,59,1,0.072289157,"17.4004192872117,82.599580712788",17.40041929,82.59958071
-16.58548927,10.89603329,60,0,0.035532995,"100,0",100,0
-30.76905632,-18.08344078,61,0,0.025380711,"100,0",100,0
-19.96771431,-16.77280426,62,1,0.096385542,"9.52927669345581,90.4707233065443",9.529276693,90.47072331
-32.84605026,-1.325845122,63,1,0.313253012,"34.1475957829776,65.8524042170223",34.14759578,65.85240422
8.676346779,-41.79932404,64,1,0.072289157,"6.56126482213438,93.4387351778652",6.561264822,93.43873518
-27.32433128,-24.17313004,65,1,0.108433735,"21.9286657859973,78.0713342140023",21.92866579,78.07133421
-9.170043945,-8.155103683,66,0,0.086294416,"87.7487562189055,12.2512437810945",87.74875622,12.25124378
-12.8932991,8.098882675,67,1,0.024096386,"0,100",0,100
-9.470532417,19.04697418,68,1,0.036144578,"0,100",0,100
-39.73545074,12.79870796,69,0,0.07106599,"59.5897435897437,40.4102564102564",59.58974359,40.41025641
7.490544796,-14.63653755,70,0,0.035532995,"100,0",100,0
-7.482572079,23.79703712,71,1,0.012048193,"0,100",0,100
17.21960449,-24.85494232,72,0,0.020304569,"100,0",100,0
40.14691162,0.447644204,73,0,0.037234043,"100,0",100,0
7.230987549,-28.92253304,74,1,0.043478261,"0,100",0,100
-2.057677507,-46.30404282,75,1,0.065217391,"0,100",0,100
3.972315311,-38.84407043,76,0,0.021276596,"66.187050359712,33.8129496402877",66.18705036,33.81294964
-12.59874153,-42.04588699,77,1,0.076086957,"17.3366834170854,82.6633165829144",17.33668342,82.66331658
4.83159399,14.13689327,78,1,0.010869565,"0,100",0,100
-5.544006348,34.4023056,79,0,0.015957447,"100,0",100,0
-26.39799881,-12.59768105,80,0,0.079787234,"100,0",100,0
-20.41075897,-15.39995289,81,1,0.032608696,"24.5989304812833,75.4010695187165",24.59893048,75.40106952
-22.28883934,-18.98739243,82,1,0.054347826,"8.91472868217054,91.0852713178295",8.914728682,91.08527132
-17.9147644,-5.370446682,83,0,0.063829787,"100,0",100,0
-34.31572723,-2.765642881,84,1,0.402173913,"38.832219486458,61.167780513542",38.83221949,61.16778051
29.19974327,36.29941559,85,0,0.069148936,"100,0",100,0
-6.396659374,-17.20655823,86,0,0.095744681,"59.4827586206896,40.5172413793104",59.48275862,40.51724138
-7.769016743,-9.139533043,87,0,0.058510638,"100,0",100,0
21.26972961,17.46689415,88,1,0.032608696,"14.0243902439024,85.9756097560975",14.02439024,85.97560976
12.26541996,-15.96605015,89,0,0.14893617,"93.1982633863964,6.80173661360347",93.19826339,6.801736614
-8.667541504,23.71152496,90,1,0.02173913,"0,100",0,100
16.45573044,-23.35811615,91,1,0.02173913,"19.6581196581197,80.3418803418803",19.65811966,80.34188034
12.18460846,16.5715065,92,1,0.02173913,"0,100",0,100
-34.30020523,11.0247488,93,1,0.108695652,"32.8571428571429,67.1428571428571",32.85714286,67.14285714
-14.64600277,8.868005753,94,0,0.037234043,"100,0",100,0
18.82279205,-2.630554914,95,1,0.02173913,"0,100",0,100
18.2884655,-8.924215317,96,0,0.010638298,"100,0",100,0
21.23685837,-28.72032166,97,0,0.010638298,"100,0",100,0
11.51636791,32.18242264,98,1,0.025316456,"0,100",0,100
22.88997078,28.79147148,99,0,0.154228856,"100,0",100,0
31.73901939,-5.777770519,100,1,0.012658228,"44.0111420612812,55.9888579387185",44.01114206,55.98885794
-22.42537498,-8.502749443,101,0,0.134328358,"77.9605263157896,22.0394736842106",77.96052632,22.03947368
28.28185844,-15.66349792,102,1,0.037974684,"0,100",0,100
-17.98246193,-13.73471546,103,0,0.034825871,"100,0",100,0
-22.96868515,-24.74239731,104,1,0.037974684,"20.7621550591326,79.2378449408673",20.76215506,79.23784494
-7.975444794,22.08175087,105,1,0.037974684,"0,100",0,100
4.859473228,9.132752419,106,0,0.004975124,"100,0",100,0
6.657035351,11.11471272,107,1,0.037974684,"0,100",0,100
26.51873016,9.377876282,108,0,0.004975124,"100,0",100,0
-0.526232064,12.67121506,109,0,0.024875622,"66.2751677852348,33.724832214765",66.27516779,33.72483221
28.55998611,-1.546979904,110,0,0.019900498,"100,0",100,0
2.155369997,8.848881721,111,1,0.025316456,"16.4241164241164,83.5758835758836",16.42411642,83.57588358
-3.733295441,13.62444687,112,1,0.025316456,"0,100",0,100
-1.092428684,-8.062807083,113,1,0.050632911,"0,100",0,100
11.49043179,-2.626234055,114,1,0.025316456,"28.2142857142856,71.7857142857142",28.21428571,71.78571429
-3.177061558,10.1270256,115,0,0.034825871,"100,0",100,0
-7.193268776,1.110337257,116,0,0.069651741,"100,0",100,0
-0.930060744,-2.98227334,117,0,0.024875622,"66.2751677852348,33.724832214765",66.27516779,33.72483221
14.12447071,19.42604446,118,0,0.019900498,"100,0",100,0
-34.43785858,-0.586389184,119,1,0.329113924,"34.6014266049305,65.3985733950695",34.6014266,65.3985734
-35.26673889,13.05546856,120,1,0.291139241,"47.5255391600454,52.4744608399545",47.52553916,52.47446084
40.91491318,3.650580883,121,0,0.032432432,"100,0",100,0
5.168278217,10.92534828,122,0,0.010810811,"100,0",100,0
13.78320217,27.98905563,123,1,0.042105263,"11.377245508982,88.6227544910179",11.37724551,88.62275449
15.50048828,21.60902214,124,0,0.016216216,"100,0",100,0
27.18359756,37.32537842,125,0,0.097297297,"100,0",100,0
-23.18227386,-9.149682045,126,0,0.097297297,"53.6050156739812,46.3949843260188",53.60501567,46.39498433
-28.85072899,-17.93209457,127,0,0.021621622,"100,0",100,0
31.81199455,-6.618379116,128,1,0.021052632,"20.4301075268817,79.5698924731184",20.43010753,79.56989247
-21.58674049,-17.63934898,129,1,0.094736842,"5.39772727272731,94.6022727272731",5.397727273,94.60227273
4.394258976,-4.867401123,130,0,0.048648649,"100,0",100,0
-11.63170528,-0.460148305,131,0,0.210810811,"74.1,25.9",74.1,25.9
-1.260170698,-7.077162266,132,1,0.031578947,"25.5033557046979,74.4966442953019",25.5033557,74.4966443
15.59974194,10.30760098,133,0,0.021621622,"100,0",100,0
-18.38354492,11.76265717,134,1,0.084210526,"16.1473087818698,83.8526912181307",16.14730878,83.85269122
11.91749573,8.89439106,135,1,0.042105263,"27.8048780487805,72.1951219512195",27.80487805,72.19512195
-22.42163467,15.54140854,136,1,0.052631579,"0,100",0,100
4.057034016,1.374058008,137,1,0.105263158,"4.88431876606684,95.1156812339329",4.884318766,95.11568123
-34.39942169,0.793455839,138,1,0.231578947,"42.7566807313643,57.2433192686357",42.75668073,57.24331927
-10.78206444,-6.291460991,139,0,0.108108108,"83.7004405286345,16.2995594713657",83.70044053,16.29955947
-38.37133408,13.81402397,140,1,0.115789474,"45.6608811748999,54.3391188251001",45.66088117,54.33911883
28.00190353,-14.31095695,141,1,0.011363636,"0,100",0,100
38.86385345,1.377042413,142,0,0.041666667,"78.5714285714286,21.4285714285714",78.57142857,21.42857143
-25.9744873,-11.8480072,143,0,0.057291667,"100,0",100,0
-17.69109344,-3.992210627,144,1,0.193181818,"36.1502347417838,63.8497652582159",36.15023474,63.84976526
11.23010635,-3.642516851,145,0,0.088541667,"100,0",100,0
-3.656099081,1.923402071,146,1,0.011363636,"0,100",0,100
3.260542631,-32.55587006,147,0,0.020833333,"100,0",100,0
14.68955517,21.07080078,148,0,0.010416667,"100,0",100,0
1.618329763,-44.43798828,149,1,0.045454545,"18.6440677966101,81.3559322033898",18.6440678,81.3559322
-12.02828026,-44.22840881,150,1,0.102272727,"4.84581497797359,95.1541850220269",4.845814978,95.15418502
3.264707088,-0.009954264,151,1,0.102272727,"4.84581497797359,95.1541850220269",4.845814978,95.15418502
-36.21889114,-0.90393883,152,1,0.261363636,"38.1858902575587,61.8141097424411",38.18589026,61.81410974
6.544572353,16.88803864,153,0,0.005208333,"100,0",100,0
-6.000287056,40.0046463,154,1,0.034090909,"0,100",0,100
30.32714462,36.51590729,155,0,0.072916667,"100,0",100,0
-6.685977936,-15.79659557,156,0,0.192708333,"70.782608695652,29.2173913043477",70.7826087,29.2173913
-16.86880875,12.7028656,157,1,0.022727273,"0,100",0,100
-35.54985046,10.62056351,158,0,0.057291667,"62.6943005181347,37.3056994818653",62.69430052,37.30569948
4.708669186,20.56215668,159,0,0.005208333,"100,0",100,0
20.42777634,6.210050106,160,0,0.010416667,"100,0",100,0
20.15536499,0.798245609,161,1,0.034090909,"13.2530120481928,86.7469879518073",13.25301205,86.74698795
21.98412704,17.06720352,162,1,0.011363636,"47.8260869565217,52.1739130434783",47.82608696,52.17391304
10.98678112,-17.05254173,163,0,0.09375,"100,0",100,0
17.19025993,-10.48980713,164,1,0.045454545,"31.4285714285714,68.5714285714285",31.42857143,68.57142857
22.64830589,-29.11955833,165,0,0.015625,"100,0",100,0
12.82925606,29.6257782,166,1,0.065217391,"0,100",0,100
39.27340317,-0.375905216,167,0,0.042553191,"100,0",100,0
6.019814014,-29.82281494,168,1,0.065217391,"24.5989304812834,75.4010695187166",24.59893048,75.40106952
-18.4643631,-2.633922815,169,0,0.212765957,"56.6153846153845,43.3846153846153",56.61538462,43.38461538
-24.06714058,-24.33153534,170,1,0.032608696,"0,100",0,100
4.849464417,18.08691025,171,0,0.005319149,"100,0",100,0
-7.427381992,39.48961258,172,1,0.010869565,"0,100",0,100
-4.866506577,-21.4300766,173,0,0.170212766,"93.9974457215836,6.00255427841635",93.99744572,6.002554278
-2.789171696,12.38065815,174,1,0.010869565,"0,100",0,100
-8.244243622,0.525924683,175,0,0.117021277,"100,0",100,0
9.479956627,7.340938568,176,1,0.010869565,"0,100",0,100
14.91361332,11.03172302,177,0,0.010638298,"100,0",100,0
4.985387802,2.021506786,178,1,0.119565217,"4.25925925925926,95.7407407407409",4.259259259,95.74074074
1.728035808,-43.20852661,179,1,0.054347826,"8.91472868217054,91.0852713178295",8.914728682,91.08527132
-13.23882484,-44.56163025,180,1,0.054347826,"40.6565656565657,59.3434343434344",40.65656566,59.34343434
-23.07836151,12.9797039,181,0,0.10106383,"69.92,30.0800000000001",69.92,30.08
-35.98077011,6.490787029,182,1,0.282608696,"39.0219560878244,60.9780439121756",39.02195609,60.97804391
19.00178719,-6.987120628,183,0,0.021276596,"100,0",100,0
15.57657146,-11.7830162,184,1,0.02173913,"0,100",0,100
7.565310478,-12.20860863,185,0,0.058510638,"100,0",100,0
16.22619057,-21.82103729,186,1,0.054347826,"0,100",0,100
21.66889381,-29.84874725,187,0,0.010638298,"100,0",100,0
41.53745651,2.185507774,188,0,0.026595745,"100,0",100,0
20.77798653,27.24410248,189,1,0.043478261,"46.1318051575932,53.8681948424071",46.13180516,53.86819484
15.65668678,12.39754581,190,0,0.037234043,"100,0",100,0
30.28504372,-0.423092723,191,0,0.042553191,"100,0",100,0
9.676095963,-3.328117132,192,1,0.141304348,"3.62776025236593,96.3722397476337",3.627760252,96.37223975
-24.17230606,15.27212238,193,0,0.058510638,"72.910662824208,27.0893371757927",72.91066282,27.08933718
27.94749069,38.07305145,194,0,0.117021277,"100,0",100,0
-15.73448467,13.70755672,195,1,0.054347826,"22.6973684210525,77.3026315789474",22.69736842,77.30263158
20.02915764,-0.943303585,196,1,0.010869565,"32.8571428571429,67.1428571428571",32.85714286,67.14285714
-6.839762211,40.73314285,197,1,0.02173913,"0,100",0,100
-3.79449296,-19.0288353,198,0,0.223404255,"87.2628726287262,12.7371273712737",87.26287263,12.73712737
4.376181126,-30.47433281,199,0,0.021276596,"100,0",100,0
28.46709251,-19.60436821,200,1,0.054347826,"0,100",0,100
1.916162133,-41.79633331,201,1,0.043478261,"0,100",0,100
6.50274992,8.335227013,202,0,0.005319149,"100,0",100,0
-13.33996296,-43.01041794,203,1,0.097826087,"9.80810234541572,90.191897654584",9.808102345,90.19189765
-28.61655807,-17.00011826,204,0,0.031914894,"100,0",100,0
-14.79193783,-1.862846732,205,1,0.173913043,"25.1741293532338,74.8258706467662",25.17412935,74.82587065
-36.42539597,0.445889056,206,1,0.119565217,"49.4623655913978,50.5376344086022",49.46236559,50.53763441
-36.7675972,11.83939743,207,0,0.159574468,"53.0361260568792,46.9638739431206",53.03612606,46.96387394
15.08567905,-25.36811447,208,1,0.043478261,"37.9537953795379,62.0462046204621",37.95379538,62.04620462
30.00802612,34.44179916,209,0,0.056410256,"100,0",100,0
14.80583191,26.79395294,210,0,0.025641026,"68.5483870967742,31.4516129032258",68.5483871,31.4516129
5.435942173,22.05709648,211,0,0.01025641,"100,0",100,0
25.35905647,8.664402008,212,1,0.011764706,"0,100",0,100
22.03118515,27.50721741,213,0,0.046153846,"79.6875,20.3125",79.6875,20.3125
30.50024986,-1.278542519,214,0,0.041025641,"100,0",100,0
-5.298282146,-19.98484802,215,0,0.148717949,"100,0",100,0
29.48016739,-15.4251976,216,1,0.023529412,"0,100",0,100
-19.33902359,-17.98662376,217,0,0.041025641,"53.7549407114628,46.2450592885378",53.75494071,46.24505929
-6.307615757,37.82194519,218,1,0.023529412,"30.3571428571428,69.6428571428572",30.35714286,69.64285714
-6.731302261,19.69248772,219,1,0.035294118,"0,100",0,100
5.593089104,-31.01428413,220,0,0.035897436,"75.3164556962025,24.6835443037975",75.3164557,24.6835443
-13.48820782,-1.178832054,221,0,0.123076923,"53.7549407114624,46.2450592885376",53.75494071,46.24505929
9.683777809,-17.63040161,222,0,0.066666667,"100,0",100,0
-0.29715389,-44.62414169,223,1,0.094117647,"0,100",0,100
13.4171381,18.15094757,224,0,0.01025641,"100,0",100,0
-25.94370461,7.011705399,225,1,0.305882353,"25.1107828655834,74.8892171344166",25.11078287,74.88921713
4.046932697,5.676006794,226,0,0.020512821,"100,0",100,0
-14.95654869,-12.66623974,227,1,0.023529412,"30.3571428571428,69.6428571428572",30.35714286,69.64285714
6.68118,-39.65232849,228,1,0.047058824,"43.2727272727275,56.727272727273",43.27272727,56.72727273
-24.2238903,16.92993736,229,1,0.011764706,"30.357142857143,69.6428571428574",30.35714286,69.64285714
-0.412619948,5.083028316,230,0,0.035897436,"100,0",100,0
0.852176905,5.497659206,231,1,0.082352941,"5.86206896551724,94.1379310344821",5.862068966,94.13793103
-33.54185486,5.886068821,232,1,0.164705882,"45.6716417910446,54.3283582089551",45.67164179,54.32835821
19.15613174,-9.30001545,233,0,0.030769231,"100,0",100,0
-37.32042127,-44.61690718,234,,,,,
-37.32042127,-42.20187771,235,,,,,
-37.32042127,-39.78684824,236,,,,,
-37.32042127,-37.37181877,237,,,,,
-37.32042127,-34.9567893,238,,,,,
-37.32042127,-32.54175983,239,,,,,
-37.32042127,-30.12673036,240,,,,,
-37.32042127,-27.71170089,241,,,,,
-37.32042127,-25.29667142,242,,,,,
-37.32042127,-22.88164195,243,,,,,
-37.32042127,-20.46661248,244,,,,,
-37.32042127,-18.05158301,245,,,,,
-37.32042127,-15.63655354,246,,,,,
-37.32042127,-13.22152407,247,,,,,
-37.32042127,-10.8064946,248,,,,,
-37.32042127,-8.391465129,249,,,,,
-37.32042127,-5.976435659,250,,,,,
-37.32042127,-3.561406189,251,,,,,
-37.32042127,3.68368222,252,,,,,
-37.32042127,8.513741159,253,,,,,
-37.32042127,18.17385904,254,,,,,
-37.32042127,20.58888851,255,,,,,
-37.32042127,23.00391798,256,,,,,
-37.32042127,25.41894745,257,,,,,
-37.32042127,27.83397692,258,,,,,
-37.32042127,30.24900639,259,,,,,
-37.32042127,32.66403586,260,,,,,
-37.32042127,35.07906533,261,,,,,
-37.32042127,37.4940948,262,,,,,
-37.32042127,39.90912427,263,,,,,
-34.90539181,-44.61690718,264,,,,,
-34.90539181,-42.20187771,265,,,,,
-34.90539181,-39.78684824,266,,,,,
-34.90539181,-37.37181877,267,,,,,
-34.90539181,-34.9567893,268,,,,,
-34.90539181,-32.54175983,269,,,,,
-34.90539181,-30.12673036,270,,,,,
-34.90539181,-27.71170089,271,,,,,
-34.90539181,-25.29667142,272,,,,,
-34.90539181,-22.88164195,273,,,,,
-34.90539181,-20.46661248,274,,,,,
-34.90539181,-18.05158301,275,,,,,
-34.90539181,-15.63655354,276,,,,,
-34.90539181,-13.22152407,277,,,,,
-34.90539181,-10.8064946,278,,,,,
-34.90539181,-8.391465129,279,,,,,
-34.90539181,-5.976435659,280,,,,,
-34.90539181,3.68368222,281,,,,,
-34.90539181,15.75882957,282,,,,,
-34.90539181,18.17385904,283,,,,,
-34.90539181,20.58888851,284,,,,,
-34.90539181,23.00391798,285,,,,,
-34.90539181,25.41894745,286,,,,,
-34.90539181,27.83397692,287,,,,,
-34.90539181,30.24900639,288,,,,,
-34.90539181,32.66403586,289,,,,,
-34.90539181,35.07906533,290,,,,,
-34.90539181,37.4940948,291,,,,,
-34.90539181,39.90912427,292,,,,,
-32.49036234,-44.61690718,293,,,,,
-32.49036234,-42.20187771,294,,,,,
-32.49036234,-39.78684824,295,,,,,
-32.49036234,-37.37181877,296,,,,,
-32.49036234,-34.9567893,297,,,,,
-32.49036234,-32.54175983,298,,,,,
-32.49036234,-30.12673036,299,,,,,
-32.49036234,-27.71170089,300,,,,,
-32.49036234,-25.29667142,301,,,,,
-32.49036234,-22.88164195,302,,,,,
-32.49036234,-20.46661248,303,,,,,
-32.49036234,-15.63655354,304,,,,,
-32.49036234,-13.22152407,305,,,,,
-32.49036234,-10.8064946,306,,,,,
-32.49036234,-8.391465129,307,,,,,
-32.49036234,-5.976435659,308,,,,,
-32.49036234,3.68368222,309,,,,,
-32.49036234,8.513741159,310,,,,,
-32.49036234,13.3438001,311,,,,,
-32.49036234,15.75882957,312,,,,,
-32.49036234,18.17385904,313,,,,,
-32.49036234,20.58888851,314,,,,,
-32.49036234,23.00391798,315,,,,,
-32.49036234,25.41894745,316,,,,,
-32.49036234,27.83397692,317,,,,,
-32.49036234,30.24900639,318,,,,,
-32.49036234,32.66403586,319,,,,,
-32.49036234,35.07906533,320,,,,,
-32.49036234,37.4940948,321,,,,,
-32.49036234,39.90912427,322,,,,,
-30.07533287,-44.61690718,323,,,,,
-30.07533287,-42.20187771,324,,,,,
-30.07533287,-39.78684824,325,,,,,
-30.07533287,-37.37181877,326,,,,,
-30.07533287,-34.9567893,327,,,,,
-30.07533287,-32.54175983,328,,,,,
-30.07533287,-30.12673036,329,,,,,
-30.07533287,-27.71170089,330,,,,,
-30.07533287,-20.46661248,331,,,,,
-30.07533287,-13.22152407,332,,,,,
-30.07533287,-10.8064946,333,,,,,
-30.07533287,-8.391465129,334,,,,,
-30.07533287,-5.976435659,335,,,,,
-30.07533287,-3.561406189,336,,,,,
-30.07533287,-1.14637672,337,,,,,
-30.07533287,1.26865275,338,,,,,
-30.07533287,3.68368222,339,,,,,
-30.07533287,6.09871169,340,,,,,
-30.07533287,8.513741159,341,,,,,
-30.07533287,10.92877063,342,,,,,
-30.07533287,13.3438001,343,,,,,
-30.07533287,15.75882957,344,,,,,
-30.07533287,18.17385904,345,,,,,
-30.07533287,20.58888851,346,,,,,
-30.07533287,23.00391798,347,,,,,
-30.07533287,25.41894745,348,,,,,
-30.07533287,27.83397692,349,,,,,
-30.07533287,30.24900639,350,,,,,
-30.07533287,32.66403586,351,,,,,
-30.07533287,35.07906533,352,,,,,
-30.07533287,37.4940948,353,,,,,
-30.07533287,39.90912427,354,,,,,
-27.6603034,-44.61690718,355,,,,,
-27.6603034,-42.20187771,356,,,,,
-27.6603034,-39.78684824,357,,,,,
-27.6603034,-37.37181877,358,,,,,
-27.6603034,-34.9567893,359,,,,,
-27.6603034,-32.54175983,360,,,,,
-27.6603034,-30.12673036,361,,,,,
-27.6603034,-27.71170089,362,,,,,
-27.6603034,-20.46661248,363,,,,,
-27.6603034,-8.391465129,364,,,,,
-27.6603034,-5.976435659,365,,,,,
-27.6603034,-3.561406189,366,,,,,
-27.6603034,-1.14637672,367,,,,,
-27.6603034,1.26865275,368,,,,,
-27.6603034,3.68368222,369,,,,,
-27.6603034,10.92877063,370,,,,,
-27.6603034,13.3438001,371,,,,,
-27.6603034,15.75882957,372,,,,,
-27.6603034,18.17385904,373,,,,,
-27.6603034,20.58888851,374,,,,,
-27.6603034,23.00391798,375,,,,,
-27.6603034,25.41894745,376,,,,,
-27.6603034,27.83397692,377,,,,,
-27.6603034,30.24900639,378,,,,,
-27.6603034,32.66403586,379,,,,,
-27.6603034,35.07906533,380,,,,,
-27.6603034,37.4940948,381,,,,,
-27.6603034,39.90912427,382,,,,,
-25.24527393,-44.61690718,383,,,,,
-25.24527393,-42.20187771,384,,,,,
-25.24527393,-39.78684824,385,,,,,
-25.24527393,-37.37181877,386,,,,,
-25.24527393,-34.9567893,387,,,,,
-25.24527393,-32.54175983,388,,,,,
-25.24527393,-30.12673036,389,,,,,
-25.24527393,-18.05158301,390,,,,,
-25.24527393,-15.63655354,391,,,,,
-25.24527393,-5.976435659,392,,,,,
-25.24527393,-3.561406189,393,,,,,
-25.24527393,-1.14637672,394,,,,,
-25.24527393,1.26865275,395,,,,,
-25.24527393,3.68368222,396,,,,,
-25.24527393,10.92877063,397,,,,,
-25.24527393,20.58888851,398,,,,,
-25.24527393,23.00391798,399,,,,,
-25.24527393,25.41894745,400,,,,,
-25.24527393,27.83397692,401,,,,,
-25.24527393,30.24900639,402,,,,,
-25.24527393,32.66403586,403,,,,,
-25.24527393,35.07906533,404,,,,,
-25.24527393,37.4940948,405,,,,,
-25.24527393,39.90912427,406,,,,,
-22.83024446,-44.61690718,407,,,,,
-22.83024446,-42.20187771,408,,,,,
-22.83024446,-39.78684824,409,,,,,
-22.83024446,-37.37181877,410,,,,,
-22.83024446,-34.9567893,411,,,,,
-22.83024446,-32.54175983,412,,,,,
-22.83024446,-30.12673036,413,,,,,
-22.83024446,-13.22152407,414,,,,,
-22.83024446,-5.976435659,415,,,,,
-22.83024446,-3.561406189,416,,,,,
-22.83024446,-1.14637672,417,,,,,
-22.83024446,1.26865275,418,,,,,
-22.83024446,3.68368222,419,,,,,
-22.83024446,6.09871169,420,,,,,
-22.83024446,8.513741159,421,,,,,
-22.83024446,20.58888851,422,,,,,
-22.83024446,23.00391798,423,,,,,
-22.83024446,25.41894745,424,,,,,
-22.83024446,27.83397692,425,,,,,
-22.83024446,30.24900639,426,,,,,
-22.83024446,32.66403586,427,,,,,
-22.83024446,35.07906533,428,,,,,
-22.83024446,37.4940948,429,,,,,
-22.83024446,39.90912427,430,,,,,
-20.41521499,-44.61690718,431,,,,,
-20.41521499,-42.20187771,432,,,,,
-20.41521499,-39.78684824,433,,,,,
-20.41521499,-37.37181877,434,,,,,
-20.41521499,-34.9567893,435,,,,,
-20.41521499,-32.54175983,436,,,,,
-20.41521499,-30.12673036,437,,,,,
-20.41521499,-27.71170089,438,,,,,
-20.41521499,-25.29667142,439,,,,,
-20.41521499,-22.88164195,440,,,,,
-20.41521499,-10.8064946,441,,,,,
-20.41521499,-5.976435659,442,,,,,
-20.41521499,-1.14637672,443,,,,,
-20.41521499,1.26865275,444,,,,,
-20.41521499,3.68368222,445,,,,,
-20.41521499,6.09871169,446,,,,,
-20.41521499,8.513741159,447,,,,,
-20.41521499,18.17385904,448,,,,,
-20.41521499,20.58888851,449,,,,,
-20.41521499,23.00391798,450,,,,,
-20.41521499,25.41894745,451,,,,,
-20.41521499,27.83397692,452,,,,,
-20.41521499,30.24900639,453,,,,,
-20.41521499,32.66403586,454,,,,,
-20.41521499,35.07906533,455,,,,,
-20.41521499,37.4940948,456,,,,,
-20.41521499,39.90912427,457,,,,,
-18.00018552,-44.61690718,458,,,,,
-18.00018552,-42.20187771,459,,,,,
-18.00018552,-39.78684824,460,,,,,
-18.00018552,-37.37181877,461,,,,,
-18.00018552,-34.9567893,462,,,,,
-18.00018552,-32.54175983,463,,,,,
-18.00018552,-30.12673036,464,,,,,
-18.00018552,-27.71170089,465,,,,,
-18.00018552,-25.29667142,466,,,,,
-18.00018552,-22.88164195,467,,,,,
-18.00018552,-20.46661248,468,,,,,
-18.00018552,-10.8064946,469,,,,,
-18.00018552,-8.391465129,470,,,,,
-18.00018552,1.26865275,471,,,,,
-18.00018552,3.68368222,472,,,,,
-18.00018552,6.09871169,473,,,,,
-18.00018552,8.513741159,474,,,,,
-18.00018552,15.75882957,475,,,,,
-18.00018552,18.17385904,476,,,,,
-18.00018552,20.58888851,477,,,,,
-18.00018552,23.00391798,478,,,,,
-18.00018552,25.41894745,479,,,,,
-18.00018552,27.83397692,480,,,,,
-18.00018552,30.24900639,481,,,,,
-18.00018552,32.66403586,482,,,,,
-18.00018552,35.07906533,483,,,,,
-18.00018552,37.4940948,484,,,,,
-18.00018552,39.90912427,485,,,,,
-15.58515605,-39.78684824,486,,,,,
-15.58515605,-37.37181877,487,,,,,
-15.58515605,-34.9567893,488,,,,,
-15.58515605,-32.54175983,489,,,,,
-15.58515605,-30.12673036,490,,,,,
-15.58515605,-27.71170089,491,,,,,
-15.58515605,-25.29667142,492,,,,,
-15.58515605,-22.88164195,493,,,,,
-15.58515605,-20.46661248,494,,,,,
-15.58515605,-18.05158301,495,,,,,
-15.58515605,-15.63655354,496,,,,,
-15.58515605,-8.391465129,497,,,,,
-15.58515605,1.26865275,498,,,,,
-15.58515605,3.68368222,499,,,,,
-15.58515605,6.09871169,500,,,,,
-15.58515605,18.17385904,501,,,,,
-15.58515605,20.58888851,502,,,,,
-15.58515605,23.00391798,503,,,,,
-15.58515605,25.41894745,504,,,,,
-15.58515605,27.83397692,505,,,,,
-15.58515605,30.24900639,506,,,,,
-15.58515605,32.66403586,507,,,,,
-15.58515605,35.07906533,508,,,,,
-15.58515605,37.4940948,509,,,,,
-15.58515605,39.90912427,510,,,,,
-13.17012658,-37.37181877,511,,,,,
-13.17012658,-34.9567893,512,,,,,
-13.17012658,-32.54175983,513,,,,,
-13.17012658,-30.12673036,514,,,,,
-13.17012658,-27.71170089,515,,,,,
-13.17012658,-25.29667142,516,,,,,
-13.17012658,-22.88164195,517,,,,,
-13.17012658,-20.46661248,518,,,,,
-13.17012658,-18.05158301,519,,,,,
-13.17012658,-15.63655354,520,,,,,
-13.17012658,-10.8064946,521,,,,,
-13.17012658,-8.391465129,522,,,,,
-13.17012658,3.68368222,523,,,,,
-13.17012658,10.92877063,524,,,,,
-13.17012658,13.3438001,525,,,,,
-13.17012658,15.75882957,526,,,,,
-13.17012658,18.17385904,527,,,,,
-13.17012658,20.58888851,528,,,,,
-13.17012658,23.00391798,529,,,,,
-13.17012658,25.41894745,530,,,,,
-13.17012658,27.83397692,531,,,,,
-13.17012658,30.24900639,532,,,,,
-13.17012658,32.66403586,533,,,,,
-13.17012658,35.07906533,534,,,,,
-13.17012658,37.4940948,535,,,,,
-13.17012658,39.90912427,536,,,,,
-10.75509711,-39.78684824,537,,,,,
-10.75509711,-37.37181877,538,,,,,
-10.75509711,-34.9567893,539,,,,,
-10.75509711,-32.54175983,540,,,,,
-10.75509711,-30.12673036,541,,,,,
-10.75509711,-27.71170089,542,,,,,
-10.75509711,-25.29667142,543,,,,,
-10.75509711,-22.88164195,544,,,,,
-10.75509711,-20.46661248,545,,,,,
-10.75509711,-18.05158301,546,,,,,
-10.75509711,-15.63655354,547,,,,,
-10.75509711,-13.22152407,548,,,,,
-10.75509711,-10.8064946,549,,,,,
-10.75509711,-3.561406189,550,,,,,
-10.75509711,3.68368222,551,,,,,
-10.75509711,6.09871169,552,,,,,
-10.75509711,10.92877063,553,,,,,
-10.75509711,13.3438001,554,,,,,
-10.75509711,15.75882957,555,,,,,
-10.75509711,25.41894745,556,,,,,
-10.75509711,27.83397692,557,,,,,
-10.75509711,30.24900639,558,,,,,
-10.75509711,32.66403586,559,,,,,
-10.75509711,35.07906533,560,,,,,
-10.75509711,37.4940948,561,,,,,
-10.75509711,39.90912427,562,,,,,
-8.340067637,-44.61690718,563,,,,,
-8.340067637,-42.20187771,564,,,,,
-8.340067637,-39.78684824,565,,,,,
-8.340067637,-37.37181877,566,,,,,
-8.340067637,-34.9567893,567,,,,,
-8.340067637,-32.54175983,568,,,,,
-8.340067637,-30.12673036,569,,,,,
-8.340067637,-27.71170089,570,,,,,
-8.340067637,-25.29667142,571,,,,,
-8.340067637,-22.88164195,572,,,,,
-8.340067637,-13.22152407,573,,,,,
-8.340067637,-3.561406189,574,,,,,
-8.340067637,3.68368222,575,,,,,
-8.340067637,6.09871169,576,,,,,
-8.340067637,8.513741159,577,,,,,
-8.340067637,10.92877063,578,,,,,
-8.340067637,13.3438001,579,,,,,
-8.340067637,15.75882957,580,,,,,
-8.340067637,27.83397692,581,,,,,
-8.340067637,30.24900639,582,,,,,
-8.340067637,32.66403586,583,,,,,
-8.340067637,35.07906533,584,,,,,
-5.925038168,-44.61690718,585,,,,,
-5.925038168,-42.20187771,586,,,,,
-5.925038168,-39.78684824,587,,,,,
-5.925038168,-37.37181877,588,,,,,
-5.925038168,-34.9567893,589,,,,,
-5.925038168,-32.54175983,590,,,,,
-5.925038168,-30.12673036,591,,,,,
-5.925038168,-27.71170089,592,,,,,
-5.925038168,-25.29667142,593,,,,,
-5.925038168,-13.22152407,594,,,,,
-5.925038168,-10.8064946,595,,,,,
-5.925038168,-5.976435659,596,,,,,
-5.925038168,-3.561406189,597,,,,,
-5.925038168,-1.14637672,598,,,,,
-5.925038168,3.68368222,599,,,,,
-5.925038168,8.513741159,600,,,,,
-5.925038168,10.92877063,601,,,,,
-5.925038168,27.83397692,602,,,,,
-5.925038168,30.24900639,603,,,,,
-3.510008698,-42.20187771,604,,,,,
-3.510008698,-39.78684824,605,,,,,
-3.510008698,-37.37181877,606,,,,,
-3.510008698,-34.9567893,607,,,,,
-3.510008698,-32.54175983,608,,,,,
-3.510008698,-30.12673036,609,,,,,
-3.510008698,-27.71170089,610,,,,,
-3.510008698,-25.29667142,611,,,,,
-3.510008698,-15.63655354,612,,,,,
-3.510008698,-13.22152407,613,,,,,
-3.510008698,-10.8064946,614,,,,,
-3.510008698,-8.391465129,615,,,,,
-3.510008698,-1.14637672,616,,,,,
-3.510008698,18.17385904,617,,,,,
-3.510008698,20.58888851,618,,,,,
-3.510008698,23.00391798,619,,,,,
-3.510008698,25.41894745,620,,,,,
-3.510008698,27.83397692,621,,,,,
-3.510008698,30.24900639,622,,,,,
-3.510008698,32.66403586,623,,,,,
-3.510008698,37.4940948,624,,,,,
-3.510008698,39.90912427,625,,,,,
-1.094979228,-39.78684824,626,,,,,
-1.094979228,-37.37181877,627,,,,,
-1.094979228,-34.9567893,628,,,,,
-1.094979228,-32.54175983,629,,,,,
-1.094979228,-30.12673036,630,,,,,
-1.094979228,-27.71170089,631,,,,,
-1.094979228,-25.29667142,632,,,,,
-1.094979228,-22.88164195,633,,,,,
-1.094979228,-20.46661248,634,,,,,
-1.094979228,-18.05158301,635,,,,,
-1.094979228,-15.63655354,636,,,,,
-1.094979228,-13.22152407,637,,,,,
-1.094979228,-10.8064946,638,,,,,
-1.094979228,1.26865275,639,,,,,
-1.094979228,15.75882957,640,,,,,
-1.094979228,18.17385904,641,,,,,
-1.094979228,20.58888851,642,,,,,
-1.094979228,23.00391798,643,,,,,
-1.094979228,25.41894745,644,,,,,
-1.094979228,27.83397692,645,,,,,
-1.094979228,30.24900639,646,,,,,
-1.094979228,32.66403586,647,,,,,
-1.094979228,35.07906533,648,,,,,
-1.094979228,37.4940948,649,,,,,
-1.094979228,39.90912427,650,,,,,
1.320050242,-34.9567893,651,,,,,
1.320050242,-30.12673036,652,,,,,
1.320050242,-27.71170089,653,,,,,
1.320050242,-25.29667142,654,,,,,
1.320050242,-22.88164195,655,,,,,
1.320050242,-20.46661248,656,,,,,
1.320050242,-18.05158301,657,,,,,
1.320050242,-15.63655354,658,,,,,
1.320050242,-13.22152407,659,,,,,
1.320050242,-10.8064946,660,,,,,
1.320050242,-8.391465129,661,,,,,
1.320050242,-5.976435659,662,,,,,
1.320050242,15.75882957,663,,,,,
1.320050242,18.17385904,664,,,,,
1.320050242,20.58888851,665,,,,,
1.320050242,23.00391798,666,,,,,
1.320050242,25.41894745,667,,,,,
1.320050242,27.83397692,668,,,,,
1.320050242,30.24900639,669,,,,,
1.320050242,32.66403586,670,,,,,
1.320050242,35.07906533,671,,,,,
1.320050242,37.4940948,672,,,,,
1.320050242,39.90912427,673,,,,,
3.735079711,-34.9567893,674,,,,,
3.735079711,-27.71170089,675,,,,,
3.735079711,-25.29667142,676,,,,,
3.735079711,-22.88164195,677,,,,,
3.735079711,-20.46661248,678,,,,,
3.735079711,-18.05158301,679,,,,,
3.735079711,-15.63655354,680,,,,,
3.735079711,-13.22152407,681,,,,,
3.735079711,-10.8064946,682,,,,,
3.735079711,-8.391465129,683,,,,,
3.735079711,25.41894745,684,,,,,
3.735079711,27.83397692,685,,,,,
3.735079711,30.24900639,686,,,,,
3.735079711,32.66403586,687,,,,,
3.735079711,35.07906533,688,,,,,
3.735079711,37.4940948,689,,,,,
3.735079711,39.90912427,690,,,,,
6.150109181,-44.61690718,691,,,,,
6.150109181,-42.20187771,692,,,,,
6.150109181,-34.9567893,693,,,,,
6.150109181,-25.29667142,694,,,,,
6.150109181,-22.88164195,695,,,,,
6.150109181,-20.46661248,696,,,,,
6.150109181,-18.05158301,697,,,,,
6.150109181,-8.391465129,698,,,,,
6.150109181,-1.14637672,699,,,,,
6.150109181,25.41894745,700,,,,,
6.150109181,32.66403586,701,,,,,
6.150109181,35.07906533,702,,,,,
6.150109181,37.4940948,703,,,,,
6.150109181,39.90912427,704,,,,,
8.565138651,-44.61690718,705,,,,,
8.565138651,-37.37181877,706,,,,,
8.565138651,-34.9567893,707,,,,,
8.565138651,-32.54175983,708,,,,,
8.565138651,-25.29667142,709,,,,,
8.565138651,-22.88164195,710,,,,,
8.565138651,-20.46661248,711,,,,,
8.565138651,-8.391465129,712,,,,,
8.565138651,-1.14637672,713,,,,,
8.565138651,1.26865275,714,,,,,
8.565138651,13.3438001,715,,,,,
8.565138651,20.58888851,716,,,,,
8.565138651,23.00391798,717,,,,,
8.565138651,25.41894745,718,,,,,
8.565138651,27.83397692,719,,,,,
8.565138651,32.66403586,720,,,,,
8.565138651,35.07906533,721,,,,,
8.565138651,37.4940948,722,,,,,
8.565138651,39.90912427,723,,,,,
10.98016812,-44.61690718,724,,,,,
10.98016812,-37.37181877,725,,,,,
10.98016812,-34.9567893,726,,,,,
10.98016812,-32.54175983,727,,,,,
10.98016812,-30.12673036,728,,,,,
10.98016812,-27.71170089,729,,,,,
10.98016812,-25.29667142,730,,,,,
10.98016812,-22.88164195,731,,,,,
10.98016812,-20.46661248,732,,,,,
10.98016812,-13.22152407,733,,,,,
10.98016812,-10.8064946,734,,,,,
10.98016812,-8.391465129,735,,,,,
10.98016812,1.26865275,736,,,,,
10.98016812,13.3438001,737,,,,,
10.98016812,20.58888851,738,,,,,
10.98016812,23.00391798,739,,,,,
10.98016812,25.41894745,740,,,,,
10.98016812,27.83397692,741,,,,,
10.98016812,37.4940948,742,,,,,
10.98016812,39.90912427,743,,,,,
13.39519759,-44.61690718,744,,,,,
13.39519759,-42.20187771,745,,,,,
13.39519759,-39.78684824,746,,,,,
13.39519759,-37.37181877,747,,,,,
13.39519759,-34.9567893,748,,,,,
13.39519759,-32.54175983,749,,,,,
13.39519759,-30.12673036,750,,,,,
13.39519759,-27.71170089,751,,,,,
13.39519759,-22.88164195,752,,,,,
13.39519759,-20.46661248,753,,,,,
13.39519759,-8.391465129,754,,,,,
13.39519759,-5.976435659,755,,,,,
13.39519759,1.26865275,756,,,,,
13.39519759,6.09871169,757,,,,,
13.39519759,13.3438001,758,,,,,
13.39519759,37.4940948,759,,,,,
13.39519759,39.90912427,760,,,,,
15.81022706,-44.61690718,761,,,,,
15.81022706,-42.20187771,762,,,,,
15.81022706,-39.78684824,763,,,,,
15.81022706,-37.37181877,764,,,,,
15.81022706,-34.9567893,765,,,,,
15.81022706,-32.54175983,766,,,,,
15.81022706,-30.12673036,767,,,,,
15.81022706,-18.05158301,768,,,,,
15.81022706,-15.63655354,769,,,,,
15.81022706,-8.391465129,770,,,,,
15.81022706,-5.976435659,771,,,,,
15.81022706,-3.561406189,772,,,,,
15.81022706,-1.14637672,773,,,,,
15.81022706,1.26865275,774,,,,,
15.81022706,3.68368222,775,,,,,
15.81022706,6.09871169,776,,,,,
15.81022706,15.75882957,777,,,,,
15.81022706,30.24900639,778,,,,,
15.81022706,32.66403586,779,,,,,
15.81022706,35.07906533,780,,,,,
15.81022706,37.4940948,781,,,,,
15.81022706,39.90912427,782,,,,,
18.22525653,-44.61690718,783,,,,,
18.22525653,-42.20187771,784,,,,,
18.22525653,-39.78684824,785,,,,,
18.22525653,-37.37181877,786,,,,,
18.22525653,-34.9567893,787,,,,,
18.22525653,-32.54175983,788,,,,,
18.22525653,-30.12673036,789,,,,,
18.22525653,-27.71170089,790,,,,,
18.22525653,-18.05158301,791,,,,,
18.22525653,-15.63655354,792,,,,,
18.22525653,-13.22152407,793,,,,,
18.22525653,3.68368222,794,,,,,
18.22525653,8.513741159,795,,,,,
18.22525653,10.92877063,796,,,,,
18.22525653,13.3438001,797,,,,,
18.22525653,15.75882957,798,,,,,
18.22525653,18.17385904,799,,,,,
18.22525653,20.58888851,800,,,,,
18.22525653,23.00391798,801,,,,,
18.22525653,25.41894745,802,,,,,
18.22525653,30.24900639,803,,,,,
18.22525653,32.66403586,804,,,,,
18.22525653,35.07906533,805,,,,,
18.22525653,37.4940948,806,,,,,
18.22525653,39.90912427,807,,,,,
20.640286,-44.61690718,808,,,,,
20.640286,-42.20187771,809,,,,,
20.640286,-39.78684824,810,,,,,
20.640286,-37.37181877,811,,,,,
20.640286,-34.9567893,812,,,,,
20.640286,-32.54175983,813,,,,,
20.640286,-25.29667142,814,,,,,
20.640286,-22.88164195,815,,,,,
20.640286,-20.46661248,816,,,,,
20.640286,-18.05158301,817,,,,,
20.640286,-15.63655354,818,,,,,
20.640286,-13.22152407,819,,,,,
20.640286,-10.8064946,820,,,,,
20.640286,10.92877063,821,,,,,
20.640286,13.3438001,822,,,,,
20.640286,20.58888851,823,,,,,
20.640286,23.00391798,824,,,,,
20.640286,30.24900639,825,,,,,
20.640286,32.66403586,826,,,,,
20.640286,35.07906533,827,,,,,
20.640286,37.4940948,828,,,,,
20.640286,39.90912427,829,,,,,
23.05531547,-44.61690718,830,,,,,
23.05531547,-42.20187771,831,,,,,
23.05531547,-39.78684824,832,,,,,
23.05531547,-37.37181877,833,,,,,
23.05531547,-34.9567893,834,,,,,
23.05531547,-32.54175983,835,,,,,
23.05531547,-25.29667142,836,,,,,
23.05531547,-22.88164195,837,,,,,
23.05531547,-20.46661248,838,,,,,
23.05531547,-18.05158301,839,,,,,
23.05531547,-15.63655354,840,,,,,
23.05531547,-13.22152407,841,,,,,
23.05531547,-10.8064946,842,,,,,
23.05531547,-8.391465129,843,,,,,
23.05531547,-5.976435659,844,,,,,
23.05531547,-3.561406189,845,,,,,
23.05531547,-1.14637672,846,,,,,
23.05531547,1.26865275,847,,,,,
23.05531547,3.68368222,848,,,,,
23.05531547,10.92877063,849,,,,,
23.05531547,13.3438001,850,,,,,
23.05531547,20.58888851,851,,,,,
23.05531547,23.00391798,852,,,,,
23.05531547,32.66403586,853,,,,,
23.05531547,35.07906533,854,,,,,
23.05531547,37.4940948,855,,,,,
23.05531547,39.90912427,856,,,,,
25.47034494,-44.61690718,857,,,,,
25.47034494,-42.20187771,858,,,,,
25.47034494,-39.78684824,859,,,,,
25.47034494,-37.37181877,860,,,,,
25.47034494,-34.9567893,861,,,,,
25.47034494,-32.54175983,862,,,,,
25.47034494,-30.12673036,863,,,,,
25.47034494,-27.71170089,864,,,,,
25.47034494,-25.29667142,865,,,,,
25.47034494,-22.88164195,866,,,,,
25.47034494,-20.46661248,867,,,,,
25.47034494,-18.05158301,868,,,,,
25.47034494,-15.63655354,869,,,,,
25.47034494,-10.8064946,870,,,,,
25.47034494,-8.391465129,871,,,,,
25.47034494,-5.976435659,872,,,,,
25.47034494,-3.561406189,873,,,,,
25.47034494,-1.14637672,874,,,,,
25.47034494,1.26865275,875,,,,,
25.47034494,3.68368222,876,,,,,
25.47034494,6.09871169,877,,,,,
25.47034494,13.3438001,878,,,,,
25.47034494,15.75882957,879,,,,,
25.47034494,18.17385904,880,,,,,
25.47034494,20.58888851,881,,,,,
25.47034494,23.00391798,882,,,,,
25.47034494,25.41894745,883,,,,,
25.47034494,27.83397692,884,,,,,
25.47034494,30.24900639,885,,,,,
25.47034494,39.90912427,886,,,,,
27.88537441,-44.61690718,887,,,,,
27.88537441,-42.20187771,888,,,,,
27.88537441,-39.78684824,889,,,,,
27.88537441,-37.37181877,890,,,,,
27.88537441,-34.9567893,891,,,,,
27.88537441,-32.54175983,892,,,,,
27.88537441,-30.12673036,893,,,,,
27.88537441,-27.71170089,894,,,,,
27.88537441,-25.29667142,895,,,,,
27.88537441,-22.88164195,896,,,,,
27.88537441,-8.391465129,897,,,,,
27.88537441,-5.976435659,898,,,,,
27.88537441,1.26865275,899,,,,,
27.88537441,3.68368222,900,,,,,
27.88537441,6.09871169,901,,,,,
27.88537441,13.3438001,902,,,,,
27.88537441,15.75882957,903,,,,,
27.88537441,18.17385904,904,,,,,
27.88537441,20.58888851,905,,,,,
27.88537441,23.00391798,906,,,,,
27.88537441,25.41894745,907,,,,,
27.88537441,27.83397692,908,,,,,
27.88537441,30.24900639,909,,,,,
27.88537441,32.66403586,910,,,,,
30.30040388,-44.61690718,911,,,,,
30.30040388,-42.20187771,912,,,,,
30.30040388,-39.78684824,913,,,,,
30.30040388,-37.37181877,914,,,,,
30.30040388,-34.9567893,915,,,,,
30.30040388,-32.54175983,916,,,,,
30.30040388,-30.12673036,917,,,,,
30.30040388,-27.71170089,918,,,,,
30.30040388,-25.29667142,919,,,,,
30.30040388,-22.88164195,920,,,,,
30.30040388,-10.8064946,921,,,,,
30.30040388,3.68368222,922,,,,,
30.30040388,6.09871169,923,,,,,
30.30040388,13.3438001,924,,,,,
30.30040388,15.75882957,925,,,,,
30.30040388,18.17385904,926,,,,,
30.30040388,20.58888851,927,,,,,
30.30040388,23.00391798,928,,,,,
30.30040388,25.41894745,929,,,,,
30.30040388,27.83397692,930,,,,,
30.30040388,30.24900639,931,,,,,
30.30040388,39.90912427,932,,,,,
32.71543335,-44.61690718,933,,,,,
32.71543335,-42.20187771,934,,,,,
32.71543335,-39.78684824,935,,,,,
32.71543335,-37.37181877,936,,,,,
32.71543335,-34.9567893,937,,,,,
32.71543335,-32.54175983,938,,,,,
32.71543335,-30.12673036,939,,,,,
32.71543335,-27.71170089,940,,,,,
32.71543335,-25.29667142,941,,,,,
32.71543335,-22.88164195,942,,,,,
32.71543335,-20.46661248,943,,,,,
32.71543335,-18.05158301,944,,,,,
32.71543335,-15.63655354,945,,,,,
32.71543335,-13.22152407,946,,,,,
32.71543335,-10.8064946,947,,,,,
32.71543335,-3.561406189,948,,,,,
32.71543335,1.26865275,949,,,,,
32.71543335,3.68368222,950,,,,,
32.71543335,6.09871169,951,,,,,
32.71543335,8.513741159,952,,,,,
32.71543335,10.92877063,953,,,,,
32.71543335,13.3438001,954,,,,,
32.71543335,15.75882957,955,,,,,
32.71543335,18.17385904,956,,,,,
32.71543335,20.58888851,957,,,,,
32.71543335,23.00391798,958,,,,,
32.71543335,25.41894745,959,,,,,
32.71543335,27.83397692,960,,,,,
32.71543335,30.24900639,961,,,,,
32.71543335,37.4940948,962,,,,,
32.71543335,39.90912427,963,,,,,
35.13046282,-44.61690718,964,,,,,
35.13046282,-42.20187771,965,,,,,
35.13046282,-39.78684824,966,,,,,
35.13046282,-37.37181877,967,,,,,
35.13046282,-34.9567893,968,,,,,
35.13046282,-32.54175983,969,,,,,
35.13046282,-30.12673036,970,,,,,
35.13046282,-27.71170089,971,,,,,
35.13046282,-25.29667142,972,,,,,
35.13046282,-22.88164195,973,,,,,
35.13046282,-20.46661248,974,,,,,
35.13046282,-18.05158301,975,,,,,
35.13046282,-15.63655354,976,,,,,
35.13046282,-13.22152407,977,,,,,
35.13046282,-10.8064946,978,,,,,
35.13046282,-8.391465129,979,,,,,
35.13046282,-5.976435659,980,,,,,
35.13046282,-3.561406189,981,,,,,
35.13046282,-1.14637672,982,,,,,
35.13046282,1.26865275,983,,,,,
35.13046282,3.68368222,984,,,,,
35.13046282,6.09871169,985,,,,,
35.13046282,8.513741159,986,,,,,
35.13046282,10.92877063,987,,,,,
35.13046282,13.3438001,988,,,,,
35.13046282,15.75882957,989,,,,,
35.13046282,18.17385904,990,,,,,
35.13046282,20.58888851,991,,,,,
35.13046282,23.00391798,992,,,,,
35.13046282,25.41894745,993,,,,,
35.13046282,27.83397692,994,,,,,
35.13046282,30.24900639,995,,,,,
35.13046282,32.66403586,996,,,,,
35.13046282,35.07906533,997,,,,,
35.13046282,37.4940948,998,,,,,
35.13046282,39.90912427,999,,,,,
37.54549229,-44.61690718,1000,,,,,
37.54549229,-42.20187771,1001,,,,,
37.54549229,-39.78684824,1002,,,,,
37.54549229,-37.37181877,1003,,,,,
37.54549229,-34.9567893,1004,,,,,
37.54549229,-32.54175983,1005,,,,,
37.54549229,-30.12673036,1006,,,,,
37.54549229,-27.71170089,1007,,,,,
37.54549229,-25.29667142,1008,,,,,
37.54549229,-22.88164195,1009,,,,,
37.54549229,-20.46661248,1010,,,,,
37.54549229,-18.05158301,1011,,,,,
37.54549229,-15.63655354,1012,,,,,
37.54549229,-13.22152407,1013,,,,,
37.54549229,-10.8064946,1014,,,,,
37.54549229,-8.391465129,1015,,,,,
37.54549229,-5.976435659,1016,,,,,
37.54549229,-3.561406189,1017,,,,,
37.54549229,3.68368222,1018,,,,,
37.54549229,6.09871169,1019,,,,,
37.54549229,8.513741159,1020,,,,,
37.54549229,10.92877063,1021,,,,,
37.54549229,13.3438001,1022,,,,,
37.54549229,15.75882957,1023,,,,,
37.54549229,18.17385904,1024,,,,,
37.54549229,20.58888851,1025,,,,,
37.54549229,23.00391798,1026,,,,,
37.54549229,25.41894745,1027,,,,,
37.54549229,27.83397692,1028,,,,,
37.54549229,30.24900639,1029,,,,,
37.54549229,32.66403586,1030,,,,,
37.54549229,35.07906533,1031,,,,,
37.54549229,37.4940948,1032,,,,,
37.54549229,39.90912427,1033,,,,,
39.96052176,-44.61690718,1034,,,,,
39.96052176,-42.20187771,1035,,,,,
39.96052176,-39.78684824,1036,,,,,
39.96052176,-37.37181877,1037,,,,,
39.96052176,-34.9567893,1038,,,,,
39.96052176,-32.54175983,1039,,,,,
39.96052176,-30.12673036,1040,,,,,
39.96052176,-27.71170089,1041,,,,,
39.96052176,-25.29667142,1042,,,,,
39.96052176,-22.88164195,1043,,,,,
39.96052176,-20.46661248,1044,,,,,
39.96052176,-18.05158301,1045,,,,,
39.96052176,-15.63655354,1046,,,,,
39.96052176,-13.22152407,1047,,,,,
39.96052176,-10.8064946,1048,,,,,
39.96052176,-8.391465129,1049,,,,,
39.96052176,-5.976435659,1050,,,,,
39.96052176,-3.561406189,1051,,,,,
39.96052176,6.09871169,1052,,,,,
39.96052176,8.513741159,1053,,,,,
39.96052176,10.92877063,1054,,,,,
39.96052176,13.3438001,1055,,,,,
39.96052176,15.75882957,1056,,,,,
39.96052176,18.17385904,1057,,,,,
39.96052176,20.58888851,1058,,,,,
39.96052176,23.00391798,1059,,,,,
39.96052176,25.41894745,1060,,,,,
39.96052176,27.83397692,1061,,,,,
39.96052176,30.24900639,1062,,,,,
39.96052176,32.66403586,1063,,,,,
39.96052176,35.07906533,1064,,,,,
39.96052176,37.4940948,1065,,,,,
39.96052176,39.90912427,1066,,,,,
42.37555123,-44.61690718,1067,,,,,
42.37555123,-42.20187771,1068,,,,,
42.37555123,-39.78684824,1069,,,,,
42.37555123,-37.37181877,1070,,,,,
42.37555123,-34.9567893,1071,,,,,
42.37555123,-32.54175983,1072,,,,,
42.37555123,-30.12673036,1073,,,,,
42.37555123,-27.71170089,1074,,,,,
42.37555123,-25.29667142,1075,,,,,
42.37555123,-22.88164195,1076,,,,,
42.37555123,-20.46661248,1077,,,,,
42.37555123,-18.05158301,1078,,,,,
42.37555123,-15.63655354,1079,,,,,
42.37555123,-13.22152407,1080,,,,,
42.37555123,-10.8064946,1081,,,,,
42.37555123,-8.391465129,1082,,,,,
42.37555123,-5.976435659,1083,,,,,
42.37555123,-3.561406189,1084,,,,,
42.37555123,-1.14637672,1085,,,,,
42.37555123,6.09871169,1086,,,,,
42.37555123,8.513741159,1087,,,,,
42.37555123,10.92877063,1088,,,,,
42.37555123,13.3438001,1089,,,,,
42.37555123,15.75882957,1090,,,,,
42.37555123,18.17385904,1091,,,,,
42.37555123,20.58888851,1092,,,,,
42.37555123,23.00391798,1093,,,,,
42.37555123,25.41894745,1094,,,,,
42.37555123,27.83397692,1095,,,,,
42.37555123,30.24900639,1096,,,,,
42.37555123,32.66403586,1097,,,,,
42.37555123,35.07906533,1098,,,,,
42.37555123,37.4940948,1099,,,,,
42.37555123,39.90912427,1100,,,,,