Instance,x,y,class,Pred_class,Matches,Pie,Mixnew,SepalLengthCm,SepalWidthCm,PetalLengthCm,PetalWidthCm,class_new,Stress
1,0.548511346,-0.113857425,Iris-setosa,Iris-setosa,Match,"97.05882352941177,2.9411764705882355,0.0","R1,R5,R9",5.1,3.5,1.4,0.2,1,0.043053601
2,0.548511346,-0.113857425,Iris-setosa,Iris-setosa,Match,"97.05882352941177,2.9411764705882355,0.0","R1,R5,R9",4.9,3,1.4,0.2,1,0.043053601
3,0.548511346,-0.113857425,Iris-setosa,Iris-setosa,Match,"97.05882352941177,2.9411764705882355,0.0","R1,R5,R9",4.7,3.2,1.3,0.2,1,0.043053601
4,0.548511346,-0.113857424,Iris-setosa,Iris-setosa,Match,"97.05882352941177,2.9411764705882355,0.0","R1,R5,R9",4.6,3.1,1.5,0.2,1,0.043053601
5,0.548511346,-0.113857425,Iris-setosa,Iris-setosa,Match,"97.05882352941177,2.9411764705882355,0.0","R1,R5,R9",5,3.6,1.4,0.2,1,0.043053601
6,0.548511346,-0.113857425,Iris-setosa,Iris-setosa,Match,"97.05882352941177,2.9411764705882355,0.0","R1,R5,R9",5.4,3.9,1.7,0.4,1,0.043053601
7,0.548511346,-0.113857425,Iris-setosa,Iris-setosa,Match,"97.05882352941177,2.9411764705882355,0.0","R1,R5,R9",4.6,3.4,1.4,0.3,1,0.043053601
8,0.548511346,-0.113857425,Iris-setosa,Iris-setosa,Match,"97.05882352941177,2.9411764705882355,0.0","R1,R5,R9",5,3.4,1.5,0.2,1,0.043053601
9,0.548511346,-0.113857425,Iris-setosa,Iris-setosa,Match,"97.05882352941177,2.9411764705882355,0.0","R1,R5,R9",4.4,2.9,1.4,0.2,1,0.043053601
10,0.548511346,-0.113857425,Iris-setosa,Iris-setosa,Match,"97.05882352941177,2.9411764705882355,0.0","R1,R5,R9",4.9,3.1,1.5,0.1,1,0.043053601
11,0.548511346,-0.113857425,Iris-setosa,Iris-setosa,Match,"97.05882352941177,2.9411764705882355,0.0","R1,R5,R9",5.4,3.7,1.5,0.2,1,0.043053601
12,0.548511346,-0.113857425,Iris-setosa,Iris-setosa,Match,"97.05882352941177,2.9411764705882355,0.0","R1,R5,R9",4.8,3.4,1.6,0.2,1,0.043053601
13,0.548511346,-0.113857425,Iris-setosa,Iris-setosa,Match,"97.05882352941177,2.9411764705882355,0.0","R1,R5,R9",4.8,3,1.4,0.1,1,0.043053601
14,0.548511346,-0.113857425,Iris-setosa,Iris-setosa,Match,"97.05882352941177,2.9411764705882355,0.0","R1,R5,R9",4.3,3,1.1,0.1,1,0.043053601
15,0.614061859,0.08978561,Iris-setosa,Iris-setosa,Match,"100.0,0.0,0.0","R1,R5,R11",5.8,4,1.2,0.2,1,0.163955242
16,0.550248809,-0.313307749,Iris-setosa,Iris-setosa,Match,"100.0,0.0,0.0","R1,R5,R11",5.7,4.4,1.5,0.4,1,0.177012902
17,0.548511346,-0.113857425,Iris-setosa,Iris-setosa,Match,"97.05882352941177,2.9411764705882355,0.0","R1,R5,R9",5.4,3.9,1.3,0.4,1,0.043053601
18,0.548511346,-0.113857425,Iris-setosa,Iris-setosa,Match,"97.05882352941177,2.9411764705882355,0.0","R1,R5,R9",5.1,3.5,1.4,0.3,1,0.043053601
19,0.614061591,0.089785847,Iris-setosa,Iris-setosa,Match,"100.0,0.0,0.0","R1,R5,R11",5.7,3.8,1.7,0.3,1,0.163955243
20,0.548511346,-0.113857425,Iris-setosa,Iris-setosa,Match,"97.05882352941177,2.9411764705882355,0.0","R1,R5,R9",5.1,3.8,1.5,0.3,1,0.043053601
21,0.548511346,-0.113857425,Iris-setosa,Iris-setosa,Match,"97.05882352941177,2.9411764705882355,0.0","R1,R5,R9",5.4,3.4,1.7,0.2,1,0.043053601
22,0.548511346,-0.113857425,Iris-setosa,Iris-setosa,Match,"97.05882352941177,2.9411764705882355,0.0","R1,R5,R9",5.1,3.7,1.5,0.4,1,0.043053601
23,0.548511346,-0.113857425,Iris-setosa,Iris-setosa,Match,"97.05882352941177,2.9411764705882355,0.0","R1,R5,R9",4.6,3.6,1,0.2,1,0.043053601
24,0.548511346,-0.113857425,Iris-setosa,Iris-setosa,Match,"97.05882352941177,2.9411764705882355,0.0","R1,R5,R9",5.1,3.3,1.7,0.5,1,0.043053601
25,0.548511346,-0.113857425,Iris-setosa,Iris-setosa,Match,"97.05882352941177,2.9411764705882355,0.0","R1,R5,R9",4.8,3.4,1.9,0.2,1,0.043053601
26,0.548511346,-0.113857425,Iris-setosa,Iris-setosa,Match,"97.05882352941177,2.9411764705882355,0.0","R1,R5,R9",5,3,1.6,0.2,1,0.043053601
27,0.548511346,-0.113857425,Iris-setosa,Iris-setosa,Match,"97.05882352941177,2.9411764705882355,0.0","R1,R5,R9",5,3.4,1.6,0.4,1,0.043053601
28,0.548511346,-0.113857425,Iris-setosa,Iris-setosa,Match,"97.05882352941177,2.9411764705882355,0.0","R1,R5,R9",5.2,3.5,1.5,0.2,1,0.043053601
29,0.548511346,-0.113857425,Iris-setosa,Iris-setosa,Match,"97.05882352941177,2.9411764705882355,0.0","R1,R5,R9",5.2,3.4,1.4,0.2,1,0.043053601
30,0.548511346,-0.113857425,Iris-setosa,Iris-setosa,Match,"97.05882352941177,2.9411764705882355,0.0","R1,R5,R9",4.7,3.2,1.6,0.2,1,0.043053601
31,0.548511346,-0.113857425,Iris-setosa,Iris-setosa,Match,"97.05882352941177,2.9411764705882355,0.0","R1,R5,R9",4.8,3.1,1.6,0.2,1,0.043053601
32,0.548511346,-0.113857425,Iris-setosa,Iris-setosa,Match,"97.05882352941177,2.9411764705882355,0.0","R1,R5,R9",5.4,3.4,1.5,0.4,1,0.043053601
33,0.548511346,-0.113857425,Iris-setosa,Iris-setosa,Match,"97.05882352941177,2.9411764705882355,0.0","R1,R5,R9",5.2,4.1,1.5,0.1,1,0.043053601
34,0.550259608,-0.313302484,Iris-setosa,Iris-setosa,Match,"100.0,0.0,0.0","R1,R5,R11",5.5,4.2,1.4,0.2,1,0.177012913
35,0.548511346,-0.113857425,Iris-setosa,Iris-setosa,Match,"97.05882352941177,2.9411764705882355,0.0","R1,R5,R9",4.9,3.1,1.5,0.1,1,0.043053601
36,0.548511346,-0.113857425,Iris-setosa,Iris-setosa,Match,"97.05882352941177,2.9411764705882355,0.0","R1,R5,R9",5,3.2,1.2,0.2,1,0.043053601
37,0.550250639,-0.313306857,Iris-setosa,Iris-setosa,Match,"100.0,0.0,0.0","R1,R5,R11",5.5,3.5,1.3,0.2,1,0.177012904
38,0.548511346,-0.113857425,Iris-setosa,Iris-setosa,Match,"97.05882352941177,2.9411764705882355,0.0","R1,R5,R9",4.9,3.1,1.5,0.1,1,0.043053601
39,0.548511346,-0.113857425,Iris-setosa,Iris-setosa,Match,"97.05882352941177,2.9411764705882355,0.0","R1,R5,R9",4.4,3,1.3,0.2,1,0.043053601
40,0.548511346,-0.113857425,Iris-setosa,Iris-setosa,Match,"97.05882352941177,2.9411764705882355,0.0","R1,R5,R9",5.1,3.4,1.5,0.2,1,0.043053601
41,0.548511346,-0.113857425,Iris-setosa,Iris-setosa,Match,"97.05882352941177,2.9411764705882355,0.0","R1,R5,R9",5,3.5,1.3,0.3,1,0.043053601
42,0.548511346,-0.113857425,Iris-setosa,Iris-setosa,Match,"97.05882352941177,2.9411764705882355,0.0","R1,R5,R9",4.5,2.3,1.3,0.3,1,0.043053601
43,0.548511346,-0.113857425,Iris-setosa,Iris-setosa,Match,"97.05882352941177,2.9411764705882355,0.0","R1,R5,R9",4.4,3.2,1.3,0.2,1,0.043053601
44,0.548511346,-0.113857425,Iris-setosa,Iris-setosa,Match,"97.05882352941177,2.9411764705882355,0.0","R1,R5,R9",5,3.5,1.6,0.6,1,0.043053601
45,0.548511346,-0.113857425,Iris-setosa,Iris-setosa,Match,"97.05882352941177,2.9411764705882355,0.0","R1,R5,R9",5.1,3.8,1.9,0.4,1,0.043053601
46,0.548511346,-0.113857425,Iris-setosa,Iris-setosa,Match,"97.05882352941177,2.9411764705882355,0.0","R1,R5,R9",4.8,3,1.4,0.3,1,0.043053601
47,0.548511346,-0.113857425,Iris-setosa,Iris-setosa,Match,"97.05882352941177,2.9411764705882355,0.0","R1,R5,R9",5.1,3.8,1.6,0.2,1,0.043053601
48,0.548511346,-0.113857425,Iris-setosa,Iris-setosa,Match,"97.05882352941177,2.9411764705882355,0.0","R1,R5,R9",4.6,3.2,1.4,0.2,1,0.043053601
49,0.548511346,-0.113857425,Iris-setosa,Iris-setosa,Match,"97.05882352941177,2.9411764705882355,0.0","R1,R5,R9",5.3,3.7,1.5,0.2,1,0.043053601
50,0.548511346,-0.113857425,Iris-setosa,Iris-setosa,Match,"97.05882352941177,2.9411764705882355,0.0","R1,R5,R9",5,3.3,1.4,0.2,1,0.043053601
51,-0.364167302,-0.5057825,Iris-versicolor,Iris-versicolor,Match,"0.0,91.50326797385621,8.496732026143789","R3,R6,R10",7,3.2,4.7,1.4,2,0.134117157
52,-0.364175757,-0.505779478,Iris-versicolor,Iris-versicolor,Match,"0.0,91.50326797385621,8.496732026143789","R3,R6,R10",6.4,3.2,4.5,1.5,2,0.134117195
53,-0.212380841,-0.666794561,Iris-versicolor,Iris-versicolor,Match,"0.0,71.50326797385621,28.49673202614379","R3,R7,R10",6.9,3.1,4.9,1.5,2,0.245275906
54,-0.454264092,-0.284543054,Iris-versicolor,Iris-versicolor,Match,"0.0,89.7671568627451,10.232843137254903","R2,R6,R10",5.5,2.3,4,1.3,2,0.079682076
55,-0.364155747,-0.505786629,Iris-versicolor,Iris-versicolor,Match,"0.0,91.50326797385621,8.496732026143789","R3,R6,R10",6.5,2.8,4.6,1.5,2,0.134117106
56,-0.454264085,-0.28454306,Iris-versicolor,Iris-versicolor,Match,"0.0,89.7671568627451,10.232843137254903","R2,R6,R10",5.7,2.8,4.5,1.3,2,0.079682076
57,-0.364172101,-0.505780785,Iris-versicolor,Iris-versicolor,Match,"0.0,91.50326797385621,8.496732026143789","R3,R6,R10",6.3,3.3,4.7,1.6,2,0.134117179
58,-0.058793896,-0.279212854,Iris-versicolor,Iris-versicolor,Match,"30.392156862745097,62.31617647058824,7.291666666666667","R2,R6,R9",4.9,2.4,3.3,1,2,0.224032467
59,-0.364139717,-0.505792351,Iris-versicolor,Iris-versicolor,Match,"0.0,91.50326797385621,8.496732026143789","R3,R6,R10",6.6,2.9,4.6,1.3,2,0.134117036
60,-0.058787435,-0.279223964,Iris-versicolor,Iris-versicolor,Match,"30.392156862745097,62.31617647058824,7.291666666666667","R2,R6,R9",5.2,2.7,3.9,1.4,2,0.224032658
61,-0.05881151,-0.279182572,Iris-versicolor,Iris-versicolor,Match,"30.392156862745097,62.31617647058824,7.291666666666667","R2,R6,R9",5,2,3.5,1,2,0.224031948
62,-0.454264086,-0.284543059,Iris-versicolor,Iris-versicolor,Match,"0.0,89.7671568627451,10.232843137254903","R2,R6,R10",5.9,3,4.2,1.5,2,0.079682076
63,-0.45426409,-0.284543057,Iris-versicolor,Iris-versicolor,Match,"0.0,89.7671568627451,10.232843137254903","R2,R6,R10",6,2.2,4,1,2,0.079682076
64,-0.45426409,-0.284543056,Iris-versicolor,Iris-versicolor,Match,"0.0,89.7671568627451,10.232843137254903","R2,R6,R10",6.1,2.9,4.7,1.4,2,0.079682076
65,-0.454264089,-0.284543057,Iris-versicolor,Iris-versicolor,Match,"0.0,89.7671568627451,10.232843137254903","R2,R6,R10",5.6,2.9,3.6,1.3,2,0.079682076
66,-0.364159023,-0.505785458,Iris-versicolor,Iris-versicolor,Match,"0.0,91.50326797385621,8.496732026143789","R3,R6,R10",6.7,3.1,4.4,1.4,2,0.13411712
67,-0.454264092,-0.284543055,Iris-versicolor,Iris-versicolor,Match,"0.0,89.7671568627451,10.232843137254903","R2,R6,R10",5.6,3,4.5,1.5,2,0.079682076
68,-0.454264092,-0.284543054,Iris-versicolor,Iris-versicolor,Match,"0.0,89.7671568627451,10.232843137254903","R2,R6,R10",5.8,2.7,4.1,1,2,0.079682076
69,-0.364154767,-0.505786979,Iris-versicolor,Iris-versicolor,Match,"0.0,91.50326797385621,8.496732026143789","R3,R6,R10",6.2,2.2,4.5,1.5,2,0.134117102
70,-0.454264044,-0.284543096,Iris-versicolor,Iris-versicolor,Match,"0.0,89.7671568627451,10.232843137254903","R2,R6,R10",5.6,2.5,3.9,1.1,2,0.079682076
71,-0.33025409,0.374120497,Iris-versicolor,Iris-virginica,NonMatch,"0.0,28.061868686868685,71.93813131313132","R2,R8,R12",5.9,3.2,4.8,1.8,2,0.059308587
72,-0.454264069,-0.284543074,Iris-versicolor,Iris-versicolor,Match,"0.0,89.7671568627451,10.232843137254903","R2,R6,R10",6.1,2.8,4,1.3,2,0.079682076
73,-0.212226595,-0.66680675,Iris-versicolor,Iris-versicolor,Match,"0.0,71.50326797385621,28.49673202614379","R3,R7,R10",6.3,2.5,4.9,1.5,2,0.245275302
74,-0.454264078,-0.284543066,Iris-versicolor,Iris-versicolor,Match,"0.0,89.7671568627451,10.232843137254903","R2,R6,R10",6.1,2.8,4.7,1.2,2,0.079682076
75,-0.364161957,-0.505784409,Iris-versicolor,Iris-versicolor,Match,"0.0,91.50326797385621,8.496732026143789","R3,R6,R10",6.4,2.9,4.3,1.3,2,0.134117133
76,-0.364154606,-0.505787036,Iris-versicolor,Iris-versicolor,Match,"0.0,91.50326797385621,8.496732026143789","R3,R6,R10",6.6,3,4.4,1.4,2,0.134117101
77,-0.364137559,-0.505793111,Iris-versicolor,Iris-versicolor,Match,"0.0,91.50326797385621,8.496732026143789","R3,R6,R10",6.8,2.8,4.8,1.4,2,0.134117027
78,-0.212292003,-0.666801579,Iris-versicolor,Iris-versicolor,Match,"0.0,71.50326797385621,28.49673202614379","R3,R7,R10",6.7,3,5,1.7,2,0.245275554
79,-0.45426409,-0.284543056,Iris-versicolor,Iris-versicolor,Match,"0.0,89.7671568627451,10.232843137254903","R2,R6,R10",6,2.9,4.5,1.5,2,0.079682076
80,-0.454264092,-0.284543054,Iris-versicolor,Iris-versicolor,Match,"0.0,89.7671568627451,10.232843137254903","R2,R6,R10",5.7,2.6,3.5,1,2,0.079682076
81,-0.454264089,-0.284543057,Iris-versicolor,Iris-versicolor,Match,"0.0,89.7671568627451,10.232843137254903","R2,R6,R10",5.5,2.4,3.8,1.1,2,0.079682076
82,-0.454264085,-0.28454306,Iris-versicolor,Iris-versicolor,Match,"0.0,89.7671568627451,10.232843137254903","R2,R6,R10",5.5,2.4,3.7,1,2,0.079682076
83,-0.454264092,-0.284543055,Iris-versicolor,Iris-versicolor,Match,"0.0,89.7671568627451,10.232843137254903","R2,R6,R10",5.8,2.7,3.9,1.2,2,0.079682076
84,-0.584352133,-0.146170858,Iris-versicolor,Iris-versicolor,Match,"0.0,69.7671568627451,30.2328431372549","R2,R7,R10",6,2.7,5.1,1.6,2,0.184260119
85,-0.058783453,-0.279230811,Iris-versicolor,Iris-versicolor,Match,"30.392156862745097,62.31617647058824,7.291666666666667","R2,R6,R9",5.4,3,4.5,1.5,2,0.224032776
86,-0.454264091,-0.284543055,Iris-versicolor,Iris-versicolor,Match,"0.0,89.7671568627451,10.232843137254903","R2,R6,R10",6,3.4,4.5,1.6,2,0.079682076
87,-0.364175779,-0.50577947,Iris-versicolor,Iris-versicolor,Match,"0.0,91.50326797385621,8.496732026143789","R3,R6,R10",6.7,3.1,4.7,1.5,2,0.134117195
88,-0.364163151,-0.505783983,Iris-versicolor,Iris-versicolor,Match,"0.0,91.50326797385621,8.496732026143789","R3,R6,R10",6.3,2.3,4.4,1.3,2,0.134117139
89,-0.454264071,-0.284543072,Iris-versicolor,Iris-versicolor,Match,"0.0,89.7671568627451,10.232843137254903","R2,R6,R10",5.6,3,4.1,1.3,2,0.079682076
90,-0.454264077,-0.284543067,Iris-versicolor,Iris-versicolor,Match,"0.0,89.7671568627451,10.232843137254903","R2,R6,R10",5.5,2.5,4,1.3,2,0.079682076
91,-0.454264091,-0.284543055,Iris-versicolor,Iris-versicolor,Match,"0.0,89.7671568627451,10.232843137254903","R2,R6,R10",5.5,2.6,4.4,1.2,2,0.079682076
92,-0.454264084,-0.284543061,Iris-versicolor,Iris-versicolor,Match,"0.0,89.7671568627451,10.232843137254903","R2,R6,R10",6.1,3,4.6,1.4,2,0.079682076
93,-0.454264087,-0.284543059,Iris-versicolor,Iris-versicolor,Match,"0.0,89.7671568627451,10.232843137254903","R2,R6,R10",5.8,2.6,4,1.2,2,0.079682076
94,-0.058796293,-0.279208733,Iris-versicolor,Iris-versicolor,Match,"30.392156862745097,62.31617647058824,7.291666666666667","R2,R6,R9",5,2.3,3.3,1,2,0.224032396
95,-0.454264091,-0.284543055,Iris-versicolor,Iris-versicolor,Match,"0.0,89.7671568627451,10.232843137254903","R2,R6,R10",5.6,2.7,4.2,1.3,2,0.079682076
96,-0.454264092,-0.284543054,Iris-versicolor,Iris-versicolor,Match,"0.0,89.7671568627451,10.232843137254903","R2,R6,R10",5.7,3,4.2,1.2,2,0.079682076
97,-0.454264092,-0.284543054,Iris-versicolor,Iris-versicolor,Match,"0.0,89.7671568627451,10.232843137254903","R2,R6,R10",5.7,2.9,4.2,1.3,2,0.079682076
98,-0.364160991,-0.505784755,Iris-versicolor,Iris-versicolor,Match,"0.0,91.50326797385621,8.496732026143789","R3,R6,R10",6.2,2.9,4.3,1.3,2,0.134117129
99,-0.058784182,-0.279229557,Iris-versicolor,Iris-versicolor,Match,"30.392156862745097,62.31617647058824,7.291666666666667","R2,R6,R9",5.1,2.5,3,1.1,2,0.224032755
100,-0.454264091,-0.284543056,Iris-versicolor,Iris-versicolor,Match,"0.0,89.7671568627451,10.232843137254903","R2,R6,R10",5.7,2.8,4.1,1.3,2,0.079682076
101,-0.129973152,0.600406318,Iris-virginica,Iris-virginica,Match,"0.0,2.0202020202020203,97.97979797979798","R4,R8,R12",6.3,3.3,6,2.5,3,0.093143549
102,-0.330254023,0.37412049,Iris-virginica,Iris-virginica,Match,"0.0,28.061868686868685,71.93813131313132","R2,R8,R12",5.8,2.7,5.1,1.9,3,0.059308588
103,-0.129973192,0.600406312,Iris-virginica,Iris-virginica,Match,"0.0,2.0202020202020203,97.97979797979798","R4,R8,R12",7.1,3,5.9,2.1,3,0.09314355
104,-0.129973198,0.600406311,Iris-virginica,Iris-virginica,Match,"0.0,2.0202020202020203,97.97979797979798","R4,R8,R12",6.3,2.9,5.6,1.8,3,0.09314355
105,-0.129973117,0.600406324,Iris-virginica,Iris-virginica,Match,"0.0,2.0202020202020203,97.97979797979798","R4,R8,R12",6.5,3,5.8,2.2,3,0.093143549
106,-0.129973109,0.600406325,Iris-virginica,Iris-virginica,Match,"0.0,2.0202020202020203,97.97979797979798","R4,R8,R12",7.6,3,6.6,2.1,3,0.093143549
107,-0.058786413,-0.279225722,Iris-virginica,Iris-versicolor,NonMatch,"30.392156862745097,62.31617647058824,7.291666666666667","R2,R6,R9",4.9,2.5,4.5,1.7,3,0.224032689
108,-0.129973121,0.600406323,Iris-virginica,Iris-virginica,Match,"0.0,2.0202020202020203,97.97979797979798","R4,R8,R12",7.3,2.9,6.3,1.8,3,0.093143549
109,-0.129973103,0.600406326,Iris-virginica,Iris-virginica,Match,"0.0,2.0202020202020203,97.97979797979798","R4,R8,R12",6.7,2.5,5.8,1.8,3,0.093143549
110,-0.129973164,0.600406316,Iris-virginica,Iris-virginica,Match,"0.0,2.0202020202020203,97.97979797979798","R4,R8,R12",7.2,3.6,6.1,2.5,3,0.093143549
111,-0.129973099,0.600406327,Iris-virginica,Iris-virginica,Match,"0.0,2.0202020202020203,97.97979797979798","R4,R8,R12",6.5,3.2,5.1,2,3,0.093143549
112,-0.129973157,0.600406318,Iris-virginica,Iris-virginica,Match,"0.0,2.0202020202020203,97.97979797979798","R4,R8,R12",6.4,2.7,5.3,1.9,3,0.093143549
113,-0.129973108,0.600406325,Iris-virginica,Iris-virginica,Match,"0.0,2.0202020202020203,97.97979797979798","R4,R8,R12",6.8,3,5.5,2.1,3,0.093143549
114,-0.330254325,0.374120523,Iris-virginica,Iris-virginica,Match,"0.0,28.061868686868685,71.93813131313132","R2,R8,R12",5.7,2.5,5,2,3,0.059308586
115,-0.330253781,0.374120463,Iris-virginica,Iris-virginica,Match,"0.0,28.061868686868685,71.93813131313132","R2,R8,R12",5.8,2.8,5.1,2.4,3,0.059308588
116,-0.129973164,0.600406316,Iris-virginica,Iris-virginica,Match,"0.0,2.0202020202020203,97.97979797979798","R4,R8,R12",6.4,3.2,5.3,2.3,3,0.093143549
117,-0.12997312,0.600406323,Iris-virginica,Iris-virginica,Match,"0.0,2.0202020202020203,97.97979797979798","R4,R8,R12",6.5,3,5.5,1.8,3,0.093143549
118,-0.129973117,0.600406324,Iris-virginica,Iris-virginica,Match,"0.0,2.0202020202020203,97.97979797979798","R4,R8,R12",7.7,3.8,6.7,2.2,3,0.093143549
119,-0.129973096,0.600406327,Iris-virginica,Iris-virginica,Match,"0.0,2.0202020202020203,97.97979797979798","R4,R8,R12",7.7,2.6,6.9,2.3,3,0.093143549
120,-0.584366411,-0.146185992,Iris-virginica,Iris-versicolor,NonMatch,"0.0,69.7671568627451,30.2328431372549","R2,R7,R10",6,2.2,5,1.5,3,0.184259983
121,-0.129973113,0.600406324,Iris-virginica,Iris-virginica,Match,"0.0,2.0202020202020203,97.97979797979798","R4,R8,R12",6.9,3.2,5.7,2.3,3,0.093143549
122,-0.330242729,0.374119254,Iris-virginica,Iris-virginica,Match,"0.0,28.061868686868685,71.93813131313132","R2,R8,R12",5.6,2.8,4.9,2,3,0.059308629
123,-0.129973113,0.600406324,Iris-virginica,Iris-virginica,Match,"0.0,2.0202020202020203,97.97979797979798","R4,R8,R12",7.7,2.8,6.7,2,3,0.093143549
124,-0.12997315,0.600406319,Iris-virginica,Iris-virginica,Match,"0.0,2.0202020202020203,97.97979797979798","R4,R8,R12",6.3,2.7,4.9,1.8,3,0.093143549
125,-0.129973142,0.60040632,Iris-virginica,Iris-virginica,Match,"0.0,2.0202020202020203,97.97979797979798","R4,R8,R12",6.7,3.3,5.7,2.1,3,0.093143549
126,-0.129973167,0.600406316,Iris-virginica,Iris-virginica,Match,"0.0,2.0202020202020203,97.97979797979798","R4,R8,R12",7.2,3.2,6,1.8,3,0.093143549
127,-0.129973148,0.600406319,Iris-virginica,Iris-virginica,Match,"0.0,2.0202020202020203,97.97979797979798","R4,R8,R12",6.2,2.8,4.8,1.8,3,0.093143549
128,-0.330252669,0.374120342,Iris-virginica,Iris-virginica,Match,"0.0,28.061868686868685,71.93813131313132","R2,R8,R12",6.1,3,4.9,1.8,3,0.059308592
129,-0.129973145,0.600406319,Iris-virginica,Iris-virginica,Match,"0.0,2.0202020202020203,97.97979797979798","R4,R8,R12",6.4,2.8,5.6,2.1,3,0.093143549
130,-0.221175753,-0.664032203,Iris-virginica,Iris-versicolor,NonMatch,"0.0,71.50326797385621,28.49673202614379","R3,R7,R10",7.2,3,5.8,1.6,3,0.245378168
131,-0.129973108,0.600406325,Iris-virginica,Iris-virginica,Match,"0.0,2.0202020202020203,97.97979797979798","R4,R8,R12",7.4,2.8,6.1,1.9,3,0.093143549
132,-0.129973123,0.600406323,Iris-virginica,Iris-virginica,Match,"0.0,2.0202020202020203,97.97979797979798","R4,R8,R12",7.9,3.8,6.4,2,3,0.093143549
133,-0.129973213,0.600406309,Iris-virginica,Iris-virginica,Match,"0.0,2.0202020202020203,97.97979797979798","R4,R8,R12",6.4,2.8,5.6,2.2,3,0.09314355
134,-0.212505613,-0.666784716,Iris-virginica,Iris-versicolor,NonMatch,"0.0,71.50326797385621,28.49673202614379","R3,R7,R10",6.3,2.8,5.1,1.5,3,0.24527642
135,-0.584843598,-0.1467678,Iris-virginica,Iris-versicolor,NonMatch,"0.0,69.7671568627451,30.2328431372549","R2,R7,R10",6.1,2.6,5.6,1.4,3,0.184255821
136,-0.129973197,0.600406311,Iris-virginica,Iris-virginica,Match,"0.0,2.0202020202020203,97.97979797979798","R4,R8,R12",7.7,3,6.1,2.3,3,0.09314355
137,-0.129973146,0.600406319,Iris-virginica,Iris-virginica,Match,"0.0,2.0202020202020203,97.97979797979798","R4,R8,R12",6.3,3.4,5.6,2.4,3,0.093143549
138,-0.12997316,0.600406317,Iris-virginica,Iris-virginica,Match,"0.0,2.0202020202020203,97.97979797979798","R4,R8,R12",6.4,3.1,5.5,1.8,3,0.093143549
139,-0.330247261,0.37411975,Iris-virginica,Iris-virginica,Match,"0.0,28.061868686868685,71.93813131313132","R2,R8,R12",6,3,4.8,1.8,3,0.059308612
140,-0.129973202,0.60040631,Iris-virginica,Iris-virginica,Match,"0.0,2.0202020202020203,97.97979797979798","R4,R8,R12",6.9,3.1,5.4,2.1,3,0.09314355
141,-0.12997318,0.600406314,Iris-virginica,Iris-virginica,Match,"0.0,2.0202020202020203,97.97979797979798","R4,R8,R12",6.7,3.1,5.6,2.4,3,0.093143549
142,-0.129973203,0.60040631,Iris-virginica,Iris-virginica,Match,"0.0,2.0202020202020203,97.97979797979798","R4,R8,R12",6.9,3.1,5.1,2.3,3,0.09314355
143,-0.330254509,0.374120543,Iris-virginica,Iris-virginica,Match,"0.0,28.061868686868685,71.93813131313132","R2,R8,R12",5.8,2.7,5.1,1.9,3,0.059308586
144,-0.129973168,0.600406316,Iris-virginica,Iris-virginica,Match,"0.0,2.0202020202020203,97.97979797979798","R4,R8,R12",6.8,3.2,5.9,2.3,3,0.093143549
145,-0.129973082,0.600406329,Iris-virginica,Iris-virginica,Match,"0.0,2.0202020202020203,97.97979797979798","R4,R8,R12",6.7,3.3,5.7,2.5,3,0.093143549
146,-0.129973109,0.600406325,Iris-virginica,Iris-virginica,Match,"0.0,2.0202020202020203,97.97979797979798","R4,R8,R12",6.7,3,5.2,2.3,3,0.093143549
147,-0.129973142,0.60040632,Iris-virginica,Iris-virginica,Match,"0.0,2.0202020202020203,97.97979797979798","R4,R8,R12",6.3,2.5,5,1.9,3,0.093143549
148,-0.129973147,0.600406319,Iris-virginica,Iris-virginica,Match,"0.0,2.0202020202020203,97.97979797979798","R4,R8,R12",6.5,3,5.2,2,3,0.093143549
149,-0.129973128,0.600406322,Iris-virginica,Iris-virginica,Match,"0.0,2.0202020202020203,97.97979797979798","R4,R8,R12",6.2,3.4,5.4,2.3,3,0.093143549
150,-0.330242579,0.374119238,Iris-virginica,Iris-virginica,Match,"0.0,28.061868686868685,71.93813131313132","R2,R8,R12",5.9,3,5.1,1.8,3,0.059308629
151,-0.537051927,-0.619015079,dummy,dummy,Match,,,,,,,dummy,
152,-0.537051927,-0.571223408,dummy,dummy,Match,,,,,,,dummy,
153,-0.537051927,-0.523431738,dummy,dummy,Match,,,,,,,dummy,
154,-0.537051927,-0.475640067,dummy,dummy,Match,,,,,,,dummy,
155,-0.537051927,-0.427848396,dummy,dummy,Match,,,,,,,dummy,
156,-0.537051927,-0.380056725,dummy,dummy,Match,,,,,,,dummy,
157,-0.537051927,-0.332265055,dummy,dummy,Match,,,,,,,dummy,
158,-0.537051927,-0.284473384,dummy,dummy,Match,,,,,,,dummy,
159,-0.537051927,-0.236681713,dummy,dummy,Match,,,,,,,dummy,
160,-0.537051927,-0.188890043,dummy,dummy,Match,,,,,,,dummy,
161,-0.537051927,-0.093306701,dummy,dummy,Match,,,,,,,dummy,
162,-0.537051927,-0.04551503,dummy,dummy,Match,,,,,,,dummy,
163,-0.537051927,0.00227664,dummy,dummy,Match,,,,,,,dummy,
164,-0.537051927,0.050068311,dummy,dummy,Match,,,,,,,dummy,
165,-0.537051927,0.097859982,dummy,dummy,Match,,,,,,,dummy,
166,-0.537051927,0.145651653,dummy,dummy,Match,,,,,,,dummy,
167,-0.537051927,0.193443323,dummy,dummy,Match,,,,,,,dummy,
168,-0.537051927,0.241234994,dummy,dummy,Match,,,,,,,dummy,
169,-0.537051927,0.289026665,dummy,dummy,Match,,,,,,,dummy,
170,-0.537051927,0.336818335,dummy,dummy,Match,,,,,,,dummy,
171,-0.537051927,0.384610006,dummy,dummy,Match,,,,,,,dummy,
172,-0.537051927,0.432401677,dummy,dummy,Match,,,,,,,dummy,
173,-0.537051927,0.480193348,dummy,dummy,Match,,,,,,,dummy,
174,-0.537051927,0.527985018,dummy,dummy,Match,,,,,,,dummy,
175,-0.537051927,0.575776689,dummy,dummy,Match,,,,,,,dummy,
176,-0.489260256,-0.619015079,dummy,dummy,Match,,,,,,,dummy,
177,-0.489260256,-0.571223408,dummy,dummy,Match,,,,,,,dummy,
178,-0.489260256,-0.523431738,dummy,dummy,Match,,,,,,,dummy,
179,-0.489260256,-0.475640067,dummy,dummy,Match,,,,,,,dummy,
180,-0.489260256,-0.427848396,dummy,dummy,Match,,,,,,,dummy,
181,-0.489260256,-0.380056725,dummy,dummy,Match,,,,,,,dummy,
182,-0.489260256,-0.332265055,dummy,dummy,Match,,,,,,,dummy,
183,-0.489260256,-0.236681713,dummy,dummy,Match,,,,,,,dummy,
184,-0.489260256,-0.188890043,dummy,dummy,Match,,,,,,,dummy,
185,-0.489260256,-0.141098372,dummy,dummy,Match,,,,,,,dummy,
186,-0.489260256,-0.093306701,dummy,dummy,Match,,,,,,,dummy,
187,-0.489260256,-0.04551503,dummy,dummy,Match,,,,,,,dummy,
188,-0.489260256,0.00227664,dummy,dummy,Match,,,,,,,dummy,
189,-0.489260256,0.050068311,dummy,dummy,Match,,,,,,,dummy,
190,-0.489260256,0.097859982,dummy,dummy,Match,,,,,,,dummy,
191,-0.489260256,0.145651653,dummy,dummy,Match,,,,,,,dummy,
192,-0.489260256,0.193443323,dummy,dummy,Match,,,,,,,dummy,
193,-0.489260256,0.241234994,dummy,dummy,Match,,,,,,,dummy,
194,-0.489260256,0.289026665,dummy,dummy,Match,,,,,,,dummy,
195,-0.489260256,0.336818335,dummy,dummy,Match,,,,,,,dummy,
196,-0.489260256,0.384610006,dummy,dummy,Match,,,,,,,dummy,
197,-0.489260256,0.432401677,dummy,dummy,Match,,,,,,,dummy,
198,-0.489260256,0.480193348,dummy,dummy,Match,,,,,,,dummy,
199,-0.489260256,0.527985018,dummy,dummy,Match,,,,,,,dummy,
200,-0.489260256,0.575776689,dummy,dummy,Match,,,,,,,dummy,
201,-0.441468586,-0.619015079,dummy,dummy,Match,,,,,,,dummy,
202,-0.441468586,-0.571223408,dummy,dummy,Match,,,,,,,dummy,
203,-0.441468586,-0.523431738,dummy,dummy,Match,,,,,,,dummy,
204,-0.441468586,-0.475640067,dummy,dummy,Match,,,,,,,dummy,
205,-0.441468586,-0.427848396,dummy,dummy,Match,,,,,,,dummy,
206,-0.441468586,-0.380056725,dummy,dummy,Match,,,,,,,dummy,
207,-0.441468586,-0.332265055,dummy,dummy,Match,,,,,,,dummy,
208,-0.441468586,-0.236681713,dummy,dummy,Match,,,,,,,dummy,
209,-0.441468586,-0.188890043,dummy,dummy,Match,,,,,,,dummy,
210,-0.441468586,-0.141098372,dummy,dummy,Match,,,,,,,dummy,
211,-0.441468586,-0.093306701,dummy,dummy,Match,,,,,,,dummy,
212,-0.441468586,-0.04551503,dummy,dummy,Match,,,,,,,dummy,
213,-0.441468586,0.00227664,dummy,dummy,Match,,,,,,,dummy,
214,-0.441468586,0.050068311,dummy,dummy,Match,,,,,,,dummy,
215,-0.441468586,0.097859982,dummy,dummy,Match,,,,,,,dummy,
216,-0.441468586,0.145651653,dummy,dummy,Match,,,,,,,dummy,
217,-0.441468586,0.193443323,dummy,dummy,Match,,,,,,,dummy,
218,-0.441468586,0.241234994,dummy,dummy,Match,,,,,,,dummy,
219,-0.441468586,0.289026665,dummy,dummy,Match,,,,,,,dummy,
220,-0.441468586,0.336818335,dummy,dummy,Match,,,,,,,dummy,
221,-0.441468586,0.384610006,dummy,dummy,Match,,,,,,,dummy,
222,-0.441468586,0.432401677,dummy,dummy,Match,,,,,,,dummy,
223,-0.441468586,0.480193348,dummy,dummy,Match,,,,,,,dummy,
224,-0.441468586,0.527985018,dummy,dummy,Match,,,,,,,dummy,
225,-0.441468586,0.575776689,dummy,dummy,Match,,,,,,,dummy,
226,-0.393676915,-0.619015079,dummy,dummy,Match,,,,,,,dummy,
227,-0.393676915,-0.571223408,dummy,dummy,Match,,,,,,,dummy,
228,-0.393676915,-0.427848396,dummy,dummy,Match,,,,,,,dummy,
229,-0.393676915,-0.380056725,dummy,dummy,Match,,,,,,,dummy,
230,-0.393676915,-0.332265055,dummy,dummy,Match,,,,,,,dummy,
231,-0.393676915,-0.284473384,dummy,dummy,Match,,,,,,,dummy,
232,-0.393676915,-0.236681713,dummy,dummy,Match,,,,,,,dummy,
233,-0.393676915,-0.188890043,dummy,dummy,Match,,,,,,,dummy,
234,-0.393676915,-0.141098372,dummy,dummy,Match,,,,,,,dummy,
235,-0.393676915,-0.093306701,dummy,dummy,Match,,,,,,,dummy,
236,-0.393676915,-0.04551503,dummy,dummy,Match,,,,,,,dummy,
237,-0.393676915,0.00227664,dummy,dummy,Match,,,,,,,dummy,
238,-0.393676915,0.050068311,dummy,dummy,Match,,,,,,,dummy,
239,-0.393676915,0.097859982,dummy,dummy,Match,,,,,,,dummy,
240,-0.393676915,0.145651653,dummy,dummy,Match,,,,,,,dummy,
241,-0.393676915,0.193443323,dummy,dummy,Match,,,,,,,dummy,
242,-0.393676915,0.241234994,dummy,dummy,Match,,,,,,,dummy,
243,-0.393676915,0.289026665,dummy,dummy,Match,,,,,,,dummy,
244,-0.393676915,0.336818335,dummy,dummy,Match,,,,,,,dummy,
245,-0.393676915,0.384610006,dummy,dummy,Match,,,,,,,dummy,
246,-0.393676915,0.432401677,dummy,dummy,Match,,,,,,,dummy,
247,-0.393676915,0.480193348,dummy,dummy,Match,,,,,,,dummy,
248,-0.393676915,0.527985018,dummy,dummy,Match,,,,,,,dummy,
249,-0.393676915,0.575776689,dummy,dummy,Match,,,,,,,dummy,
250,-0.345885244,-0.619015079,dummy,dummy,Match,,,,,,,dummy,
251,-0.345885244,-0.571223408,dummy,dummy,Match,,,,,,,dummy,
252,-0.345885244,-0.427848396,dummy,dummy,Match,,,,,,,dummy,
253,-0.345885244,-0.380056725,dummy,dummy,Match,,,,,,,dummy,
254,-0.345885244,-0.332265055,dummy,dummy,Match,,,,,,,dummy,
255,-0.345885244,-0.284473384,dummy,dummy,Match,,,,,,,dummy,
256,-0.345885244,-0.236681713,dummy,dummy,Match,,,,,,,dummy,
257,-0.345885244,-0.188890043,dummy,dummy,Match,,,,,,,dummy,
258,-0.345885244,-0.141098372,dummy,dummy,Match,,,,,,,dummy,
259,-0.345885244,-0.093306701,dummy,dummy,Match,,,,,,,dummy,
260,-0.345885244,-0.04551503,dummy,dummy,Match,,,,,,,dummy,
261,-0.345885244,0.00227664,dummy,dummy,Match,,,,,,,dummy,
262,-0.345885244,0.050068311,dummy,dummy,Match,,,,,,,dummy,
263,-0.345885244,0.097859982,dummy,dummy,Match,,,,,,,dummy,
264,-0.345885244,0.145651653,dummy,dummy,Match,,,,,,,dummy,
265,-0.345885244,0.193443323,dummy,dummy,Match,,,,,,,dummy,
266,-0.345885244,0.241234994,dummy,dummy,Match,,,,,,,dummy,
267,-0.345885244,0.289026665,dummy,dummy,Match,,,,,,,dummy,
268,-0.345885244,0.432401677,dummy,dummy,Match,,,,,,,dummy,
269,-0.345885244,0.480193348,dummy,dummy,Match,,,,,,,dummy,
270,-0.345885244,0.527985018,dummy,dummy,Match,,,,,,,dummy,
271,-0.345885244,0.575776689,dummy,dummy,Match,,,,,,,dummy,
272,-0.298093573,-0.619015079,dummy,dummy,Match,,,,,,,dummy,
273,-0.298093573,-0.571223408,dummy,dummy,Match,,,,,,,dummy,
274,-0.298093573,-0.523431738,dummy,dummy,Match,,,,,,,dummy,
275,-0.298093573,-0.475640067,dummy,dummy,Match,,,,,,,dummy,
276,-0.298093573,-0.427848396,dummy,dummy,Match,,,,,,,dummy,
277,-0.298093573,-0.380056725,dummy,dummy,Match,,,,,,,dummy,
278,-0.298093573,-0.332265055,dummy,dummy,Match,,,,,,,dummy,
279,-0.298093573,-0.284473384,dummy,dummy,Match,,,,,,,dummy,
280,-0.298093573,-0.236681713,dummy,dummy,Match,,,,,,,dummy,
281,-0.298093573,-0.188890043,dummy,dummy,Match,,,,,,,dummy,
282,-0.298093573,-0.141098372,dummy,dummy,Match,,,,,,,dummy,
283,-0.298093573,-0.093306701,dummy,dummy,Match,,,,,,,dummy,
284,-0.298093573,-0.04551503,dummy,dummy,Match,,,,,,,dummy,
285,-0.298093573,0.00227664,dummy,dummy,Match,,,,,,,dummy,
286,-0.298093573,0.050068311,dummy,dummy,Match,,,,,,,dummy,
287,-0.298093573,0.097859982,dummy,dummy,Match,,,,,,,dummy,
288,-0.298093573,0.145651653,dummy,dummy,Match,,,,,,,dummy,
289,-0.298093573,0.193443323,dummy,dummy,Match,,,,,,,dummy,
290,-0.298093573,0.241234994,dummy,dummy,Match,,,,,,,dummy,
291,-0.298093573,0.289026665,dummy,dummy,Match,,,,,,,dummy,
292,-0.298093573,0.336818335,dummy,dummy,Match,,,,,,,dummy,
293,-0.298093573,0.432401677,dummy,dummy,Match,,,,,,,dummy,
294,-0.298093573,0.480193348,dummy,dummy,Match,,,,,,,dummy,
295,-0.298093573,0.527985018,dummy,dummy,Match,,,,,,,dummy,
296,-0.298093573,0.575776689,dummy,dummy,Match,,,,,,,dummy,
297,-0.250301903,-0.619015079,dummy,dummy,Match,,,,,,,dummy,
298,-0.250301903,-0.571223408,dummy,dummy,Match,,,,,,,dummy,
299,-0.250301903,-0.523431738,dummy,dummy,Match,,,,,,,dummy,
300,-0.250301903,-0.475640067,dummy,dummy,Match,,,,,,,dummy,
301,-0.250301903,-0.427848396,dummy,dummy,Match,,,,,,,dummy,
302,-0.250301903,-0.380056725,dummy,dummy,Match,,,,,,,dummy,
303,-0.250301903,-0.332265055,dummy,dummy,Match,,,,,,,dummy,
304,-0.250301903,-0.284473384,dummy,dummy,Match,,,,,,,dummy,
305,-0.250301903,-0.236681713,dummy,dummy,Match,,,,,,,dummy,
306,-0.250301903,-0.188890043,dummy,dummy,Match,,,,,,,dummy,
307,-0.250301903,-0.141098372,dummy,dummy,Match,,,,,,,dummy,
308,-0.250301903,-0.093306701,dummy,dummy,Match,,,,,,,dummy,
309,-0.250301903,-0.04551503,dummy,dummy,Match,,,,,,,dummy,
310,-0.250301903,0.00227664,dummy,dummy,Match,,,,,,,dummy,
311,-0.250301903,0.050068311,dummy,dummy,Match,,,,,,,dummy,
312,-0.250301903,0.097859982,dummy,dummy,Match,,,,,,,dummy,
313,-0.250301903,0.145651653,dummy,dummy,Match,,,,,,,dummy,
314,-0.250301903,0.193443323,dummy,dummy,Match,,,,,,,dummy,
315,-0.250301903,0.241234994,dummy,dummy,Match,,,,,,,dummy,
316,-0.250301903,0.289026665,dummy,dummy,Match,,,,,,,dummy,
317,-0.250301903,0.336818335,dummy,dummy,Match,,,,,,,dummy,
318,-0.250301903,0.384610006,dummy,dummy,Match,,,,,,,dummy,
319,-0.250301903,0.432401677,dummy,dummy,Match,,,,,,,dummy,
320,-0.250301903,0.480193348,dummy,dummy,Match,,,,,,,dummy,
321,-0.250301903,0.527985018,dummy,dummy,Match,,,,,,,dummy,
322,-0.250301903,0.575776689,dummy,dummy,Match,,,,,,,dummy,
323,-0.202510232,-0.619015079,dummy,dummy,Match,,,,,,,dummy,
324,-0.202510232,-0.571223408,dummy,dummy,Match,,,,,,,dummy,
325,-0.202510232,-0.523431738,dummy,dummy,Match,,,,,,,dummy,
326,-0.202510232,-0.475640067,dummy,dummy,Match,,,,,,,dummy,
327,-0.202510232,-0.427848396,dummy,dummy,Match,,,,,,,dummy,
328,-0.202510232,-0.380056725,dummy,dummy,Match,,,,,,,dummy,
329,-0.202510232,-0.332265055,dummy,dummy,Match,,,,,,,dummy,
330,-0.202510232,-0.284473384,dummy,dummy,Match,,,,,,,dummy,
331,-0.202510232,-0.236681713,dummy,dummy,Match,,,,,,,dummy,
332,-0.202510232,-0.188890043,dummy,dummy,Match,,,,,,,dummy,
333,-0.202510232,-0.141098372,dummy,dummy,Match,,,,,,,dummy,
334,-0.202510232,-0.093306701,dummy,dummy,Match,,,,,,,dummy,
335,-0.202510232,-0.04551503,dummy,dummy,Match,,,,,,,dummy,
336,-0.202510232,0.00227664,dummy,dummy,Match,,,,,,,dummy,
337,-0.202510232,0.050068311,dummy,dummy,Match,,,,,,,dummy,
338,-0.202510232,0.097859982,dummy,dummy,Match,,,,,,,dummy,
339,-0.202510232,0.145651653,dummy,dummy,Match,,,,,,,dummy,
340,-0.202510232,0.193443323,dummy,dummy,Match,,,,,,,dummy,
341,-0.202510232,0.241234994,dummy,dummy,Match,,,,,,,dummy,
342,-0.202510232,0.289026665,dummy,dummy,Match,,,,,,,dummy,
343,-0.202510232,0.336818335,dummy,dummy,Match,,,,,,,dummy,
344,-0.202510232,0.384610006,dummy,dummy,Match,,,,,,,dummy,
345,-0.202510232,0.432401677,dummy,dummy,Match,,,,,,,dummy,
346,-0.202510232,0.480193348,dummy,dummy,Match,,,,,,,dummy,
347,-0.202510232,0.527985018,dummy,dummy,Match,,,,,,,dummy,
348,-0.202510232,0.575776689,dummy,dummy,Match,,,,,,,dummy,
349,-0.154718561,-0.619015079,dummy,dummy,Match,,,,,,,dummy,
350,-0.154718561,-0.571223408,dummy,dummy,Match,,,,,,,dummy,
351,-0.154718561,-0.523431738,dummy,dummy,Match,,,,,,,dummy,
352,-0.154718561,-0.475640067,dummy,dummy,Match,,,,,,,dummy,
353,-0.154718561,-0.427848396,dummy,dummy,Match,,,,,,,dummy,
354,-0.154718561,-0.380056725,dummy,dummy,Match,,,,,,,dummy,
355,-0.154718561,-0.332265055,dummy,dummy,Match,,,,,,,dummy,
356,-0.154718561,-0.284473384,dummy,dummy,Match,,,,,,,dummy,
357,-0.154718561,-0.236681713,dummy,dummy,Match,,,,,,,dummy,
358,-0.154718561,-0.188890043,dummy,dummy,Match,,,,,,,dummy,
359,-0.154718561,-0.141098372,dummy,dummy,Match,,,,,,,dummy,
360,-0.154718561,-0.093306701,dummy,dummy,Match,,,,,,,dummy,
361,-0.154718561,-0.04551503,dummy,dummy,Match,,,,,,,dummy,
362,-0.154718561,0.00227664,dummy,dummy,Match,,,,,,,dummy,
363,-0.154718561,0.050068311,dummy,dummy,Match,,,,,,,dummy,
364,-0.154718561,0.097859982,dummy,dummy,Match,,,,,,,dummy,
365,-0.154718561,0.145651653,dummy,dummy,Match,,,,,,,dummy,
366,-0.154718561,0.193443323,dummy,dummy,Match,,,,,,,dummy,
367,-0.154718561,0.241234994,dummy,dummy,Match,,,,,,,dummy,
368,-0.154718561,0.289026665,dummy,dummy,Match,,,,,,,dummy,
369,-0.154718561,0.336818335,dummy,dummy,Match,,,,,,,dummy,
370,-0.154718561,0.384610006,dummy,dummy,Match,,,,,,,dummy,
371,-0.154718561,0.432401677,dummy,dummy,Match,,,,,,,dummy,
372,-0.154718561,0.480193348,dummy,dummy,Match,,,,,,,dummy,
373,-0.154718561,0.527985018,dummy,dummy,Match,,,,,,,dummy,
374,-0.10692689,-0.619015079,dummy,dummy,Match,,,,,,,dummy,
375,-0.10692689,-0.571223408,dummy,dummy,Match,,,,,,,dummy,
376,-0.10692689,-0.523431738,dummy,dummy,Match,,,,,,,dummy,
377,-0.10692689,-0.475640067,dummy,dummy,Match,,,,,,,dummy,
378,-0.10692689,-0.427848396,dummy,dummy,Match,,,,,,,dummy,
379,-0.10692689,-0.380056725,dummy,dummy,Match,,,,,,,dummy,
380,-0.10692689,-0.332265055,dummy,dummy,Match,,,,,,,dummy,
381,-0.10692689,-0.284473384,dummy,dummy,Match,,,,,,,dummy,
382,-0.10692689,-0.236681713,dummy,dummy,Match,,,,,,,dummy,
383,-0.10692689,-0.188890043,dummy,dummy,Match,,,,,,,dummy,
384,-0.10692689,-0.141098372,dummy,dummy,Match,,,,,,,dummy,
385,-0.10692689,-0.093306701,dummy,dummy,Match,,,,,,,dummy,
386,-0.10692689,-0.04551503,dummy,dummy,Match,,,,,,,dummy,
387,-0.10692689,0.00227664,dummy,dummy,Match,,,,,,,dummy,
388,-0.10692689,0.050068311,dummy,dummy,Match,,,,,,,dummy,
389,-0.10692689,0.097859982,dummy,dummy,Match,,,,,,,dummy,
390,-0.10692689,0.145651653,dummy,dummy,Match,,,,,,,dummy,
391,-0.10692689,0.193443323,dummy,dummy,Match,,,,,,,dummy,
392,-0.10692689,0.241234994,dummy,dummy,Match,,,,,,,dummy,
393,-0.10692689,0.289026665,dummy,dummy,Match,,,,,,,dummy,
394,-0.10692689,0.336818335,dummy,dummy,Match,,,,,,,dummy,
395,-0.10692689,0.384610006,dummy,dummy,Match,,,,,,,dummy,
396,-0.10692689,0.432401677,dummy,dummy,Match,,,,,,,dummy,
397,-0.10692689,0.480193348,dummy,dummy,Match,,,,,,,dummy,
398,-0.10692689,0.527985018,dummy,dummy,Match,,,,,,,dummy,
399,-0.05913522,-0.619015079,dummy,dummy,Match,,,,,,,dummy,
400,-0.05913522,-0.571223408,dummy,dummy,Match,,,,,,,dummy,
401,-0.05913522,-0.523431738,dummy,dummy,Match,,,,,,,dummy,
402,-0.05913522,-0.475640067,dummy,dummy,Match,,,,,,,dummy,
403,-0.05913522,-0.427848396,dummy,dummy,Match,,,,,,,dummy,
404,-0.05913522,-0.380056725,dummy,dummy,Match,,,,,,,dummy,
405,-0.05913522,-0.332265055,dummy,dummy,Match,,,,,,,dummy,
406,-0.05913522,-0.188890043,dummy,dummy,Match,,,,,,,dummy,
407,-0.05913522,-0.141098372,dummy,dummy,Match,,,,,,,dummy,
408,-0.05913522,-0.093306701,dummy,dummy,Match,,,,,,,dummy,
409,-0.05913522,-0.04551503,dummy,dummy,Match,,,,,,,dummy,
410,-0.05913522,0.00227664,dummy,dummy,Match,,,,,,,dummy,
411,-0.05913522,0.050068311,dummy,dummy,Match,,,,,,,dummy,
412,-0.05913522,0.097859982,dummy,dummy,Match,,,,,,,dummy,
413,-0.05913522,0.145651653,dummy,dummy,Match,,,,,,,dummy,
414,-0.05913522,0.193443323,dummy,dummy,Match,,,,,,,dummy,
415,-0.05913522,0.241234994,dummy,dummy,Match,,,,,,,dummy,
416,-0.05913522,0.289026665,dummy,dummy,Match,,,,,,,dummy,
417,-0.05913522,0.336818335,dummy,dummy,Match,,,,,,,dummy,
418,-0.05913522,0.384610006,dummy,dummy,Match,,,,,,,dummy,
419,-0.05913522,0.432401677,dummy,dummy,Match,,,,,,,dummy,
420,-0.05913522,0.480193348,dummy,dummy,Match,,,,,,,dummy,
421,-0.05913522,0.527985018,dummy,dummy,Match,,,,,,,dummy,
422,-0.05913522,0.575776689,dummy,dummy,Match,,,,,,,dummy,
423,-0.011343549,-0.619015079,dummy,dummy,Match,,,,,,,dummy,
424,-0.011343549,-0.571223408,dummy,dummy,Match,,,,,,,dummy,
425,-0.011343549,-0.523431738,dummy,dummy,Match,,,,,,,dummy,
426,-0.011343549,-0.475640067,dummy,dummy,Match,,,,,,,dummy,
427,-0.011343549,-0.427848396,dummy,dummy,Match,,,,,,,dummy,
428,-0.011343549,-0.380056725,dummy,dummy,Match,,,,,,,dummy,
429,-0.011343549,-0.332265055,dummy,dummy,Match,,,,,,,dummy,
430,-0.011343549,-0.236681713,dummy,dummy,Match,,,,,,,dummy,
431,-0.011343549,-0.188890043,dummy,dummy,Match,,,,,,,dummy,
432,-0.011343549,-0.141098372,dummy,dummy,Match,,,,,,,dummy,
433,-0.011343549,-0.093306701,dummy,dummy,Match,,,,,,,dummy,
434,-0.011343549,-0.04551503,dummy,dummy,Match,,,,,,,dummy,
435,-0.011343549,0.00227664,dummy,dummy,Match,,,,,,,dummy,
436,-0.011343549,0.050068311,dummy,dummy,Match,,,,,,,dummy,
437,-0.011343549,0.097859982,dummy,dummy,Match,,,,,,,dummy,
438,-0.011343549,0.145651653,dummy,dummy,Match,,,,,,,dummy,
439,-0.011343549,0.193443323,dummy,dummy,Match,,,,,,,dummy,
440,-0.011343549,0.241234994,dummy,dummy,Match,,,,,,,dummy,
441,-0.011343549,0.289026665,dummy,dummy,Match,,,,,,,dummy,
442,-0.011343549,0.336818335,dummy,dummy,Match,,,,,,,dummy,
443,-0.011343549,0.384610006,dummy,dummy,Match,,,,,,,dummy,
444,-0.011343549,0.432401677,dummy,dummy,Match,,,,,,,dummy,
445,-0.011343549,0.480193348,dummy,dummy,Match,,,,,,,dummy,
446,-0.011343549,0.527985018,dummy,dummy,Match,,,,,,,dummy,
447,-0.011343549,0.575776689,dummy,dummy,Match,,,,,,,dummy,
448,0.036448122,-0.619015079,dummy,dummy,Match,,,,,,,dummy,
449,0.036448122,-0.571223408,dummy,dummy,Match,,,,,,,dummy,
450,0.036448122,-0.523431738,dummy,dummy,Match,,,,,,,dummy,
451,0.036448122,-0.475640067,dummy,dummy,Match,,,,,,,dummy,
452,0.036448122,-0.427848396,dummy,dummy,Match,,,,,,,dummy,
453,0.036448122,-0.380056725,dummy,dummy,Match,,,,,,,dummy,
454,0.036448122,-0.332265055,dummy,dummy,Match,,,,,,,dummy,
455,0.036448122,-0.284473384,dummy,dummy,Match,,,,,,,dummy,
456,0.036448122,-0.236681713,dummy,dummy,Match,,,,,,,dummy,
457,0.036448122,-0.188890043,dummy,dummy,Match,,,,,,,dummy,
458,0.036448122,-0.141098372,dummy,dummy,Match,,,,,,,dummy,
459,0.036448122,-0.093306701,dummy,dummy,Match,,,,,,,dummy,
460,0.036448122,-0.04551503,dummy,dummy,Match,,,,,,,dummy,
461,0.036448122,0.00227664,dummy,dummy,Match,,,,,,,dummy,
462,0.036448122,0.050068311,dummy,dummy,Match,,,,,,,dummy,
463,0.036448122,0.097859982,dummy,dummy,Match,,,,,,,dummy,
464,0.036448122,0.145651653,dummy,dummy,Match,,,,,,,dummy,
465,0.036448122,0.193443323,dummy,dummy,Match,,,,,,,dummy,
466,0.036448122,0.241234994,dummy,dummy,Match,,,,,,,dummy,
467,0.036448122,0.289026665,dummy,dummy,Match,,,,,,,dummy,
468,0.036448122,0.336818335,dummy,dummy,Match,,,,,,,dummy,
469,0.036448122,0.384610006,dummy,dummy,Match,,,,,,,dummy,
470,0.036448122,0.432401677,dummy,dummy,Match,,,,,,,dummy,
471,0.036448122,0.480193348,dummy,dummy,Match,,,,,,,dummy,
472,0.036448122,0.527985018,dummy,dummy,Match,,,,,,,dummy,
473,0.036448122,0.575776689,dummy,dummy,Match,,,,,,,dummy,
474,0.084239792,-0.619015079,dummy,dummy,Match,,,,,,,dummy,
475,0.084239792,-0.571223408,dummy,dummy,Match,,,,,,,dummy,
476,0.084239792,-0.523431738,dummy,dummy,Match,,,,,,,dummy,
477,0.084239792,-0.475640067,dummy,dummy,Match,,,,,,,dummy,
478,0.084239792,-0.427848396,dummy,dummy,Match,,,,,,,dummy,
479,0.084239792,-0.380056725,dummy,dummy,Match,,,,,,,dummy,
480,0.084239792,-0.332265055,dummy,dummy,Match,,,,,,,dummy,
481,0.084239792,-0.284473384,dummy,dummy,Match,,,,,,,dummy,
482,0.084239792,-0.236681713,dummy,dummy,Match,,,,,,,dummy,
483,0.084239792,-0.188890043,dummy,dummy,Match,,,,,,,dummy,
484,0.084239792,-0.141098372,dummy,dummy,Match,,,,,,,dummy,
485,0.084239792,-0.093306701,dummy,dummy,Match,,,,,,,dummy,
486,0.084239792,-0.04551503,dummy,dummy,Match,,,,,,,dummy,
487,0.084239792,0.00227664,dummy,dummy,Match,,,,,,,dummy,
488,0.084239792,0.050068311,dummy,dummy,Match,,,,,,,dummy,
489,0.084239792,0.097859982,dummy,dummy,Match,,,,,,,dummy,
490,0.084239792,0.145651653,dummy,dummy,Match,,,,,,,dummy,
491,0.084239792,0.193443323,dummy,dummy,Match,,,,,,,dummy,
492,0.084239792,0.241234994,dummy,dummy,Match,,,,,,,dummy,
493,0.084239792,0.289026665,dummy,dummy,Match,,,,,,,dummy,
494,0.084239792,0.336818335,dummy,dummy,Match,,,,,,,dummy,
495,0.084239792,0.384610006,dummy,dummy,Match,,,,,,,dummy,
496,0.084239792,0.432401677,dummy,dummy,Match,,,,,,,dummy,
497,0.084239792,0.480193348,dummy,dummy,Match,,,,,,,dummy,
498,0.084239792,0.527985018,dummy,dummy,Match,,,,,,,dummy,
499,0.084239792,0.575776689,dummy,dummy,Match,,,,,,,dummy,
500,0.132031463,-0.619015079,dummy,dummy,Match,,,,,,,dummy,
501,0.132031463,-0.571223408,dummy,dummy,Match,,,,,,,dummy,
502,0.132031463,-0.523431738,dummy,dummy,Match,,,,,,,dummy,
503,0.132031463,-0.475640067,dummy,dummy,Match,,,,,,,dummy,
504,0.132031463,-0.427848396,dummy,dummy,Match,,,,,,,dummy,
505,0.132031463,-0.380056725,dummy,dummy,Match,,,,,,,dummy,
506,0.132031463,-0.332265055,dummy,dummy,Match,,,,,,,dummy,
507,0.132031463,-0.284473384,dummy,dummy,Match,,,,,,,dummy,
508,0.132031463,-0.236681713,dummy,dummy,Match,,,,,,,dummy,
509,0.132031463,-0.188890043,dummy,dummy,Match,,,,,,,dummy,
510,0.132031463,-0.141098372,dummy,dummy,Match,,,,,,,dummy,
511,0.132031463,-0.093306701,dummy,dummy,Match,,,,,,,dummy,
512,0.132031463,-0.04551503,dummy,dummy,Match,,,,,,,dummy,
513,0.132031463,0.00227664,dummy,dummy,Match,,,,,,,dummy,
514,0.132031463,0.050068311,dummy,dummy,Match,,,,,,,dummy,
515,0.132031463,0.097859982,dummy,dummy,Match,,,,,,,dummy,
516,0.132031463,0.145651653,dummy,dummy,Match,,,,,,,dummy,
517,0.132031463,0.193443323,dummy,dummy,Match,,,,,,,dummy,
518,0.132031463,0.241234994,dummy,dummy,Match,,,,,,,dummy,
519,0.132031463,0.289026665,dummy,dummy,Match,,,,,,,dummy,
520,0.132031463,0.336818335,dummy,dummy,Match,,,,,,,dummy,
521,0.132031463,0.384610006,dummy,dummy,Match,,,,,,,dummy,
522,0.132031463,0.432401677,dummy,dummy,Match,,,,,,,dummy,
523,0.132031463,0.480193348,dummy,dummy,Match,,,,,,,dummy,
524,0.132031463,0.527985018,dummy,dummy,Match,,,,,,,dummy,
525,0.132031463,0.575776689,dummy,dummy,Match,,,,,,,dummy,
526,0.179823134,-0.619015079,dummy,dummy,Match,,,,,,,dummy,
527,0.179823134,-0.571223408,dummy,dummy,Match,,,,,,,dummy,
528,0.179823134,-0.523431738,dummy,dummy,Match,,,,,,,dummy,
529,0.179823134,-0.475640067,dummy,dummy,Match,,,,,,,dummy,
530,0.179823134,-0.427848396,dummy,dummy,Match,,,,,,,dummy,
531,0.179823134,-0.380056725,dummy,dummy,Match,,,,,,,dummy,
532,0.179823134,-0.332265055,dummy,dummy,Match,,,,,,,dummy,
533,0.179823134,-0.284473384,dummy,dummy,Match,,,,,,,dummy,
534,0.179823134,-0.236681713,dummy,dummy,Match,,,,,,,dummy,
535,0.179823134,-0.188890043,dummy,dummy,Match,,,,,,,dummy,
536,0.179823134,-0.141098372,dummy,dummy,Match,,,,,,,dummy,
537,0.179823134,-0.093306701,dummy,dummy,Match,,,,,,,dummy,
538,0.179823134,-0.04551503,dummy,dummy,Match,,,,,,,dummy,
539,0.179823134,0.00227664,dummy,dummy,Match,,,,,,,dummy,
540,0.179823134,0.050068311,dummy,dummy,Match,,,,,,,dummy,
541,0.179823134,0.097859982,dummy,dummy,Match,,,,,,,dummy,
542,0.179823134,0.145651653,dummy,dummy,Match,,,,,,,dummy,
543,0.179823134,0.193443323,dummy,dummy,Match,,,,,,,dummy,
544,0.179823134,0.241234994,dummy,dummy,Match,,,,,,,dummy,
545,0.179823134,0.289026665,dummy,dummy,Match,,,,,,,dummy,
546,0.179823134,0.336818335,dummy,dummy,Match,,,,,,,dummy,
547,0.179823134,0.384610006,dummy,dummy,Match,,,,,,,dummy,
548,0.179823134,0.432401677,dummy,dummy,Match,,,,,,,dummy,
549,0.179823134,0.480193348,dummy,dummy,Match,,,,,,,dummy,
550,0.179823134,0.527985018,dummy,dummy,Match,,,,,,,dummy,
551,0.179823134,0.575776689,dummy,dummy,Match,,,,,,,dummy,
552,0.227614805,-0.619015079,dummy,dummy,Match,,,,,,,dummy,
553,0.227614805,-0.571223408,dummy,dummy,Match,,,,,,,dummy,
554,0.227614805,-0.523431738,dummy,dummy,Match,,,,,,,dummy,
555,0.227614805,-0.475640067,dummy,dummy,Match,,,,,,,dummy,
556,0.227614805,-0.427848396,dummy,dummy,Match,,,,,,,dummy,
557,0.227614805,-0.380056725,dummy,dummy,Match,,,,,,,dummy,
558,0.227614805,-0.332265055,dummy,dummy,Match,,,,,,,dummy,
559,0.227614805,-0.284473384,dummy,dummy,Match,,,,,,,dummy,
560,0.227614805,-0.236681713,dummy,dummy,Match,,,,,,,dummy,
561,0.227614805,-0.188890043,dummy,dummy,Match,,,,,,,dummy,
562,0.227614805,-0.141098372,dummy,dummy,Match,,,,,,,dummy,
563,0.227614805,-0.093306701,dummy,dummy,Match,,,,,,,dummy,
564,0.227614805,-0.04551503,dummy,dummy,Match,,,,,,,dummy,
565,0.227614805,0.00227664,dummy,dummy,Match,,,,,,,dummy,
566,0.227614805,0.050068311,dummy,dummy,Match,,,,,,,dummy,
567,0.227614805,0.097859982,dummy,dummy,Match,,,,,,,dummy,
568,0.227614805,0.145651653,dummy,dummy,Match,,,,,,,dummy,
569,0.227614805,0.193443323,dummy,dummy,Match,,,,,,,dummy,
570,0.227614805,0.241234994,dummy,dummy,Match,,,,,,,dummy,
571,0.227614805,0.289026665,dummy,dummy,Match,,,,,,,dummy,
572,0.227614805,0.336818335,dummy,dummy,Match,,,,,,,dummy,
573,0.227614805,0.384610006,dummy,dummy,Match,,,,,,,dummy,
574,0.227614805,0.432401677,dummy,dummy,Match,,,,,,,dummy,
575,0.227614805,0.480193348,dummy,dummy,Match,,,,,,,dummy,
576,0.227614805,0.527985018,dummy,dummy,Match,,,,,,,dummy,
577,0.227614805,0.575776689,dummy,dummy,Match,,,,,,,dummy,
578,0.275406475,-0.619015079,dummy,dummy,Match,,,,,,,dummy,
579,0.275406475,-0.571223408,dummy,dummy,Match,,,,,,,dummy,
580,0.275406475,-0.523431738,dummy,dummy,Match,,,,,,,dummy,
581,0.275406475,-0.475640067,dummy,dummy,Match,,,,,,,dummy,
582,0.275406475,-0.427848396,dummy,dummy,Match,,,,,,,dummy,
583,0.275406475,-0.380056725,dummy,dummy,Match,,,,,,,dummy,
584,0.275406475,-0.332265055,dummy,dummy,Match,,,,,,,dummy,
585,0.275406475,-0.284473384,dummy,dummy,Match,,,,,,,dummy,
586,0.275406475,-0.236681713,dummy,dummy,Match,,,,,,,dummy,
587,0.275406475,-0.188890043,dummy,dummy,Match,,,,,,,dummy,
588,0.275406475,-0.141098372,dummy,dummy,Match,,,,,,,dummy,
589,0.275406475,-0.093306701,dummy,dummy,Match,,,,,,,dummy,
590,0.275406475,-0.04551503,dummy,dummy,Match,,,,,,,dummy,
591,0.275406475,0.00227664,dummy,dummy,Match,,,,,,,dummy,
592,0.275406475,0.050068311,dummy,dummy,Match,,,,,,,dummy,
593,0.275406475,0.097859982,dummy,dummy,Match,,,,,,,dummy,
594,0.275406475,0.145651653,dummy,dummy,Match,,,,,,,dummy,
595,0.275406475,0.193443323,dummy,dummy,Match,,,,,,,dummy,
596,0.275406475,0.241234994,dummy,dummy,Match,,,,,,,dummy,
597,0.275406475,0.289026665,dummy,dummy,Match,,,,,,,dummy,
598,0.275406475,0.336818335,dummy,dummy,Match,,,,,,,dummy,
599,0.275406475,0.384610006,dummy,dummy,Match,,,,,,,dummy,
600,0.275406475,0.432401677,dummy,dummy,Match,,,,,,,dummy,
601,0.275406475,0.480193348,dummy,dummy,Match,,,,,,,dummy,
602,0.275406475,0.527985018,dummy,dummy,Match,,,,,,,dummy,
603,0.275406475,0.575776689,dummy,dummy,Match,,,,,,,dummy,
604,0.323198146,-0.619015079,dummy,dummy,Match,,,,,,,dummy,
605,0.323198146,-0.571223408,dummy,dummy,Match,,,,,,,dummy,
606,0.323198146,-0.523431738,dummy,dummy,Match,,,,,,,dummy,
607,0.323198146,-0.475640067,dummy,dummy,Match,,,,,,,dummy,
608,0.323198146,-0.427848396,dummy,dummy,Match,,,,,,,dummy,
609,0.323198146,-0.380056725,dummy,dummy,Match,,,,,,,dummy,
610,0.323198146,-0.332265055,dummy,dummy,Match,,,,,,,dummy,
611,0.323198146,-0.284473384,dummy,dummy,Match,,,,,,,dummy,
612,0.323198146,-0.236681713,dummy,dummy,Match,,,,,,,dummy,
613,0.323198146,-0.188890043,dummy,dummy,Match,,,,,,,dummy,
614,0.323198146,-0.141098372,dummy,dummy,Match,,,,,,,dummy,
615,0.323198146,-0.093306701,dummy,dummy,Match,,,,,,,dummy,
616,0.323198146,-0.04551503,dummy,dummy,Match,,,,,,,dummy,
617,0.323198146,0.00227664,dummy,dummy,Match,,,,,,,dummy,
618,0.323198146,0.050068311,dummy,dummy,Match,,,,,,,dummy,
619,0.323198146,0.097859982,dummy,dummy,Match,,,,,,,dummy,
620,0.323198146,0.145651653,dummy,dummy,Match,,,,,,,dummy,
621,0.323198146,0.193443323,dummy,dummy,Match,,,,,,,dummy,
622,0.323198146,0.241234994,dummy,dummy,Match,,,,,,,dummy,
623,0.323198146,0.289026665,dummy,dummy,Match,,,,,,,dummy,
624,0.323198146,0.336818335,dummy,dummy,Match,,,,,,,dummy,
625,0.323198146,0.384610006,dummy,dummy,Match,,,,,,,dummy,
626,0.323198146,0.432401677,dummy,dummy,Match,,,,,,,dummy,
627,0.323198146,0.480193348,dummy,dummy,Match,,,,,,,dummy,
628,0.323198146,0.527985018,dummy,dummy,Match,,,,,,,dummy,
629,0.323198146,0.575776689,dummy,dummy,Match,,,,,,,dummy,
630,0.370989817,-0.619015079,dummy,dummy,Match,,,,,,,dummy,
631,0.370989817,-0.571223408,dummy,dummy,Match,,,,,,,dummy,
632,0.370989817,-0.523431738,dummy,dummy,Match,,,,,,,dummy,
633,0.370989817,-0.475640067,dummy,dummy,Match,,,,,,,dummy,
634,0.370989817,-0.427848396,dummy,dummy,Match,,,,,,,dummy,
635,0.370989817,-0.380056725,dummy,dummy,Match,,,,,,,dummy,
636,0.370989817,-0.332265055,dummy,dummy,Match,,,,,,,dummy,
637,0.370989817,-0.284473384,dummy,dummy,Match,,,,,,,dummy,
638,0.370989817,-0.236681713,dummy,dummy,Match,,,,,,,dummy,
639,0.370989817,-0.188890043,dummy,dummy,Match,,,,,,,dummy,
640,0.370989817,-0.141098372,dummy,dummy,Match,,,,,,,dummy,
641,0.370989817,-0.093306701,dummy,dummy,Match,,,,,,,dummy,
642,0.370989817,-0.04551503,dummy,dummy,Match,,,,,,,dummy,
643,0.370989817,0.00227664,dummy,dummy,Match,,,,,,,dummy,
644,0.370989817,0.050068311,dummy,dummy,Match,,,,,,,dummy,
645,0.370989817,0.097859982,dummy,dummy,Match,,,,,,,dummy,
646,0.370989817,0.145651653,dummy,dummy,Match,,,,,,,dummy,
647,0.370989817,0.193443323,dummy,dummy,Match,,,,,,,dummy,
648,0.370989817,0.241234994,dummy,dummy,Match,,,,,,,dummy,
649,0.370989817,0.289026665,dummy,dummy,Match,,,,,,,dummy,
650,0.370989817,0.336818335,dummy,dummy,Match,,,,,,,dummy,
651,0.370989817,0.384610006,dummy,dummy,Match,,,,,,,dummy,
652,0.370989817,0.432401677,dummy,dummy,Match,,,,,,,dummy,
653,0.370989817,0.480193348,dummy,dummy,Match,,,,,,,dummy,
654,0.370989817,0.527985018,dummy,dummy,Match,,,,,,,dummy,
655,0.370989817,0.575776689,dummy,dummy,Match,,,,,,,dummy,
656,0.418781488,-0.619015079,dummy,dummy,Match,,,,,,,dummy,
657,0.418781488,-0.571223408,dummy,dummy,Match,,,,,,,dummy,
658,0.418781488,-0.523431738,dummy,dummy,Match,,,,,,,dummy,
659,0.418781488,-0.475640067,dummy,dummy,Match,,,,,,,dummy,
660,0.418781488,-0.427848396,dummy,dummy,Match,,,,,,,dummy,
661,0.418781488,-0.380056725,dummy,dummy,Match,,,,,,,dummy,
662,0.418781488,-0.332265055,dummy,dummy,Match,,,,,,,dummy,
663,0.418781488,-0.284473384,dummy,dummy,Match,,,,,,,dummy,
664,0.418781488,-0.236681713,dummy,dummy,Match,,,,,,,dummy,
665,0.418781488,-0.188890043,dummy,dummy,Match,,,,,,,dummy,
666,0.418781488,-0.141098372,dummy,dummy,Match,,,,,,,dummy,
667,0.418781488,-0.093306701,dummy,dummy,Match,,,,,,,dummy,
668,0.418781488,-0.04551503,dummy,dummy,Match,,,,,,,dummy,
669,0.418781488,0.00227664,dummy,dummy,Match,,,,,,,dummy,
670,0.418781488,0.050068311,dummy,dummy,Match,,,,,,,dummy,
671,0.418781488,0.097859982,dummy,dummy,Match,,,,,,,dummy,
672,0.418781488,0.145651653,dummy,dummy,Match,,,,,,,dummy,
673,0.418781488,0.193443323,dummy,dummy,Match,,,,,,,dummy,
674,0.418781488,0.241234994,dummy,dummy,Match,,,,,,,dummy,
675,0.418781488,0.289026665,dummy,dummy,Match,,,,,,,dummy,
676,0.418781488,0.336818335,dummy,dummy,Match,,,,,,,dummy,
677,0.418781488,0.384610006,dummy,dummy,Match,,,,,,,dummy,
678,0.418781488,0.432401677,dummy,dummy,Match,,,,,,,dummy,
679,0.418781488,0.480193348,dummy,dummy,Match,,,,,,,dummy,
680,0.418781488,0.527985018,dummy,dummy,Match,,,,,,,dummy,
681,0.418781488,0.575776689,dummy,dummy,Match,,,,,,,dummy,
682,0.466573158,-0.619015079,dummy,dummy,Match,,,,,,,dummy,
683,0.466573158,-0.571223408,dummy,dummy,Match,,,,,,,dummy,
684,0.466573158,-0.523431738,dummy,dummy,Match,,,,,,,dummy,
685,0.466573158,-0.475640067,dummy,dummy,Match,,,,,,,dummy,
686,0.466573158,-0.427848396,dummy,dummy,Match,,,,,,,dummy,
687,0.466573158,-0.380056725,dummy,dummy,Match,,,,,,,dummy,
688,0.466573158,-0.332265055,dummy,dummy,Match,,,,,,,dummy,
689,0.466573158,-0.284473384,dummy,dummy,Match,,,,,,,dummy,
690,0.466573158,-0.236681713,dummy,dummy,Match,,,,,,,dummy,
691,0.466573158,-0.188890043,dummy,dummy,Match,,,,,,,dummy,
692,0.466573158,-0.141098372,dummy,dummy,Match,,,,,,,dummy,
693,0.466573158,-0.093306701,dummy,dummy,Match,,,,,,,dummy,
694,0.466573158,-0.04551503,dummy,dummy,Match,,,,,,,dummy,
695,0.466573158,0.00227664,dummy,dummy,Match,,,,,,,dummy,
696,0.466573158,0.050068311,dummy,dummy,Match,,,,,,,dummy,
697,0.466573158,0.097859982,dummy,dummy,Match,,,,,,,dummy,
698,0.466573158,0.145651653,dummy,dummy,Match,,,,,,,dummy,
699,0.466573158,0.193443323,dummy,dummy,Match,,,,,,,dummy,
700,0.466573158,0.241234994,dummy,dummy,Match,,,,,,,dummy,
701,0.466573158,0.289026665,dummy,dummy,Match,,,,,,,dummy,
702,0.466573158,0.336818335,dummy,dummy,Match,,,,,,,dummy,
703,0.466573158,0.384610006,dummy,dummy,Match,,,,,,,dummy,
704,0.466573158,0.432401677,dummy,dummy,Match,,,,,,,dummy,
705,0.466573158,0.480193348,dummy,dummy,Match,,,,,,,dummy,
706,0.466573158,0.527985018,dummy,dummy,Match,,,,,,,dummy,
707,0.466573158,0.575776689,dummy,dummy,Match,,,,,,,dummy,
708,0.514364829,-0.619015079,dummy,dummy,Match,,,,,,,dummy,
709,0.514364829,-0.571223408,dummy,dummy,Match,,,,,,,dummy,
710,0.514364829,-0.523431738,dummy,dummy,Match,,,,,,,dummy,
711,0.514364829,-0.475640067,dummy,dummy,Match,,,,,,,dummy,
712,0.514364829,-0.427848396,dummy,dummy,Match,,,,,,,dummy,
713,0.514364829,-0.380056725,dummy,dummy,Match,,,,,,,dummy,
714,0.514364829,-0.236681713,dummy,dummy,Match,,,,,,,dummy,
715,0.514364829,-0.188890043,dummy,dummy,Match,,,,,,,dummy,
716,0.514364829,-0.04551503,dummy,dummy,Match,,,,,,,dummy,
717,0.514364829,0.00227664,dummy,dummy,Match,,,,,,,dummy,
718,0.514364829,0.050068311,dummy,dummy,Match,,,,,,,dummy,
719,0.514364829,0.097859982,dummy,dummy,Match,,,,,,,dummy,
720,0.514364829,0.145651653,dummy,dummy,Match,,,,,,,dummy,
721,0.514364829,0.193443323,dummy,dummy,Match,,,,,,,dummy,
722,0.514364829,0.241234994,dummy,dummy,Match,,,,,,,dummy,
723,0.514364829,0.289026665,dummy,dummy,Match,,,,,,,dummy,
724,0.514364829,0.336818335,dummy,dummy,Match,,,,,,,dummy,
725,0.514364829,0.384610006,dummy,dummy,Match,,,,,,,dummy,
726,0.514364829,0.432401677,dummy,dummy,Match,,,,,,,dummy,
727,0.514364829,0.480193348,dummy,dummy,Match,,,,,,,dummy,
728,0.514364829,0.527985018,dummy,dummy,Match,,,,,,,dummy,
729,0.514364829,0.575776689,dummy,dummy,Match,,,,,,,dummy,
730,0.5621565,-0.619015079,dummy,dummy,Match,,,,,,,dummy,
731,0.5621565,-0.571223408,dummy,dummy,Match,,,,,,,dummy,
732,0.5621565,-0.523431738,dummy,dummy,Match,,,,,,,dummy,
733,0.5621565,-0.475640067,dummy,dummy,Match,,,,,,,dummy,
734,0.5621565,-0.427848396,dummy,dummy,Match,,,,,,,dummy,
735,0.5621565,-0.380056725,dummy,dummy,Match,,,,,,,dummy,
736,0.5621565,-0.236681713,dummy,dummy,Match,,,,,,,dummy,
737,0.5621565,-0.188890043,dummy,dummy,Match,,,,,,,dummy,
738,0.5621565,-0.04551503,dummy,dummy,Match,,,,,,,dummy,
739,0.5621565,0.00227664,dummy,dummy,Match,,,,,,,dummy,
740,0.5621565,0.050068311,dummy,dummy,Match,,,,,,,dummy,
741,0.5621565,0.097859982,dummy,dummy,Match,,,,,,,dummy,
742,0.5621565,0.145651653,dummy,dummy,Match,,,,,,,dummy,
743,0.5621565,0.193443323,dummy,dummy,Match,,,,,,,dummy,
744,0.5621565,0.241234994,dummy,dummy,Match,,,,,,,dummy,
745,0.5621565,0.289026665,dummy,dummy,Match,,,,,,,dummy,
746,0.5621565,0.336818335,dummy,dummy,Match,,,,,,,dummy,
747,0.5621565,0.384610006,dummy,dummy,Match,,,,,,,dummy,
748,0.5621565,0.432401677,dummy,dummy,Match,,,,,,,dummy,
749,0.5621565,0.480193348,dummy,dummy,Match,,,,,,,dummy,
750,0.5621565,0.527985018,dummy,dummy,Match,,,,,,,dummy,
751,0.5621565,0.575776689,dummy,dummy,Match,,,,,,,dummy,
752,0.60994817,-0.619015079,dummy,dummy,Match,,,,,,,dummy,
753,0.60994817,-0.571223408,dummy,dummy,Match,,,,,,,dummy,
754,0.60994817,-0.523431738,dummy,dummy,Match,,,,,,,dummy,
755,0.60994817,-0.475640067,dummy,dummy,Match,,,,,,,dummy,
756,0.60994817,-0.427848396,dummy,dummy,Match,,,,,,,dummy,
757,0.60994817,-0.380056725,dummy,dummy,Match,,,,,,,dummy,
758,0.60994817,-0.332265055,dummy,dummy,Match,,,,,,,dummy,
759,0.60994817,-0.284473384,dummy,dummy,Match,,,,,,,dummy,
760,0.60994817,-0.236681713,dummy,dummy,Match,,,,,,,dummy,
761,0.60994817,-0.188890043,dummy,dummy,Match,,,,,,,dummy,
762,0.60994817,-0.141098372,dummy,dummy,Match,,,,,,,dummy,
763,0.60994817,-0.093306701,dummy,dummy,Match,,,,,,,dummy,
764,0.60994817,-0.04551503,dummy,dummy,Match,,,,,,,dummy,
765,0.60994817,0.00227664,dummy,dummy,Match,,,,,,,dummy,
766,0.60994817,0.145651653,dummy,dummy,Match,,,,,,,dummy,
767,0.60994817,0.193443323,dummy,dummy,Match,,,,,,,dummy,
768,0.60994817,0.241234994,dummy,dummy,Match,,,,,,,dummy,
769,0.60994817,0.289026665,dummy,dummy,Match,,,,,,,dummy,
770,0.60994817,0.336818335,dummy,dummy,Match,,,,,,,dummy,
771,0.60994817,0.384610006,dummy,dummy,Match,,,,,,,dummy,
772,0.60994817,0.432401677,dummy,dummy,Match,,,,,,,dummy,
773,0.60994817,0.480193348,dummy,dummy,Match,,,,,,,dummy,
774,0.60994817,0.527985018,dummy,dummy,Match,,,,,,,dummy,
775,0.60994817,0.575776689,dummy,dummy,Match,,,,,,,dummy,