x,y,Rules,class,coverage
-10.7698698,33.28292465,1,0,1
7.766445637,23.43411827,2,1,0.514285714
-17.08433151,-0.15382129,3,1,0.085714286
-16.94712067,0.058116034,4,1,0.057142857
-31.31125641,-6.306994915,5,2,0.028571429
6.983465672,6.494206905,6,1,0.028571429
6.791844845,-37.3732605,7,1,0.028571429
-22.7361927,2.487716198,8,2,0.028571429
-28.87475204,12.49253654,9,2,0.142857143
-10.89157295,-2.627913237,10,1,0.257142857
-11.7922287,-17.97562218,11,1,0.028571429
-19.68795586,0.939147353,12,2,0.057142857
46.59492874,0.547607303,13,2,0.742857143
-12.16190052,32.44395447,14,0,1
13.49926949,29.75117493,15,1,0.914285714
-31.28646088,-5.714524269,16,2,0.028571429
-12.31942081,-17.75093079,17,1,0.028571429
12.26878357,6.618953228,18,1,0.028571429
18.5341568,-13.81657124,19,2,0.057142857
30.04528999,27.95279884,20,2,0.057142857
3.657856703,-39.24631882,21,1,0.028571429
32.13861084,8.43525219,22,2,0.857142857
-17.1259594,0.293791056,23,0,0.028571429
-18.16526985,-5.319288254,24,1,0.057142857
-15.58605003,40.09833145,25,0,0.857142857
-17.36867714,-0.353794932,26,1,0.028571429
-12.43946743,8.43896389,27,0,0.114285714
7.261313438,23.82770157,28,1,0.6
-26.97881126,-3.995238066,29,2,0.028571429
7.247042179,6.674740791,30,1,0.028571429
-28.12170601,10.09339142,31,2,0.2
6.790968895,-37.37410736,32,1,0.028571429
-11.80071163,-2.95828867,33,1,0.257142857
-18.71271896,0.668922126,34,2,0.028571429
46.52993011,0.495313525,35,2,0.742857143
-11.54825211,33.53521729,36,0,1
-16.64838219,-0.899331033,37,1,0.028571429
-31.42627525,-6.882435322,38,2,0.028571429
7.463161469,22.97754478,39,1,0.685714286
-11.80060196,-2.958390713,40,1,0.257142857
11.96448517,-10.83656693,41,2,0.028571429
23.64298248,-15.29301453,42,2,0.028571429
29.89660835,28.13773537,43,2,0.057142857
1.511225343,-38.87401581,44,1,0.028571429
32.07629395,8.058749199,45,2,0.857142857
-11.55311203,33.54711914,46,0,1
9.976023674,32.54021454,47,1,0.914285714
-26.97882652,-3.995236874,48,2,0.028571429
7.214702606,6.392069817,49,1,0.028571429
-28.52315521,10.37940979,50,2,0.171428571
1.513544083,-37.52825546,51,1,0.028571429
9.768561363,-12.83512402,52,2,0.028571429
18.24160576,-15.39402103,53,2,0.028571429
-16.00769424,-19.9313488,54,1,0.028571429
49.61292267,2.748499393,55,2,0.742857143
-15.5854826,40.09768295,56,0,0.885714286
-18.21759605,-5.615049362,57,1,0.085714286
-12.43953228,8.438970566,58,0,0.114285714
8.295262337,25.07265472,59,1,0.6
-13.89750385,-1.979843259,60,1,0.228571429
-31.28646088,-5.714524269,61,2,0.028571429
9.722874641,6.100217342,62,1,0.028571429
11.96448517,-10.83656693,63,2,0.028571429
-13.61967659,-19.02994537,64,1,0.028571429
24.62043762,-16.75053024,65,2,0.028571429
30.06833267,27.93379402,66,2,0.057142857
2.169281721,-37.39626694,67,1,0.028571429
-20.37734032,3.573525429,68,2,0.142857143
34.74171066,7.459113598,69,2,0.714285714
-13.13903713,33.37477112,70,0,1
13.4992609,29.75113297,71,1,0.914285714
-30.72222328,-6.381989956,72,2,0.028571429
12.19874859,6.882552147,73,1,0.028571429
9.196094513,-13.63864422,74,2,0.028571429
-16.00769424,-19.9313488,75,1,0.028571429
23.35284424,-16.05542564,76,2,0.028571429
-20.65189171,3.583724022,77,2,0.171428571
2.60520339,-40.7754631,78,1,0.028571429
-17.05194473,1.019372821,79,2,0.028571429
34.74174118,7.459100723,80,2,0.714285714
-12.41478062,31.89133644,81,0,1
13.49925995,29.75109673,82,1,0.914285714
5.324557304,-14.93971539,83,2,0.057142857
-23.67009354,-30.57504082,84,1,0.057142857
23.73004341,-15.19604015,85,2,0.028571429
30.05105782,28.66836929,86,2,0.057142857
3.029665709,-38.25543213,87,1,0.028571429
31.53584099,7.963969707,88,2,0.857142857
-11.17236614,34.05154037,89,0,1
13.49920082,29.75060081,90,1,0.914285714
-31.90619659,-6.224778175,91,2,0.028571429
9.722875595,6.100217342,92,1,0.028571429
-13.61970329,-19.02992821,93,1,0.028571429
11.9649725,-10.83659077,94,2,0.028571429
19.61210632,-15.66452026,95,2,0.028571429
3.342840672,-39.58334351,96,1,0.028571429
30.80247307,28.26438332,97,2,0.057142857
32.11935425,8.495531082,98,2,0.857142857
-12.34311581,31.47807121,99,0,1
9.420241356,33.28458405,100,1,0.914285714
-31.54916,-6.849216938,101,2,0.028571429
10.90038586,6.298084259,102,1,0.028571429
-12.36960602,-18.87148857,103,1,0.028571429
18.534235,-13.81657505,104,2,0.057142857
4.273204803,-39.82400894,105,1,0.028571429
30.62836075,28.69082642,106,2,0.057142857
31.3398819,8.366762161,107,2,0.857142857
-10.71767902,32.82663727,108,0,1
13.49919796,29.75057602,109,1,0.914285714
5.324557781,-14.93971539,110,2,0.057142857
-23.02732277,-30.13375854,111,1,0.057142857
23.38249779,-15.69690609,112,2,0.028571429
30.66125298,27.98454094,113,2,0.057142857
2.105648518,-40.67649841,114,1,0.028571429
31.87930679,7.943945408,115,2,0.857142857
-13.87332439,33.05010986,116,0,1
13.49904251,29.74886513,117,1,0.914285714
5.324557781,-14.93971539,118,2,0.057142857
-24.03211784,-30.37791443,119,1,0.057142857
24.16384888,-16.14188576,120,2,0.028571429
1.728245974,-39.2889328,121,1,0.028571429
30.40166092,27.83707047,122,2,0.057142857
31.99718094,8.670087814,123,2,0.857142857
-12.99527168,34.40364838,124,0,1
10.26877499,32.89343262,125,1,0.914285714
-27.48833275,13.0788269,126,2,0.114285714
6.188124657,-12.31036663,127,2,0.057142857
7.183125973,6.70335722,128,1,0.028571429
-22.1419735,3.478880882,129,2,0.114285714
2.668210745,-37.11769867,130,1,0.028571429
-14.78099632,3.083901882,131,2,0.028571429
-12.25075054,-19.23687744,132,1,0.028571429
45.80054474,-0.135766715,133,2,0.685714286
-12.10852814,33.80516815,134,0,1
-24.79161263,-2.820789576,135,2,0.028571429
-16.45831299,-0.343709737,136,1,0.028571429
11.20925999,29.6348629,137,1,0.914285714
12.27348232,6.620466709,138,1,0.028571429
11.9649725,-10.83659077,139,2,0.028571429
23.30916977,-16.29077721,140,2,0.028571429
29.86291695,28.33095551,141,2,0.057142857
2.312138796,-38.89161301,142,1,0.028571429
31.99198914,7.998084068,143,2,0.857142857
-11.28785038,33.06258392,144,0,1
10.26899719,32.8952713,145,1,0.914285714
6.421656132,-15.5802412,146,2,0.057142857
-24.16954231,-29.9509182,147,1,0.057142857
24.06176758,-16.8281517,148,2,0.028571429
3.352451086,-40.68741226,149,1,0.028571429
-28.53188896,13.66829967,150,2,0.142857143
50.49096298,3.542987585,151,2,0.771428571
-10.80255604,32.45675278,152,0,1
9.305493355,33.01988983,153,1,0.914285714
-30.75626373,-6.029114723,154,2,0.028571429
8.029244423,-15.30950928,155,2,0.028571429
-24.0496521,-30.35809898,156,1,0.057142857
23.31946564,-15.66648197,157,2,0.028571429
1.783708334,-38.61764908,158,1,0.028571429
30.52232552,27.87154961,159,2,0.057142857
32.13814163,8.42919445,160,2,0.857142857
-12.49601841,33.40520096,161,0,1
7.405679703,22.59292603,162,1,0.657142857
-28.69284058,13.82231617,163,2,0.142857143
-30.73078537,-6.422776222,164,2,0.028571429
12.2700367,6.619876862,165,1,0.028571429
-22.66612053,2.619919777,166,2,0.028571429
2.495712042,-39.81900406,167,1,0.028571429
-10.89159203,-2.627913237,168,1,0.257142857
9.955037117,-14.47095585,169,2,0.057142857
-16.00769424,-19.9313488,170,1,0.028571429
49.61264038,2.747649193,171,2,0.742857143
-15.5854311,40.09850311,172,0,0.885714286
-18.21751785,-5.615049839,173,1,0.085714286
-12.43946648,8.43896389,174,0,0.114285714
9.377197266,28.57827377,175,1,0.828571429
-22.12792778,3.787298441,176,2,0.171428571
-26.8132267,12.28839111,177,2,0.085714286
11.96456814,-10.83656693,178,2,0.028571429
7.183125973,6.70335722,179,1,0.028571429
1.057131648,-38.06118011,180,1,0.028571429
-14.78211784,3.084826946,181,2,0.028571429
-12.25075054,-19.23687744,182,1,0.028571429
45.80053329,-0.135761127,183,2,0.685714286
-13.9096489,32.69117737,184,0,1
7.405457973,22.59355736,185,1,0.657142857
-31.90634918,-6.224092007,186,2,0.028571429
12.27031517,6.61939764,187,1,0.028571429
-28.52321243,10.37949657,188,2,0.171428571
3.396801949,-38.62028885,189,1,0.028571429
-10.89157295,-2.627913237,190,1,0.257142857
-11.79324818,-17.97657776,191,1,0.028571429
-19.68803024,0.939191997,192,2,0.057142857
46.59541321,0.547114015,193,2,0.742857143
-12.10839844,33.80545807,194,0,1
10.19311333,33.19263077,195,1,0.914285714
6.421878338,-15.58070374,196,2,0.057142857
7.21468401,6.392059803,197,1,0.028571429
-16.00769424,-19.9313488,198,1,0.028571429
23.41791916,-16.4817009,199,2,0.028571429
-17.63005447,2.883186579,200,2,0.028571429
2.307580471,-39.82934952,201,1,0.028571429
-20.57524109,3.572618484,202,2,0.171428571
34.74176025,7.459102631,203,2,0.714285714
-11.05928707,33.86372757,204,0,1
7.405674458,22.59292793,205,1,0.657142857
-28.99939728,13.61169338,206,2,0.142857143
-23.41200829,1.808873534,207,2,0.057142857
12.27147961,6.619503975,208,1,0.028571429
1.106459498,-38.61829758,209,1,0.028571429
-10.89159203,-2.627913237,210,1,0.257142857
-20.27568245,-0.122794867,211,2,0.057142857
-15.98272133,-19.34971619,212,1,0.028571429
46.59526825,0.548629284,213,2,0.742857143
-10.80425167,33.48992538,214,0,1
-24.79229927,-2.821033478,215,2,0.028571429
7.468131542,23.10796738,216,1,0.685714286
-28.44203949,10.3098774,217,2,0.171428571
2.584618807,-37.78707886,218,1,0.028571429
-10.89157295,-2.627913237,219,1,0.257142857
-11.79324818,-17.97657776,220,1,0.028571429
18.5339222,-13.81657505,221,2,0.057142857
49.6126442,2.74764967,222,2,0.742857143
-15.5853548,40.09802628,223,0,0.885714286
-18.21753883,-5.615049839,224,1,0.085714286
-12.43952656,8.439006805,225,0,0.114285714
9.377197266,28.57827568,226,1,0.828571429
6.421656132,-15.5802412,227,2,0.057142857
-24.01708603,-29.74308777,228,1,0.057142857
23.90780258,-15.02363205,229,2,0.028571429
30.4155407,27.83782768,230,2,0.057142857
2.793582678,-39.84829712,231,1,0.028571429
31.81917572,8.752447128,232,2,0.857142857
-13.68507481,33.81227875,233,0,1
13.49904537,29.74886894,234,1,0.914285714
5.324557304,-14.93971539,235,2,0.057142857
-23.05376625,-29.88397789,236,1,0.057142857
24.16373634,-15.83443069,237,2,0.028571429
-20.65189171,3.583724022,238,2,0.171428571
1.800270915,-37.30427551,239,1,0.028571429
-17.05178452,1.019324303,240,2,0.028571429
34.74171829,7.459059715,241,2,0.714285714
-15.58517551,40.09799194,242,0,0.885714286
-18.21758461,-5.615049362,243,1,0.085714286
9.377196312,28.57827759,244,1,0.828571429
-12.43947124,8.43896389,245,0,0.114285714
6.421652317,-15.58058071,246,2,0.057142857
-23.98499107,-29.51893806,247,1,0.057142857
25.02037621,-16.19513702,248,2,0.028571429
-28.77336121,13.36163235,249,2,0.142857143
3.304639101,-39.9378891,250,1,0.028571429
50.69643021,3.190310955,251,2,0.771428571
-10.80251312,32.47493744,252,0,1
9.430280685,32.64333725,253,1,0.914285714
6.188127041,-12.31036663,254,2,0.057142857
7.171196938,6.381224155,255,1,0.028571429
-12.36960506,-18.87148857,256,1,0.028571429
19.61183739,-15.66453743,257,2,0.028571429
-20.65189362,3.58372426,258,2,0.171428571
3.303057194,-40.33171463,259,1,0.028571429
-17.05159187,1.019263506,260,2,0.028571429
34.74175262,7.459102154,261,2,0.714285714
-13.19021511,31.69412041,262,0,1
7.405683994,22.59293175,263,1,0.657142857
-30.72654915,-6.406585693,264,2,0.028571429
12.26969051,6.619447708,265,1,0.028571429
-28.52315331,10.37940884,266,2,0.171428571
2.261684418,-40.29079819,267,1,0.028571429
-10.89159203,-2.627913237,268,1,0.257142857
-19.9989872,0.456997722,269,2,0.057142857
-13.61970329,-19.02993011,270,1,0.028571429
46.59541321,0.547116697,271,2,0.742857143
-11.60965347,34.43555069,272,0,1
10.06752968,32.58150101,273,1,0.914285714
6.421652317,-15.58058071,274,2,0.057142857
-23.02714348,-29.90392876,275,1,0.057142857
23.97568321,-16.02459717,276,2,0.028571429
30.04528999,27.95279884,277,2,0.057142857
3.899007559,-39.56229019,278,1,0.028571429
31.38223267,8.555181503,279,2,0.857142857
-15.58534336,40.09794617,280,0,0.885714286
-18.21759987,-5.615048885,281,1,0.085714286
9.377197266,28.57827568,282,1,0.828571429
-12.43946648,8.43896389,283,0,0.114285714
-31.28646088,-5.714524269,284,2,0.028571429
10.90027332,6.298025608,285,1,0.028571429
10.39160728,-14.58919239,286,2,0.057142857
-16.00769424,-19.9313488,287,1,0.028571429
30.7699604,28.44956017,288,2,0.057142857
3.576929092,-37.61169434,289,1,0.028571429
31.51657104,8.685611725,290,2,0.857142857
-11.69174862,32.46826935,291,0,1
7.412835121,22.70433044,292,1,0.657142857
-31.90627289,-6.224917889,293,2,0.028571429
12.26315308,6.617282867,294,1,0.028571429
-28.44203949,10.3098774,295,2,0.171428571
2.443603039,-38.09350586,296,1,0.028571429
-16.10549164,-0.393860251,297,1,0.057142857
10.18655682,-11.90520191,298,2,0.028571429
-11.91162395,-2.931600809,299,1,0.228571429
23.97740173,-16.00408554,300,2,0.028571429
49.6126442,2.747640848,301,2,0.742857143
-15.58522034,40.09828568,302,0,0.885714286
-18.21752548,-5.615049839,303,1,0.085714286
-12.43946552,8.43896389,304,0,0.114285714
9.377195358,28.57827377,305,1,0.828571429
-31.6922493,-5.832605839,306,2,0.028571429
-11.79324818,-17.97657776,307,1,0.028571429
6.984025002,6.593750477,308,1,0.028571429
11.96497345,-10.83658886,309,2,0.028571429
-27.15265465,9.882943153,310,2,0.228571429
4.173021317,-38.22117615,311,1,0.028571429
-14.7817297,3.085240364,312,2,0.028571429
45.80039215,-0.135769591,313,2,0.685714286
-11.92391014,31.99829674,314,0,1
9.303181648,32.88070297,315,1,0.914285714
-30.72144508,-6.372067451,316,2,0.028571429
9.722859383,6.100217819,317,1,0.028571429
11.96456146,-10.83656788,318,2,0.028571429
-12.36959171,-18.87162399,319,1,0.028571429
-27.15265274,9.882956505,320,2,0.228571429
1.142055869,-39.80992508,321,1,0.028571429
-14.78192711,3.084629774,322,2,0.028571429
45.80054855,-0.135760471,323,2,0.685714286
-12.26520729,32.98629761,324,0,1
13.49919891,29.75057983,325,1,0.914285714
6.069223404,-13.51025009,326,2,0.057142857
-23.66999626,-30.57507706,327,1,0.057142857
19.61219597,-15.66456604,328,2,0.028571429
4.365853786,-38.90814972,329,1,0.028571429
30.77462387,28.1580162,330,2,0.057142857
31.35487556,8.147001266,331,2,0.857142857
-15.5850668,40.09814072,332,0,0.885714286
-18.21755981,-5.615049839,333,1,0.085714286
-12.43946838,8.43896389,334,0,0.114285714
9.386632919,28.56921005,335,1,0.828571429
5.324557781,-14.93971539,336,2,0.057142857
-24.16956902,-29.95091057,337,1,0.057142857
24.69508171,-15.26166725,338,2,0.028571429
2.813457727,-38.16687012,339,1,0.028571429
30.45026779,28.77292252,340,2,0.057142857
31.54808807,8.702050209,341,2,0.857142857
-13.78720284,32.23637772,342,0,1
9.520166397,32.58362198,343,1,0.914285714
6.421652317,-15.58058071,344,2,0.057142857
-23.98571587,-29.51938629,345,1,0.057142857
23.65570259,-16.62526894,346,2,0.028571429
4.526888371,-38.53408432,347,1,0.028571429
30.80028343,28.36366081,348,2,0.057142857
32.0492897,8.049135208,349,2,0.857142857
-13.85968781,32.88591766,350,0,1
7.405474186,22.5935955,351,1,0.657142857
-28.53188896,13.66829967,352,2,0.142857143
-23.41207886,1.80927217,353,2,0.057142857
12.27123547,6.619385719,354,1,0.028571429
2.125280857,-37.14162445,355,1,0.028571429
-16.32940102,-0.302191705,356,1,0.057142857
-11.07287025,-2.645843267,357,1,0.2
9.955210686,-14.47095776,358,2,0.057142857
-16.00769424,-19.9313488,359,1,0.028571429
49.61264038,2.747649431,360,2,0.742857143
-13.22348118,33.00149918,361,0,1
9.635089874,32.51978683,362,1,0.914285714
-31.28646088,-5.714524269,363,2,0.028571429
12.26590538,6.618500233,364,1,0.028571429
-28.52321434,10.37949657,365,2,0.171428571
4.178733826,-39.87633133,366,1,0.028571429
-19.99899101,0.456997871,367,2,0.057142857
-13.61967659,-19.02994537,368,1,0.028571429
46.59493256,0.547456563,369,2,0.742857143
-15.58508492,40.0983963,370,0,0.885714286
-18.21741867,-5.614945412,371,1,0.085714286
9.386631966,28.56919861,372,1,0.828571429
5.324557781,-14.93971539,373,2,0.057142857
-23.23776245,-30.4102478,374,1,0.057142857
25.00491333,-15.5839262,375,2,0.028571429
-12.43946838,8.43896389,376,0,0.114285714
1.307590961,-39.05484772,377,1,0.028571429
-28.77336121,13.36163235,378,2,0.142857143
50.49093628,3.543018579,379,2,0.771428571
-12.94808674,31.43375778,380,0,1
-24.79137993,-2.820786476,381,2,0.028571429
-16.45829582,-0.343684286,382,1,0.028571429
7.463181496,22.97763443,383,1,0.685714286
-16.08807373,0.211823091,384,1,0.028571429
10.18453979,-11.90461826,385,2,0.028571429
-16.62010193,0.163168773,386,1,0.028571429
-11.85827637,-2.894546032,387,1,0.2
24.9354496,-16.48066711,388,2,0.028571429
-20.65185738,3.583665371,389,2,0.171428571
3.837612867,-40.20908356,390,1,0.028571429
-17.0519371,1.019206166,391,2,0.028571429
34.74171829,7.459101677,392,2,0.714285714
-13.57418537,31.98561287,393,0,1
8.501667976,25.00546837,394,1,0.657142857
-13.91335392,-2.001135111,395,1,0.257142857
6.067513943,-13.51091576,396,2,0.057142857
-23.26046753,-30.42593002,397,1,0.057142857
23.29790115,-16.05807877,398,2,0.028571429
3.078032017,-37.80566788,399,1,0.028571429
-28.69284058,13.82231617,400,2,0.142857143
50.69643021,3.190310955,401,2,0.771428571
-12.61685276,34.52053452,402,0,1
10.2094574,33.1938591,403,1,0.914285714
-30.90256691,-6.779394627,404,2,0.028571429
9.768531799,-12.83488941,405,2,0.028571429
7.171196938,6.381224155,406,1,0.028571429
-26.43508148,10.66291809,407,2,0.171428571
3.632617474,-38.63088608,408,1,0.028571429
-17.63035965,2.883163929,409,2,0.028571429
-22.54610634,2.601439714,410,2,0.057142857
-13.18442726,-19.27188873,411,1,0.028571429
45.80053329,-0.135761037,412,2,0.685714286
-12.30748749,34.53737259,413,0,1
8.50166893,25.00543404,414,1,0.657142857
-13.91335106,-2.001106501,415,1,0.257142857
-31.68945313,-5.830782413,416,2,0.028571429
7.183125973,6.70335722,417,1,0.028571429
10.18649483,-11.90463543,418,2,0.028571429
-13.61977482,-19.02993965,419,1,0.028571429
23.56814766,-16.5917511,420,2,0.028571429
2.401685715,-38.6410675,421,1,0.028571429
30.05131721,27.94415665,422,2,0.057142857
32.13350296,8.449712753,423,2,0.857142857
-12.88524532,33.42873383,424,0,1
7.405456543,22.59363937,425,1,0.657142857
-27.4886055,13.07814121,426,2,0.114285714
-17.63006401,2.883428574,427,2,0.028571429
3.079559088,-39.38554764,428,1,0.028571429
-23.41208076,1.809272051,429,2,0.057142857
12.20025826,6.877084255,430,1,0.028571429
-10.89157295,-2.627913237,431,1,0.257142857
-11.7922287,-17.97562218,432,1,0.028571429
-19.68735695,0.938837469,433,2,0.057142857
46.59493256,0.547607899,434,2,0.742857143
-11.30723381,34.23340225,435,0,1
9.635212898,32.5197525,436,1,0.914285714
-30.90263557,-6.77946806,437,2,0.028571429
9.722874641,6.100217819,438,1,0.028571429
-25.69589424,10.76008511,439,2,0.085714286
-22.71632004,4.068552494,440,2,0.171428571
3.215930462,-37.16240311,441,1,0.028571429
-14.78133965,3.086256266,442,2,0.028571429
-12.25075054,-19.23687744,443,1,0.028571429
45.80054092,-0.135766983,444,2,0.685714286
-11.72409916,32.34657288,445,0,1
13.49904442,29.74886703,446,1,0.914285714
-31.79607201,-5.948996067,447,2,0.028571429
8.352765083,-15.18232918,448,2,0.028571429
-23.18229866,-29.58607864,449,1,0.057142857
24.41262054,-16.76763725,450,2,0.028571429
29.96500015,28.59994507,451,2,0.057142857
3.967102766,-39.0638504,452,1,0.028571429
31.80815697,8.755584717,453,2,0.857142857
-15.58510017,40.09848404,454,0,0.885714286
-18.21759987,-5.615048409,455,1,0.085714286
-12.43946743,8.43896389,456,0,0.114285714
9.377196312,28.57827377,457,1,0.828571429
-30.90263557,-6.77946806,458,2,0.028571429
-11.7922287,-17.97562218,459,1,0.028571429
12.19874859,6.882552147,460,1,0.028571429
18.53409004,-13.81657887,461,2,0.057142857
2.937223911,-37.16588974,462,1,0.028571429
-28.99932098,13.60277557,463,2,0.142857143
50.69643021,3.190310955,464,2,0.771428571
-13.0531292,32.49621964,465,0,1
8.501667023,25.00546265,466,1,0.657142857
-13.91335011,-2.001106501,467,1,0.257142857
6.069223881,-13.51025009,468,2,0.057142857
-24.166996,-29.95515251,469,1,0.057142857
24.44612885,-15.09541512,470,2,0.028571429
1.779830575,-39.26031113,471,1,0.028571429
30.14260674,28.72101974,472,2,0.057142857
32.04319382,8.046941757,473,2,0.857142857
-12.17881107,32.39883804,474,0,1
9.41926384,33.28421021,475,1,0.914285714
5.84278059,-11.78400421,476,2,0.028571429
11.96456909,-10.83656788,477,2,0.028571429
6.983594894,6.493868828,478,1,0.028571429
-27.26252174,9.908843994,479,2,0.228571429
3.018964052,-40.07001114,480,1,0.028571429
-14.78202248,3.083912134,481,2,0.028571429
-12.25075054,-19.23687744,482,1,0.028571429
45.80055237,-0.135760292,483,2,0.685714286
-12.56086445,32.15530777,484,0,1
-24.79225731,-2.821036577,485,2,0.028571429
7.468027115,23.10794067,486,1,0.685714286
-28.44203949,10.3098774,487,2,0.171428571
4.425046921,-39.37429047,488,1,0.028571429
-10.89157295,-2.627913475,489,1,0.257142857
-19.87442589,0.704340994,490,2,0.057142857
-12.36960602,-18.87148857,491,1,0.028571429
46.59519196,0.547374189,492,2,0.742857143
-12.80608559,32.11965179,493,0,1
9.414114952,33.2800293,494,1,0.914285714
-31.87492561,-6.579672813,495,2,0.028571429
12.19874859,6.882552147,496,1,0.028571429
-28.52321243,10.37949657,497,2,0.171428571
2.885522604,-38.83112335,498,1,0.028571429
-19.87442017,0.70432955,499,2,0.057142857
-12.36960506,-18.87148857,500,1,0.028571429
46.59492874,0.547607303,501,2,0.742857143
-15.58508492,40.09767914,502,0,0.885714286
-18.21754837,-5.614942551,503,1,0.085714286
7.261325836,23.82813454,504,1,0.6
-31.42811966,-6.882276058,505,2,0.028571429
12.19874859,6.882552147,506,1,0.028571429
-28.12170601,10.09339142,507,2,0.2
6.790983677,-37.37413406,508,1,0.028571429
-12.43953133,8.439004898,509,0,0.114285714
-11.80060101,-2.958390951,510,1,0.257142857
18.53426361,-13.81657505,511,2,0.057142857
49.18039322,2.446958303,512,2,0.714285714
-13.31954765,34.17343521,513,0,1
-16.64839745,-0.899334788,514,1,0.028571429
-30.92900085,-5.85163641,515,2,0.028571429
11.20929146,29.63486481,516,1,0.914285714
12.26617432,6.618606567,517,1,0.028571429
11.96456909,-10.83656788,518,2,0.028571429
23.33922768,-15.66857052,519,2,0.028571429
30.7449913,28.51939011,520,2,0.057142857
4.171733379,-38.22270203,521,1,0.028571429
31.67914009,7.918213844,522,2,0.857142857
-13.50439167,31.95122719,523,0,1
7.412880421,22.70389557,524,1,0.657142857
-26.97871017,-3.995240688,525,2,0.028571429
7.183125973,6.70335722,526,1,0.028571429
-28.44203949,10.3098774,527,2,0.171428571
3.732095003,-37.88480377,528,1,0.028571429
-11.57500553,-2.90383029,529,1,0.285714286
18.53406715,-13.81657124,530,2,0.057142857
49.61264038,2.747649193,531,2,0.742857143
-11.52483082,33.04619598,532,0,1
13.49920082,29.75058365,533,1,0.914285714
5.324557781,-14.93971539,534,2,0.057142857
-23.25518417,-30.42458916,535,1,0.057142857
23.98731422,-16.07556534,536,2,0.028571429
29.86418343,28.34362221,537,2,0.057142857
1.74423337,-40.30736923,538,1,0.028571429
31.67818069,7.918105602,539,2,0.857142857
-11.37625217,32.42307663,540,0,1
13.49904156,29.74886131,541,1,0.914285714
-30.90262794,-6.779464245,542,2,0.028571429
8.352765083,-15.18232918,543,2,0.028571429
-23.179636,-29.58880424,544,1,0.057142857
24.85655785,-16.52866745,545,2,0.028571429
-28.77323914,13.36059761,546,2,0.142857143
0.598617315,-41.33137512,547,1,0.028571429
50.69643021,3.190310955,548,2,0.771428571
-11.37332916,32.81569672,549,0,1
13.49920082,29.75058746,550,1,0.914285714
-31.68940926,-5.83075285,551,2,0.028571429
6.983465672,6.494206905,552,1,0.028571429
10.18454075,-11.90461826,553,2,0.028571429
-13.6197052,-19.02997208,554,1,0.028571429
19.61192703,-15.66453838,555,2,0.028571429
30.52678871,28.7443943,556,2,0.057142857
0.861342967,-39.32258606,557,1,0.028571429
31.32976341,8.208218575,558,2,0.857142857
-15.5853548,40.09802628,559,0,0.885714286
-18.21689415,-5.613307953,560,1,0.085714286
8.295262337,25.07265663,561,1,0.6
-13.89634323,-1.981498241,562,1,0.228571429
6.069223881,-13.51025009,563,2,0.057142857
-23.63846207,-30.58586693,564,1,0.057142857
23.57402992,-15.26587963,565,2,0.028571429
-12.43947983,8.438966751,566,0,0.114285714
4.479887962,-39.07891464,567,1,0.028571429
-28.53203583,13.67063904,568,2,0.142857143
50.49095535,3.543003559,569,2,0.771428571
-12.19098949,34.51371765,570,0,1
7.405697823,22.59296417,571,1,0.657142857
-27.48968697,13.0773592,572,2,0.114285714
-26.97882462,-3.995235443,573,2,0.028571429
6.983465672,6.494206905,574,1,0.028571429
-22.53074265,3.024279118,575,2,0.057142857
1.52187717,-40.1325531,576,1,0.028571429
-10.89117146,-2.628159046,577,1,0.257142857
10.18453979,-11.90461731,578,2,0.028571429
17.87956047,-15.4807539,579,2,0.028571429
-16.00769424,-19.9313488,580,1,0.028571429
49.6126442,2.74764967,581,2,0.742857143
-10.72877312,32.97721863,582,0,1
13.49925995,29.75108147,583,1,0.914285714
5.324557781,-14.93971539,584,2,0.057142857
-23.63846207,-30.58586693,585,1,0.057142857
23.9026432,-16.82376671,586,2,0.028571429
-28.77336121,13.36163235,587,2,0.142857143
3.87980175,-37.52701569,588,1,0.028571429
50.49096298,3.542998075,589,2,0.771428571
-12.23884392,33.0163002,590,0,1
10.2339592,32.78873825,591,1,0.914285714
6.419970512,-15.58101654,592,2,0.057142857
-24.16998482,-29.95083427,593,1,0.057142857
25.11109924,-15.93204784,594,2,0.028571429
1.522706985,-39.62565994,595,1,0.028571429
30.7046051,28.03188896,596,2,0.057142857
31.38642502,8.09851265,597,2,0.857142857
-13.81488991,33.38936996,598,0,1
8.50166893,25.00546265,599,1,0.657142857
-13.91306114,-2.001318216,600,1,0.257142857
-30.78744888,-5.988157272,601,2,0.028571429
-12.31942081,-17.75093079,602,1,0.028571429
7.171196938,6.381224155,603,1,0.028571429
11.96497345,-10.83658886,604,2,0.028571429
24.9632225,-15.61252689,605,2,0.028571429
29.86260223,28.32459068,606,2,0.057142857
2.987992764,-40.74987411,607,1,0.028571429
31.75463867,8.760540009,608,2,0.857142857
-11.83309269,32.7944603,609,0,1
10.26978302,32.9613533,610,1,0.914285714
-31.45653152,-6.86506319,611,2,0.028571429
8.029587746,-15.30951691,612,2,0.028571429
-23.59229088,-29.3917675,613,1,0.057142857
24.15772438,-15.1274662,614,2,0.028571429
0.459441394,-36.55836487,615,1,0.028571429
30.05413055,27.94178581,616,2,0.057142857
31.53673553,7.963471413,617,2,0.857142857
-11.78386402,34.49670792,618,0,1
7.405690193,22.59296036,619,1,0.657142857
-26.97880554,-3.995237112,620,2,0.028571429
7.183125973,6.70335722,621,1,0.028571429
-22.53039932,3.0240345,622,2,0.057142857
2.074601412,-39.43621826,623,1,0.028571429
-27.48968315,13.0773592,624,2,0.114285714
-10.89157295,-2.627913237,625,1,0.257142857
10.18453884,-11.90461826,626,2,0.028571429
-12.36959171,-18.87162399,627,1,0.028571429
24.42355347,-16.02156067,628,2,0.028571429
49.61289215,2.748489857,629,2,0.742857143
-15.58508682,40.09838867,630,0,0.885714286
-18.21754265,-5.615049839,631,1,0.085714286
-12.43946743,8.43896389,632,0,0.114285714
9.376470566,28.5759964,633,1,0.828571429
-30.92938614,-5.851120472,634,2,0.028571429
9.047985077,-14.14020348,635,2,0.028571429
-23.23660851,-30.4098587,636,1,0.057142857
-27.15265083,9.882944107,637,2,0.228571429
2.20777297,-39.09858322,638,1,0.028571429
-14.78074932,3.08648324,639,2,0.028571429
45.80054092,-0.135767326,640,2,0.685714286
-15.58538914,40.09833145,641,0,0.885714286
-18.21754074,-5.615049839,642,1,0.085714286
-12.43948364,8.438966751,643,0,0.114285714
9.376469612,28.5759964,644,1,0.828571429
6.188128471,-12.31047153,645,2,0.057142857
7.247030735,6.674749374,646,1,0.028571429
-17.94948769,0.481396735,647,2,0.028571429
-22.55494881,3.268374443,648,2,0.085714286
2.712198019,-38.61094284,649,1,0.028571429
-26.51834869,11.64906883,650,2,0.142857143
-12.25075054,-19.23687744,651,1,0.028571429
45.80054474,-0.135766581,652,2,0.685714286
-11.7444706,34.02521133,653,0,1
13.49904251,29.74886131,654,1,0.914285714
5.324557781,-14.93971539,655,2,0.057142857
-23.02733231,-30.11750984,656,1,0.057142857
23.52317047,-15.52850151,657,2,0.028571429
2.398112774,-38.97154617,658,1,0.028571429
-28.53223228,13.67390537,659,2,0.142857143
50.69643021,3.190310955,660,2,0.771428571
-11.30817223,31.68436432,661,0,1
13.49927425,29.75120163,662,1,0.914285714
4.990461826,-14.07097435,663,2,0.057142857
7.183125973,6.70335722,664,1,0.028571429
-13.61970329,-19.02993011,665,1,0.028571429
24.15211296,-15.27056885,666,2,0.028571429
29.86339378,28.33797836,667,2,0.057142857
2.904044628,-39.31850815,668,1,0.028571429
32.13465881,8.444972038,669,2,0.857142857
-12.77897072,31.42661858,670,0,1
7.405313492,22.5936451,671,1,0.657142857
-28.77306747,13.36040497,672,2,0.142857143
-26.97860146,-3.995240211,673,2,0.028571429
7.171411037,6.381255627,674,1,0.028571429
-22.66620255,2.619607687,675,2,0.028571429
1.969743013,-39.83172226,676,1,0.028571429
-16.23192215,-0.331408709,677,1,0.057142857
10.18655682,-11.90520191,678,2,0.028571429
-11.80440044,-2.837632179,679,1,0.2
-15.96994209,-19.41197014,680,1,0.028571429
23.73004341,-15.19604015,681,2,0.028571429
49.61289215,2.748493433,682,2,0.742857143
-12.55333614,31.3072052,683,0,1
10.01341152,33.42062759,684,1,0.914285714
6.557532787,-12.91600037,685,2,0.057142857
7.21468401,6.392059803,686,1,0.028571429
-26.43508148,10.66292,687,2,0.171428571
-13.61974907,-19.02995872,688,1,0.028571429
-22.44334602,3.034945488,689,2,0.057142857
4.083259583,-37.87561798,690,1,0.028571429
-14.78163242,3.083985567,691,2,0.028571429
45.80054474,-0.135767922,692,2,0.685714286
-15.5854702,40.09833908,693,0,0.885714286
-18.21758461,-5.615050793,694,1,0.085714286
7.261321068,23.82824516,695,1,0.6
-12.43946934,8.43896389,696,0,0.114285714
-25.20340347,-3.011680126,697,2,0.057142857
12.27348232,6.620466709,698,1,0.028571429
-25.30073357,10.71967316,699,2,0.028571429
-22.75670433,4.051823139,700,2,0.142857143
6.79095459,-37.37505341,701,1,0.028571429
-12.00267029,-2.584992647,702,1,0.142857143
-12.71350098,-3.019142389,703,1,0.114285714
18.53416824,-13.81657887,704,2,0.057142857
49.17642975,2.445543289,705,2,0.714285714
-11.31580448,31.68195915,706,0,1
10.06863499,33.41677856,707,1,0.914285714
-30.93105507,-5.848643303,708,2,0.028571429
9.047960281,-14.14011288,709,2,0.028571429
-23.59228325,-29.39176559,710,1,0.057142857
19.61211205,-15.66452026,711,2,0.028571429
-28.69284058,13.82231617,712,2,0.142857143
2.28199935,-38.04501724,713,1,0.028571429
50.49095917,3.542993546,714,2,0.771428571
-11.72303677,31.43079376,715,0,1
13.49920082,29.75060463,716,1,0.914285714
-30.73078537,-6.422776222,717,2,0.028571429
10.90038681,6.298084736,718,1,0.028571429
11.96497345,-10.83658886,719,2,0.028571429
18.24161148,-15.39402103,720,2,0.028571429
-16.00769424,-19.9313488,721,1,0.028571429
2.498766184,-37.1933403,722,1,0.028571429
30.78985023,28.20508003,723,2,0.057142857
31.31800079,8.247218132,724,2,0.857142857
-12.06635094,31.31454468,725,0,1
9.984452248,32.54301071,726,1,0.914285714
6.421652317,-15.58058071,727,2,0.057142857
-23.5526371,-29.39100266,728,1,0.057142857
24.85162163,-15.32605171,729,2,0.028571429
-28.53188896,13.66829967,730,2,0.142857143
2.012840986,-38.16468048,731,1,0.028571429
50.49096298,3.542987585,732,2,0.771428571
-11.78534412,31.4133091,733,0,1
7.405474663,22.5935955,734,1,0.657142857
-28.77323914,13.36059761,735,2,0.142857143
-31.86553764,-6.599433422,736,2,0.028571429
12.19874859,6.882552147,737,1,0.028571429
-22.66651917,2.619646788,738,2,0.028571429
1.880210519,-37.72627258,739,1,0.028571429
-10.89159203,-2.627913237,740,1,0.257142857
-20.27551079,-0.122823089,741,2,0.057142857
-15.9827013,-19.34978676,742,1,0.028571429
46.59520721,0.547369778,743,2,0.742857143
-12.70096493,33.75462723,744,0,1
8.50166893,25.00546074,745,1,0.657142857
-16.42581367,-0.200679868,746,1,0.057142857
6.188119411,-12.31047344,747,2,0.057142857
8.719514847,6.314209938,748,1,0.028571429
-13.73900318,-2.198379755,749,1,0.228571429
23.98588371,-16.83277512,750,2,0.028571429
3.024544954,-37.79320145,751,1,0.028571429
30.13787079,28.71869087,752,2,0.057142857
31.41150284,8.59709549,753,2,0.857142857
-11.0861454,32.00863647,754,0,1
9.82705307,32.49221039,755,1,0.914285714
-31.90662003,-6.222126007,756,2,0.028571429
7.183125973,6.70335722,757,1,0.028571429
9.76858902,-12.83530426,758,2,0.028571429
-26.43508148,10.66291904,759,2,0.171428571
3.928137064,-40.14305496,760,1,0.028571429
-22.58898735,2.510090828,761,2,0.028571429
-16.00769424,-19.9313488,762,1,0.028571429
-17.22032356,2.581535816,763,2,0.057142857
45.80054855,-0.135760039,764,2,0.685714286
-11.80592155,33.23286438,765,0,1
9.330932617,33.145401,766,1,0.914285714
6.878926754,-14.28519249,767,2,0.057142857
-24.09245872,-30.32915306,768,1,0.057142857
19.6121006,-15.66461945,769,2,0.028571429
-28.69284058,13.82231617,770,2,0.142857143
2.708448172,-40.19399261,771,1,0.028571429
50.7062149,3.296244144,772,2,0.771428571
-17.12605667,0.293847114,773,0,0.028571429
-18.165205,-5.319345951,774,1,0.057142857
-15.58603477,40.09836578,775,0,0.857142857
-17.36945724,-0.353624135,776,1,0.028571429
-12.43946743,8.43896389,777,0,0.114285714
7.261313915,23.82770348,778,1,0.6
-23.33431244,1.987003565,779,2,0.085714286
12.27348232,6.620466709,780,1,0.028571429
-17.62974167,2.883183718,781,2,0.028571429
1.339689374,-37.69171143,782,1,0.028571429
-27.07235527,12.57718372,783,2,0.114285714
-16.09342194,0.153332591,784,1,0.057142857
10.18649483,-11.90463543,785,2,0.028571429
-11.85827827,-2.894570351,786,1,0.2
24.43197823,-15.81581497,787,2,0.028571429
49.17642975,2.445543528,788,2,0.714285714
-13.88220882,33.41514206,789,0,1
8.501671791,25.00543785,790,1,0.657142857
-13.91335106,-2.001106262,791,1,0.257142857
6.06751442,-13.51091576,792,2,0.057142857
-23.25525475,-30.4246006,793,1,0.057142857
24.24376297,-15.00802422,794,2,0.028571429
-27.48968697,13.0773592,795,2,0.114285714
-17.6298275,2.883254528,796,2,0.028571429
3.525315046,-37.23048401,797,1,0.028571429
50.7062149,3.297271967,798,2,0.771428571
-12.44499683,32.95994949,799,0,1
9.828764915,32.49227142,800,1,0.914285714
6.421878338,-15.58070374,801,2,0.057142857
-23.9857235,-29.51939201,802,1,0.057142857
25.03721046,-15.85860348,803,2,0.028571429
-28.99933243,13.60941219,804,2,0.142857143
3.183580875,-38.34339905,805,1,0.028571429
50.49095917,3.542993546,806,2,0.771428571
-12.75749207,34.40272141,807,0,1
9.430006981,32.64364624,808,1,0.914285714
6.421878338,-15.58070374,809,2,0.057142857
-24.00060654,-29.53357124,810,1,0.057142857
24.12698555,-16.81491852,811,2,0.028571429
30.13864326,28.71852684,812,2,0.057142857
1.473555446,-38.29229736,813,1,0.028571429
32.0125885,8.659035683,814,2,0.857142857
-11.97153568,33.39506912,815,0,1
9.39236927,32.70439529,816,1,0.914285714
6.878926754,-14.28519249,817,2,0.057142857
-23.04156303,-30.15767288,818,1,0.057142857
19.61183739,-15.66451454,819,2,0.028571429
-17.63013077,2.883458853,820,2,0.028571429
3.167931318,-39.09917068,821,1,0.028571429
-20.57540512,3.572803974,822,2,0.171428571
34.74171448,7.459100246,823,2,0.714285714
-12.90205097,32.69254303,824,0,1
9.670425415,33.45719528,825,1,0.914285714
-31.13842583,-6.920664787,826,2,0.028571429
9.722875595,6.100217342,827,1,0.028571429
-25.69591331,10.76018715,828,2,0.085714286
-22.7163105,4.068552017,829,2,0.171428571
3.4399333,-38.38710022,830,1,0.028571429
-14.78206062,3.084466457,831,2,0.028571429
-12.25075054,-19.23687744,832,1,0.028571429
45.80054092,-0.135766178,833,2,0.685714286
-13.30592251,31.72761917,834,0,1
13.4992609,29.75109482,835,1,0.914285714
-31.87452126,-6.580538273,836,2,0.028571429
8.352765083,-15.18232918,837,2,0.028571429
-23.67333603,-30.57876015,838,1,0.057142857
25.02037621,-16.19513702,839,2,0.028571429
30.05105782,28.66836929,840,2,0.057142857
3.489710808,-39.28567505,841,1,0.028571429
31.34291458,8.395129204,842,2,0.857142857
-13.17650032,33.00023651,843,0,1
9.666197777,33.45806885,844,1,0.914285714
6.421882153,-15.58036232,845,2,0.057142857
-23.59229088,-29.3917675,846,1,0.057142857
23.69279671,-16.65000916,847,2,0.028571429
2.838366032,-39.05820465,848,1,0.028571429
-28.98758125,13.52727413,849,2,0.142857143
50.49095535,3.543003559,850,2,0.771428571
-12.4960165,33.40519333,851,0,1
9.632219315,33.44245148,852,1,0.914285714
-30.76416779,-6.023251534,853,2,0.028571429
12.27123547,6.619385719,854,1,0.028571429
10.18652821,-11.90520096,855,2,0.028571429
-12.36959171,-18.87162399,856,1,0.028571429
24.10393143,-15.84332752,857,2,0.028571429
30.75247192,28.49675751,858,2,0.057142857
1.971199274,-38.18207169,859,1,0.028571429
-20.37776756,3.573533297,860,2,0.142857143
34.74163055,7.459093571,861,2,0.714285714
-13.63408756,33.86429977,862,0,1
9.666197777,33.45806885,863,1,0.914285714
-31.28646278,-5.714525223,864,2,0.028571429
12.19874859,6.882552147,865,1,0.028571429
10.18652916,-11.9052,866,2,0.028571429
-12.36960602,-18.87148857,867,1,0.028571429
24.703022,-15.1904192,868,2,0.028571429
-28.69284058,13.82231617,869,2,0.142857143
1.143243909,-38.03546906,870,1,0.028571429
50.49096298,3.542998075,871,2,0.771428571
-13.28474236,34.1900444,872,0,1
9.968817711,33.43259048,873,1,0.914285714
6.419970512,-15.58101654,874,2,0.057142857
7.21468401,6.392059803,875,1,0.028571429
-16.00769424,-19.9313488,876,1,0.028571429
24.41145706,-16.77745628,877,2,0.028571429
1.373432636,-39.99889755,878,1,0.028571429
-28.69284058,13.82231617,879,2,0.142857143
50.7062149,3.296244144,880,2,0.771428571
-15.58539581,40.09835434,881,0,0.885714286
-18.21679878,-5.613310337,882,1,0.085714286
-12.43946838,8.43896389,883,0,0.114285714
8.29526329,25.07265472,884,1,0.6
-13.89609146,-1.981538534,885,1,0.228571429
-31.49151611,-6.880330563,886,2,0.028571429
9.196126938,-13.63864517,887,2,0.028571429
7.183125973,6.70335722,888,1,0.028571429
24.62535095,-16.7491684,889,2,0.028571429
-16.00769424,-19.9313488,890,1,0.028571429
-17.62973785,2.882937431,891,2,0.028571429
1.774659038,-38.62182617,892,1,0.028571429
-20.57540894,3.57277441,893,2,0.171428571
34.74175262,7.459121704,894,2,0.714285714
-11.92392159,31.99829674,895,0,1
9.964570045,33.43400192,896,1,0.914285714
-31.76753616,-5.909832478,897,2,0.028571429
-11.79222775,-17.97562218,898,1,0.028571429
12.19874859,6.882552147,899,1,0.028571429
18.53409004,-13.81657505,900,2,0.057142857
30.54143715,27.88068962,901,2,0.057142857
3.895715714,-38.63432693,902,1,0.028571429
31.41152573,8.597126007,903,2,0.857142857
-12.72450256,32.36273956,904,0,1
9.29971981,32.99596786,905,1,0.914285714
6.877029419,-14.28526878,906,2,0.057142857
-23.21164894,-29.56728172,907,1,0.057142857
-27.15265465,9.882943153,908,2,0.228571429
3.576350927,-40.5222168,909,1,0.028571429
-14.78203964,3.084488392,910,2,0.028571429
45.80038834,-0.135769621,911,2,0.685714286
-13.2840395,32.51928711,912,0,1
-16.64840508,-0.899324536,913,1,0.028571429
-31.86567307,-6.599154949,914,2,0.028571429
8.448386192,24.99483109,915,1,0.657142857
-16.62010193,0.163478494,916,1,0.028571429
10.18453884,-11.90461731,917,2,0.028571429
8.7195158,6.314215183,918,1,0.028571429
-13.73900318,-2.198379755,919,1,0.228571429
24.90348625,-15.33933926,920,2,0.028571429
30.44338036,27.84232903,921,2,0.057142857
2.485073805,-39.45825577,922,1,0.028571429
31.67757607,7.91817379,923,2,0.857142857
-12.68502712,32.72511673,924,0,1
13.49904442,29.74886894,925,1,0.914285714
-31.71011162,-6.801377296,926,2,0.028571429
8.352765083,-15.18232918,927,2,0.028571429
-23.02845383,-29.95143127,928,1,0.057142857
24.44875908,-15.99566269,929,2,0.028571429
2.541511297,-40.76551819,930,1,0.028571429
-28.69284058,13.82231617,931,2,0.142857143
50.69643021,3.190310955,932,2,0.771428571
-12.24196911,34.03969955,933,0,1
10.21239662,33.19126892,934,1,0.914285714
6.877029419,-14.28526878,935,2,0.057142857
-23.59229088,-29.3917675,936,1,0.057142857
-22.32566261,3.389612675,937,2,0.114285714
0.806057453,-38.37508392,938,1,0.028571429
-26.39753342,11.41470432,939,2,0.142857143
45.80054092,-0.135766476,940,2,0.685714286
-13.18498325,33.51435852,941,0,1
10.27105141,32.98053741,942,1,0.914285714
6.421656132,-15.5802412,943,2,0.057142857
-24.15315819,-29.85733414,944,1,0.057142857
24.93202209,-16.48220634,945,2,0.028571429
1.881959677,-40.48480225,946,1,0.028571429
-28.99932098,13.60277081,947,2,0.142857143
50.69643021,3.190310955,948,2,0.771428571
-12.8635788,33.84764481,949,0,1
9.295966148,32.91081238,950,1,0.914285714
6.421652317,-15.58058071,951,2,0.057142857
-23.179636,-29.58880424,952,1,0.057142857
23.31289482,-16.11431313,953,2,0.028571429
0.814546883,-39.14170456,954,1,0.028571429
-28.98758125,13.52727413,955,2,0.142857143
50.69643021,3.190310955,956,2,0.771428571
-13.81959248,32.43196106,957,0,1
13.49907017,29.74928474,958,1,0.914285714
5.324557781,-14.93971539,959,2,0.057142857
-23.17849159,-29.58998108,960,1,0.057142857
25.07978439,-15.85395622,961,2,0.028571429
0.973183334,-39.61259079,962,1,0.028571429
30.53229904,28.73975754,963,2,0.057142857
32.06852341,8.069467545,964,2,0.857142857
-10.86951637,33.67526627,965,0,1
13.4992609,29.75114632,966,1,0.914285714
-31.13842583,-6.920664787,967,2,0.028571429
12.20025826,6.877084255,968,1,0.028571429
-12.31942081,-17.75093079,969,1,0.028571429
18.53425026,-13.81657124,970,2,0.057142857
30.50665474,28.75457573,971,2,0.057142857
0.707808435,-38.83093262,972,1,0.028571429
31.79901123,8.754961967,973,2,0.857142857
-10.96112537,32.07381058,974,0,1
10.09716892,32.60441971,975,1,0.914285714
6.877029419,-14.28526878,976,2,0.057142857
-24.05172539,-30.36981583,977,1,0.057142857
-27.15265274,9.882943153,978,2,0.228571429
0.598617315,-41.33137512,979,1,0.028571429
-14.7806263,3.086848497,980,2,0.028571429
45.80039215,-0.135777831,981,2,0.685714286
-15.58509541,40.09807968,982,0,0.885714286
-18.21689034,-5.61330843,983,1,0.085714286
9.376469612,28.5759964,984,1,0.828571429
-12.43946552,8.43896389,985,0,0.114285714
6.421652317,-15.58058071,986,2,0.057142857
-24.04947662,-30.37178993,987,1,0.057142857
24.42518806,-15.07159328,988,2,0.028571429
0.598617315,-41.33137512,989,1,0.028571429
-28.7730484,13.36049938,990,2,0.142857143
50.49095154,3.543005943,991,2,0.771428571
-30.13725521,-39.56201031,,,
-30.13725521,-37.79264549,,,
-30.13725521,-36.02328068,,,
-30.13725521,-34.25391586,,,
-30.13725521,-32.48455105,,,
-30.13725521,-30.71518623,,,
-30.13725521,-28.94582142,,,
-30.13725521,-27.1764566,,,
-30.13725521,-25.40709179,,,
-30.13725521,-23.63772697,,,
-30.13725521,-21.86836216,,,
-30.13725521,-20.09899734,,,
-30.13725521,-18.32963253,,,
-30.13725521,-16.56026771,,,
-30.13725521,-14.7909029,,,
-30.13725521,-13.02153808,,,
-30.13725521,-11.25217327,,,
-30.13725521,-9.482808451,,,
-30.13725521,-4.174714006,,,
-30.13725521,-2.405349191,,,
-30.13725521,-0.635984376,,,
-30.13725521,1.133380439,,,
-30.13725521,2.902745254,,,
-30.13725521,4.672110069,,,
-30.13725521,6.441474884,,,
-30.13725521,8.210839699,,,
-30.13725521,15.28829896,,,
-30.13725521,17.05766377,,,
-30.13725521,18.82702859,,,
-30.13725521,20.5963934,,,
-30.13725521,22.36575822,,,
-30.13725521,24.13512303,,,
-30.13725521,25.90448785,,,
-30.13725521,27.67385266,,,
-30.13725521,29.44321748,,,
-30.13725521,31.2125823,,,
-30.13725521,32.98194711,,,
-30.13725521,34.75131193,,,
-30.13725521,36.52067674,,,
-30.13725521,38.29004156,,,
-30.13725521,40.05940637,,,
-28.3678904,-39.56201031,,,
-28.3678904,-37.79264549,,,
-28.3678904,-36.02328068,,,
-28.3678904,-34.25391586,,,
-28.3678904,-32.48455105,,,
-28.3678904,-30.71518623,,,
-28.3678904,-28.94582142,,,
-28.3678904,-27.1764566,,,
-28.3678904,-25.40709179,,,
-28.3678904,-23.63772697,,,
-28.3678904,-21.86836216,,,
-28.3678904,-20.09899734,,,
-28.3678904,-18.32963253,,,
-28.3678904,-16.56026771,,,
-28.3678904,-14.7909029,,,
-28.3678904,-13.02153808,,,
-28.3678904,-11.25217327,,,
-28.3678904,-9.482808451,,,
-28.3678904,-7.713443636,,,
-28.3678904,-5.944078821,,,
-28.3678904,-2.405349191,,,
-28.3678904,-0.635984376,,,
-28.3678904,1.133380439,,,
-28.3678904,2.902745254,,,
-28.3678904,4.672110069,,,
-28.3678904,6.441474884,,,
-28.3678904,8.210839699,,,
-28.3678904,17.05766377,,,
-28.3678904,18.82702859,,,
-28.3678904,20.5963934,,,
-28.3678904,22.36575822,,,
-28.3678904,24.13512303,,,
-28.3678904,25.90448785,,,
-28.3678904,27.67385266,,,
-28.3678904,29.44321748,,,
-28.3678904,31.2125823,,,
-28.3678904,32.98194711,,,
-28.3678904,34.75131193,,,
-28.3678904,36.52067674,,,
-28.3678904,38.29004156,,,
-28.3678904,40.05940637,,,
-26.59852558,-39.56201031,,,
-26.59852558,-37.79264549,,,
-26.59852558,-36.02328068,,,
-26.59852558,-34.25391586,,,
-26.59852558,-32.48455105,,,
-26.59852558,-30.71518623,,,
-26.59852558,-28.94582142,,,
-26.59852558,-27.1764566,,,
-26.59852558,-25.40709179,,,
-26.59852558,-23.63772697,,,
-26.59852558,-21.86836216,,,
-26.59852558,-20.09899734,,,
-26.59852558,-18.32963253,,,
-26.59852558,-16.56026771,,,
-26.59852558,-14.7909029,,,
-26.59852558,-13.02153808,,,
-26.59852558,-11.25217327,,,
-26.59852558,-9.482808451,,,
-26.59852558,-7.713443636,,,
-26.59852558,-5.944078821,,,
-26.59852558,-0.635984376,,,
-26.59852558,1.133380439,,,
-26.59852558,2.902745254,,,
-26.59852558,4.672110069,,,
-26.59852558,6.441474884,,,
-26.59852558,15.28829896,,,
-26.59852558,17.05766377,,,
-26.59852558,18.82702859,,,
-26.59852558,20.5963934,,,
-26.59852558,22.36575822,,,
-26.59852558,24.13512303,,,
-26.59852558,25.90448785,,,
-26.59852558,27.67385266,,,
-26.59852558,29.44321748,,,
-26.59852558,31.2125823,,,
-26.59852558,32.98194711,,,
-26.59852558,34.75131193,,,
-26.59852558,36.52067674,,,
-26.59852558,38.29004156,,,
-26.59852558,40.05940637,,,
-24.82916077,-39.56201031,,,
-24.82916077,-37.79264549,,,
-24.82916077,-36.02328068,,,
-24.82916077,-34.25391586,,,
-24.82916077,-32.48455105,,,
-24.82916077,-27.1764566,,,
-24.82916077,-25.40709179,,,
-24.82916077,-23.63772697,,,
-24.82916077,-21.86836216,,,
-24.82916077,-20.09899734,,,
-24.82916077,-18.32963253,,,
-24.82916077,-16.56026771,,,
-24.82916077,-14.7909029,,,
-24.82916077,-13.02153808,,,
-24.82916077,-11.25217327,,,
-24.82916077,-9.482808451,,,
-24.82916077,-7.713443636,,,
-24.82916077,-5.944078821,,,
-24.82916077,-0.635984376,,,
-24.82916077,4.672110069,,,
-24.82916077,6.441474884,,,
-24.82916077,8.210839699,,,
-24.82916077,13.51893414,,,
-24.82916077,15.28829896,,,
-24.82916077,17.05766377,,,
-24.82916077,18.82702859,,,
-24.82916077,20.5963934,,,
-24.82916077,22.36575822,,,
-24.82916077,24.13512303,,,
-24.82916077,25.90448785,,,
-24.82916077,27.67385266,,,
-24.82916077,29.44321748,,,
-24.82916077,31.2125823,,,
-24.82916077,32.98194711,,,
-24.82916077,34.75131193,,,
-24.82916077,36.52067674,,,
-24.82916077,38.29004156,,,
-24.82916077,40.05940637,,,
-23.05979595,-39.56201031,,,
-23.05979595,-37.79264549,,,
-23.05979595,-36.02328068,,,
-23.05979595,-34.25391586,,,
-23.05979595,-32.48455105,,,
-23.05979595,-27.1764566,,,
-23.05979595,-25.40709179,,,
-23.05979595,-23.63772697,,,
-23.05979595,-21.86836216,,,
-23.05979595,-20.09899734,,,
-23.05979595,-18.32963253,,,
-23.05979595,-16.56026771,,,
-23.05979595,-14.7909029,,,
-23.05979595,-13.02153808,,,
-23.05979595,-11.25217327,,,
-23.05979595,-9.482808451,,,
-23.05979595,-7.713443636,,,
-23.05979595,-5.944078821,,,
-23.05979595,-4.174714006,,,
-23.05979595,-2.405349191,,,
-23.05979595,-0.635984376,,,
-23.05979595,6.441474884,,,
-23.05979595,8.210839699,,,
-23.05979595,9.980204514,,,
-23.05979595,11.74956933,,,
-23.05979595,13.51893414,,,
-23.05979595,15.28829896,,,
-23.05979595,17.05766377,,,
-23.05979595,18.82702859,,,
-23.05979595,20.5963934,,,
-23.05979595,22.36575822,,,
-23.05979595,24.13512303,,,
-23.05979595,25.90448785,,,
-23.05979595,27.67385266,,,
-23.05979595,29.44321748,,,
-23.05979595,31.2125823,,,
-23.05979595,32.98194711,,,
-23.05979595,34.75131193,,,
-23.05979595,36.52067674,,,
-23.05979595,38.29004156,,,
-23.05979595,40.05940637,,,
-21.29043114,-39.56201031,,,
-21.29043114,-37.79264549,,,
-21.29043114,-36.02328068,,,
-21.29043114,-34.25391586,,,
-21.29043114,-32.48455105,,,
-21.29043114,-30.71518623,,,
-21.29043114,-28.94582142,,,
-21.29043114,-27.1764566,,,
-21.29043114,-25.40709179,,,
-21.29043114,-23.63772697,,,
-21.29043114,-21.86836216,,,
-21.29043114,-20.09899734,,,
-21.29043114,-18.32963253,,,
-21.29043114,-16.56026771,,,
-21.29043114,-14.7909029,,,
-21.29043114,-13.02153808,,,
-21.29043114,-11.25217327,,,
-21.29043114,-9.482808451,,,
-21.29043114,-7.713443636,,,
-21.29043114,-5.944078821,,,
-21.29043114,-4.174714006,,,
-21.29043114,-2.405349191,,,
-21.29043114,6.441474884,,,
-21.29043114,8.210839699,,,
-21.29043114,9.980204514,,,
-21.29043114,11.74956933,,,
-21.29043114,13.51893414,,,
-21.29043114,15.28829896,,,
-21.29043114,17.05766377,,,
-21.29043114,18.82702859,,,
-21.29043114,20.5963934,,,
-21.29043114,22.36575822,,,
-21.29043114,24.13512303,,,
-21.29043114,25.90448785,,,
-21.29043114,27.67385266,,,
-21.29043114,29.44321748,,,
-21.29043114,31.2125823,,,
-21.29043114,32.98194711,,,
-21.29043114,34.75131193,,,
-21.29043114,36.52067674,,,
-21.29043114,38.29004156,,,
-21.29043114,40.05940637,,,
-19.52106632,-39.56201031,,,
-19.52106632,-37.79264549,,,
-19.52106632,-36.02328068,,,
-19.52106632,-34.25391586,,,
-19.52106632,-32.48455105,,,
-19.52106632,-30.71518623,,,
-19.52106632,-28.94582142,,,
-19.52106632,-27.1764566,,,
-19.52106632,-25.40709179,,,
-19.52106632,-23.63772697,,,
-19.52106632,-21.86836216,,,
-19.52106632,-20.09899734,,,
-19.52106632,-18.32963253,,,
-19.52106632,-16.56026771,,,
-19.52106632,-14.7909029,,,
-19.52106632,-13.02153808,,,
-19.52106632,-11.25217327,,,
-19.52106632,-9.482808451,,,
-19.52106632,-7.713443636,,,
-19.52106632,-4.174714006,,,
-19.52106632,-2.405349191,,,
-19.52106632,6.441474884,,,
-19.52106632,8.210839699,,,
-19.52106632,9.980204514,,,
-19.52106632,11.74956933,,,
-19.52106632,13.51893414,,,
-19.52106632,15.28829896,,,
-19.52106632,17.05766377,,,
-19.52106632,18.82702859,,,
-19.52106632,20.5963934,,,
-19.52106632,22.36575822,,,
-19.52106632,24.13512303,,,
-19.52106632,25.90448785,,,
-19.52106632,27.67385266,,,
-19.52106632,29.44321748,,,
-19.52106632,31.2125823,,,
-19.52106632,32.98194711,,,
-19.52106632,34.75131193,,,
-19.52106632,36.52067674,,,
-19.52106632,38.29004156,,,
-19.52106632,40.05940637,,,
-17.75170151,-39.56201031,,,
-17.75170151,-37.79264549,,,
-17.75170151,-36.02328068,,,
-17.75170151,-34.25391586,,,
-17.75170151,-32.48455105,,,
-17.75170151,-30.71518623,,,
-17.75170151,-28.94582142,,,
-17.75170151,-27.1764566,,,
-17.75170151,-25.40709179,,,
-17.75170151,-23.63772697,,,
-17.75170151,-21.86836216,,,
-17.75170151,-18.32963253,,,
-17.75170151,-16.56026771,,,
-17.75170151,-14.7909029,,,
-17.75170151,-13.02153808,,,
-17.75170151,-11.25217327,,,
-17.75170151,-9.482808451,,,
-17.75170151,-7.713443636,,,
-17.75170151,-2.405349191,,,
-17.75170151,4.672110069,,,
-17.75170151,6.441474884,,,
-17.75170151,8.210839699,,,
-17.75170151,9.980204514,,,
-17.75170151,11.74956933,,,
-17.75170151,13.51893414,,,
-17.75170151,15.28829896,,,
-17.75170151,17.05766377,,,
-17.75170151,18.82702859,,,
-17.75170151,20.5963934,,,
-17.75170151,22.36575822,,,
-17.75170151,24.13512303,,,
-17.75170151,25.90448785,,,
-17.75170151,27.67385266,,,
-17.75170151,29.44321748,,,
-17.75170151,31.2125823,,,
-17.75170151,32.98194711,,,
-17.75170151,34.75131193,,,
-17.75170151,36.52067674,,,
-17.75170151,38.29004156,,,
-17.75170151,40.05940637,,,
-15.98233669,-39.56201031,,,
-15.98233669,-37.79264549,,,
-15.98233669,-36.02328068,,,
-15.98233669,-34.25391586,,,
-15.98233669,-32.48455105,,,
-15.98233669,-30.71518623,,,
-15.98233669,-28.94582142,,,
-15.98233669,-27.1764566,,,
-15.98233669,-25.40709179,,,
-15.98233669,-23.63772697,,,
-15.98233669,-21.86836216,,,
-15.98233669,-16.56026771,,,
-15.98233669,-14.7909029,,,
-15.98233669,-13.02153808,,,
-15.98233669,-11.25217327,,,
-15.98233669,-9.482808451,,,
-15.98233669,-7.713443636,,,
-15.98233669,-5.944078821,,,
-15.98233669,-4.174714006,,,
-15.98233669,4.672110069,,,
-15.98233669,6.441474884,,,
-15.98233669,8.210839699,,,
-15.98233669,9.980204514,,,
-15.98233669,11.74956933,,,
-15.98233669,13.51893414,,,
-15.98233669,15.28829896,,,
-15.98233669,17.05766377,,,
-15.98233669,18.82702859,,,
-15.98233669,20.5963934,,,
-15.98233669,22.36575822,,,
-15.98233669,24.13512303,,,
-15.98233669,25.90448785,,,
-15.98233669,27.67385266,,,
-15.98233669,29.44321748,,,
-15.98233669,31.2125823,,,
-15.98233669,32.98194711,,,
-15.98233669,34.75131193,,,
-15.98233669,36.52067674,,,
-15.98233669,38.29004156,,,
-14.21297188,-39.56201031,,,
-14.21297188,-37.79264549,,,
-14.21297188,-36.02328068,,,
-14.21297188,-34.25391586,,,
-14.21297188,-32.48455105,,,
-14.21297188,-30.71518623,,,
-14.21297188,-28.94582142,,,
-14.21297188,-27.1764566,,,
-14.21297188,-25.40709179,,,
-14.21297188,-23.63772697,,,
-14.21297188,-21.86836216,,,
-14.21297188,-16.56026771,,,
-14.21297188,-14.7909029,,,
-14.21297188,-13.02153808,,,
-14.21297188,-11.25217327,,,
-14.21297188,-9.482808451,,,
-14.21297188,-7.713443636,,,
-14.21297188,-5.944078821,,,
-14.21297188,-4.174714006,,,
-14.21297188,1.133380439,,,
-14.21297188,6.441474884,,,
-14.21297188,8.210839699,,,
-14.21297188,9.980204514,,,
-14.21297188,11.74956933,,,
-14.21297188,13.51893414,,,
-14.21297188,15.28829896,,,
-14.21297188,17.05766377,,,
-14.21297188,18.82702859,,,
-14.21297188,20.5963934,,,
-14.21297188,22.36575822,,,
-14.21297188,24.13512303,,,
-14.21297188,25.90448785,,,
-14.21297188,27.67385266,,,
-14.21297188,29.44321748,,,
-14.21297188,36.52067674,,,
-14.21297188,38.29004156,,,
-12.44360706,-39.56201031,,,
-12.44360706,-37.79264549,,,
-12.44360706,-36.02328068,,,
-12.44360706,-34.25391586,,,
-12.44360706,-32.48455105,,,
-12.44360706,-30.71518623,,,
-12.44360706,-28.94582142,,,
-12.44360706,-27.1764566,,,
-12.44360706,-25.40709179,,,
-12.44360706,-23.63772697,,,
-12.44360706,-21.86836216,,,
-12.44360706,-14.7909029,,,
-12.44360706,-13.02153808,,,
-12.44360706,-11.25217327,,,
-12.44360706,-9.482808451,,,
-12.44360706,-7.713443636,,,
-12.44360706,-5.944078821,,,
-12.44360706,-0.635984376,,,
-12.44360706,1.133380439,,,
-12.44360706,2.902745254,,,
-12.44360706,4.672110069,,,
-12.44360706,6.441474884,,,
-12.44360706,11.74956933,,,
-12.44360706,13.51893414,,,
-12.44360706,15.28829896,,,
-12.44360706,17.05766377,,,
-12.44360706,18.82702859,,,
-12.44360706,20.5963934,,,
-12.44360706,22.36575822,,,
-12.44360706,24.13512303,,,
-12.44360706,25.90448785,,,
-12.44360706,27.67385266,,,
-12.44360706,29.44321748,,,
-12.44360706,36.52067674,,,
-12.44360706,38.29004156,,,
-12.44360706,40.05940637,,,
-10.67424225,-39.56201031,,,
-10.67424225,-37.79264549,,,
-10.67424225,-36.02328068,,,
-10.67424225,-34.25391586,,,
-10.67424225,-32.48455105,,,
-10.67424225,-30.71518623,,,
-10.67424225,-28.94582142,,,
-10.67424225,-27.1764566,,,
-10.67424225,-25.40709179,,,
-10.67424225,-23.63772697,,,
-10.67424225,-21.86836216,,,
-10.67424225,-20.09899734,,,
-10.67424225,-16.56026771,,,
-10.67424225,-14.7909029,,,
-10.67424225,-13.02153808,,,
-10.67424225,-11.25217327,,,
-10.67424225,-9.482808451,,,
-10.67424225,-7.713443636,,,
-10.67424225,-5.944078821,,,
-10.67424225,-0.635984376,,,
-10.67424225,1.133380439,,,
-10.67424225,2.902745254,,,
-10.67424225,4.672110069,,,
-10.67424225,6.441474884,,,
-10.67424225,8.210839699,,,
-10.67424225,9.980204514,,,
-10.67424225,11.74956933,,,
-10.67424225,13.51893414,,,
-10.67424225,15.28829896,,,
-10.67424225,17.05766377,,,
-10.67424225,18.82702859,,,
-10.67424225,20.5963934,,,
-10.67424225,22.36575822,,,
-10.67424225,24.13512303,,,
-10.67424225,25.90448785,,,
-10.67424225,27.67385266,,,
-10.67424225,29.44321748,,,
-10.67424225,36.52067674,,,
-10.67424225,38.29004156,,,
-10.67424225,40.05940637,,,
-8.90487743,-39.56201031,,,
-8.90487743,-37.79264549,,,
-8.90487743,-36.02328068,,,
-8.90487743,-34.25391586,,,
-8.90487743,-32.48455105,,,
-8.90487743,-30.71518623,,,
-8.90487743,-28.94582142,,,
-8.90487743,-27.1764566,,,
-8.90487743,-25.40709179,,,
-8.90487743,-23.63772697,,,
-8.90487743,-21.86836216,,,
-8.90487743,-20.09899734,,,
-8.90487743,-18.32963253,,,
-8.90487743,-16.56026771,,,
-8.90487743,-14.7909029,,,
-8.90487743,-13.02153808,,,
-8.90487743,-11.25217327,,,
-8.90487743,-9.482808451,,,
-8.90487743,-7.713443636,,,
-8.90487743,-5.944078821,,,
-8.90487743,-4.174714006,,,
-8.90487743,-2.405349191,,,
-8.90487743,-0.635984376,,,
-8.90487743,1.133380439,,,
-8.90487743,2.902745254,,,
-8.90487743,4.672110069,,,
-8.90487743,6.441474884,,,
-8.90487743,8.210839699,,,
-8.90487743,9.980204514,,,
-8.90487743,11.74956933,,,
-8.90487743,13.51893414,,,
-8.90487743,15.28829896,,,
-8.90487743,17.05766377,,,
-8.90487743,18.82702859,,,
-8.90487743,20.5963934,,,
-8.90487743,22.36575822,,,
-8.90487743,24.13512303,,,
-8.90487743,25.90448785,,,
-8.90487743,27.67385266,,,
-8.90487743,29.44321748,,,
-8.90487743,31.2125823,,,
-8.90487743,32.98194711,,,
-8.90487743,34.75131193,,,
-8.90487743,36.52067674,,,
-8.90487743,38.29004156,,,
-8.90487743,40.05940637,,,
-7.135512615,-39.56201031,,,
-7.135512615,-37.79264549,,,
-7.135512615,-36.02328068,,,
-7.135512615,-34.25391586,,,
-7.135512615,-32.48455105,,,
-7.135512615,-30.71518623,,,
-7.135512615,-28.94582142,,,
-7.135512615,-27.1764566,,,
-7.135512615,-25.40709179,,,
-7.135512615,-23.63772697,,,
-7.135512615,-21.86836216,,,
-7.135512615,-20.09899734,,,
-7.135512615,-18.32963253,,,
-7.135512615,-16.56026771,,,
-7.135512615,-14.7909029,,,
-7.135512615,-13.02153808,,,
-7.135512615,-11.25217327,,,
-7.135512615,-9.482808451,,,
-7.135512615,-7.713443636,,,
-7.135512615,-5.944078821,,,
-7.135512615,-4.174714006,,,
-7.135512615,-2.405349191,,,
-7.135512615,-0.635984376,,,
-7.135512615,1.133380439,,,
-7.135512615,2.902745254,,,
-7.135512615,4.672110069,,,
-7.135512615,6.441474884,,,
-7.135512615,8.210839699,,,
-7.135512615,9.980204514,,,
-7.135512615,11.74956933,,,
-7.135512615,13.51893414,,,
-7.135512615,15.28829896,,,
-7.135512615,17.05766377,,,
-7.135512615,18.82702859,,,
-7.135512615,20.5963934,,,
-7.135512615,22.36575822,,,
-7.135512615,24.13512303,,,
-7.135512615,25.90448785,,,
-7.135512615,27.67385266,,,
-7.135512615,29.44321748,,,
-7.135512615,31.2125823,,,
-7.135512615,32.98194711,,,
-7.135512615,34.75131193,,,
-7.135512615,36.52067674,,,
-7.135512615,38.29004156,,,
-7.135512615,40.05940637,,,
-5.3661478,-39.56201031,,,
-5.3661478,-37.79264549,,,
-5.3661478,-36.02328068,,,
-5.3661478,-34.25391586,,,
-5.3661478,-32.48455105,,,
-5.3661478,-30.71518623,,,
-5.3661478,-28.94582142,,,
-5.3661478,-27.1764566,,,
-5.3661478,-25.40709179,,,
-5.3661478,-23.63772697,,,
-5.3661478,-21.86836216,,,
-5.3661478,-20.09899734,,,
-5.3661478,-18.32963253,,,
-5.3661478,-16.56026771,,,
-5.3661478,-14.7909029,,,
-5.3661478,-13.02153808,,,
-5.3661478,-11.25217327,,,
-5.3661478,-9.482808451,,,
-5.3661478,-7.713443636,,,
-5.3661478,-5.944078821,,,
-5.3661478,-4.174714006,,,
-5.3661478,-2.405349191,,,
-5.3661478,-0.635984376,,,
-5.3661478,1.133380439,,,
-5.3661478,2.902745254,,,
-5.3661478,4.672110069,,,
-5.3661478,6.441474884,,,
-5.3661478,8.210839699,,,
-5.3661478,9.980204514,,,
-5.3661478,11.74956933,,,
-5.3661478,13.51893414,,,
-5.3661478,15.28829896,,,
-5.3661478,17.05766377,,,
-5.3661478,18.82702859,,,
-5.3661478,20.5963934,,,
-5.3661478,22.36575822,,,
-5.3661478,24.13512303,,,
-5.3661478,25.90448785,,,
-5.3661478,27.67385266,,,
-5.3661478,29.44321748,,,
-5.3661478,31.2125823,,,
-5.3661478,32.98194711,,,
-5.3661478,34.75131193,,,
-5.3661478,36.52067674,,,
-5.3661478,38.29004156,,,
-5.3661478,40.05940637,,,
-3.596782985,-39.56201031,,,
-3.596782985,-37.79264549,,,
-3.596782985,-36.02328068,,,
-3.596782985,-34.25391586,,,
-3.596782985,-32.48455105,,,
-3.596782985,-30.71518623,,,
-3.596782985,-28.94582142,,,
-3.596782985,-27.1764566,,,
-3.596782985,-25.40709179,,,
-3.596782985,-23.63772697,,,
-3.596782985,-21.86836216,,,
-3.596782985,-20.09899734,,,
-3.596782985,-18.32963253,,,
-3.596782985,-16.56026771,,,
-3.596782985,-14.7909029,,,
-3.596782985,-13.02153808,,,
-3.596782985,-11.25217327,,,
-3.596782985,-9.482808451,,,
-3.596782985,-7.713443636,,,
-3.596782985,-5.944078821,,,
-3.596782985,-4.174714006,,,
-3.596782985,-2.405349191,,,
-3.596782985,-0.635984376,,,
-3.596782985,1.133380439,,,
-3.596782985,2.902745254,,,
-3.596782985,4.672110069,,,
-3.596782985,6.441474884,,,
-3.596782985,8.210839699,,,
-3.596782985,9.980204514,,,
-3.596782985,11.74956933,,,
-3.596782985,13.51893414,,,
-3.596782985,15.28829896,,,
-3.596782985,17.05766377,,,
-3.596782985,18.82702859,,,
-3.596782985,20.5963934,,,
-3.596782985,22.36575822,,,
-3.596782985,24.13512303,,,
-3.596782985,25.90448785,,,
-3.596782985,27.67385266,,,
-3.596782985,29.44321748,,,
-3.596782985,31.2125823,,,
-3.596782985,32.98194711,,,
-3.596782985,34.75131193,,,
-3.596782985,36.52067674,,,
-3.596782985,38.29004156,,,
-3.596782985,40.05940637,,,
-1.82741817,-39.56201031,,,
-1.82741817,-37.79264549,,,
-1.82741817,-36.02328068,,,
-1.82741817,-34.25391586,,,
-1.82741817,-32.48455105,,,
-1.82741817,-30.71518623,,,
-1.82741817,-28.94582142,,,
-1.82741817,-27.1764566,,,
-1.82741817,-25.40709179,,,
-1.82741817,-23.63772697,,,
-1.82741817,-21.86836216,,,
-1.82741817,-20.09899734,,,
-1.82741817,-18.32963253,,,
-1.82741817,-16.56026771,,,
-1.82741817,-14.7909029,,,
-1.82741817,-13.02153808,,,
-1.82741817,-11.25217327,,,
-1.82741817,-9.482808451,,,
-1.82741817,-7.713443636,,,
-1.82741817,-5.944078821,,,
-1.82741817,-4.174714006,,,
-1.82741817,-2.405349191,,,
-1.82741817,-0.635984376,,,
-1.82741817,1.133380439,,,
-1.82741817,2.902745254,,,
-1.82741817,4.672110069,,,
-1.82741817,6.441474884,,,
-1.82741817,8.210839699,,,
-1.82741817,9.980204514,,,
-1.82741817,11.74956933,,,
-1.82741817,13.51893414,,,
-1.82741817,15.28829896,,,
-1.82741817,17.05766377,,,
-1.82741817,18.82702859,,,
-1.82741817,20.5963934,,,
-1.82741817,22.36575822,,,
-1.82741817,24.13512303,,,
-1.82741817,25.90448785,,,
-1.82741817,27.67385266,,,
-1.82741817,29.44321748,,,
-1.82741817,31.2125823,,,
-1.82741817,32.98194711,,,
-1.82741817,34.75131193,,,
-1.82741817,36.52067674,,,
-1.82741817,38.29004156,,,
-1.82741817,40.05940637,,,
-0.058053355,-34.25391586,,,
-0.058053355,-32.48455105,,,
-0.058053355,-30.71518623,,,
-0.058053355,-28.94582142,,,
-0.058053355,-27.1764566,,,
-0.058053355,-25.40709179,,,
-0.058053355,-23.63772697,,,
-0.058053355,-21.86836216,,,
-0.058053355,-20.09899734,,,
-0.058053355,-18.32963253,,,
-0.058053355,-16.56026771,,,
-0.058053355,-14.7909029,,,
-0.058053355,-13.02153808,,,
-0.058053355,-11.25217327,,,
-0.058053355,-9.482808451,,,
-0.058053355,-7.713443636,,,
-0.058053355,-5.944078821,,,
-0.058053355,-4.174714006,,,
-0.058053355,-2.405349191,,,
-0.058053355,-0.635984376,,,
-0.058053355,1.133380439,,,
-0.058053355,2.902745254,,,
-0.058053355,4.672110069,,,
-0.058053355,6.441474884,,,
-0.058053355,8.210839699,,,
-0.058053355,9.980204514,,,
-0.058053355,11.74956933,,,
-0.058053355,13.51893414,,,
-0.058053355,15.28829896,,,
-0.058053355,17.05766377,,,
-0.058053355,18.82702859,,,
-0.058053355,20.5963934,,,
-0.058053355,22.36575822,,,
-0.058053355,24.13512303,,,
-0.058053355,25.90448785,,,
-0.058053355,27.67385266,,,
-0.058053355,29.44321748,,,
-0.058053355,31.2125823,,,
-0.058053355,32.98194711,,,
-0.058053355,34.75131193,,,
-0.058053355,36.52067674,,,
-0.058053355,38.29004156,,,
-0.058053355,40.05940637,,,
1.71131146,-34.25391586,,,
1.71131146,-32.48455105,,,
1.71131146,-30.71518623,,,
1.71131146,-28.94582142,,,
1.71131146,-27.1764566,,,
1.71131146,-25.40709179,,,
1.71131146,-23.63772697,,,
1.71131146,-21.86836216,,,
1.71131146,-20.09899734,,,
1.71131146,-18.32963253,,,
1.71131146,-16.56026771,,,
1.71131146,-14.7909029,,,
1.71131146,-13.02153808,,,
1.71131146,-11.25217327,,,
1.71131146,-9.482808451,,,
1.71131146,-7.713443636,,,
1.71131146,-5.944078821,,,
1.71131146,-4.174714006,,,
1.71131146,-2.405349191,,,
1.71131146,-0.635984376,,,
1.71131146,1.133380439,,,
1.71131146,2.902745254,,,
1.71131146,4.672110069,,,
1.71131146,6.441474884,,,
1.71131146,8.210839699,,,
1.71131146,9.980204514,,,
1.71131146,11.74956933,,,
1.71131146,13.51893414,,,
1.71131146,15.28829896,,,
1.71131146,17.05766377,,,
1.71131146,18.82702859,,,
1.71131146,20.5963934,,,
1.71131146,22.36575822,,,
1.71131146,24.13512303,,,
1.71131146,25.90448785,,,
1.71131146,27.67385266,,,
1.71131146,29.44321748,,,
1.71131146,31.2125823,,,
1.71131146,32.98194711,,,
1.71131146,34.75131193,,,
1.71131146,36.52067674,,,
1.71131146,38.29004156,,,
1.71131146,40.05940637,,,
3.480676275,-34.25391586,,,
3.480676275,-32.48455105,,,
3.480676275,-30.71518623,,,
3.480676275,-28.94582142,,,
3.480676275,-27.1764566,,,
3.480676275,-25.40709179,,,
3.480676275,-23.63772697,,,
3.480676275,-21.86836216,,,
3.480676275,-20.09899734,,,
3.480676275,-18.32963253,,,
3.480676275,-16.56026771,,,
3.480676275,-13.02153808,,,
3.480676275,-11.25217327,,,
3.480676275,-9.482808451,,,
3.480676275,-7.713443636,,,
3.480676275,-5.944078821,,,
3.480676275,-4.174714006,,,
3.480676275,-2.405349191,,,
3.480676275,-0.635984376,,,
3.480676275,1.133380439,,,
3.480676275,2.902745254,,,
3.480676275,4.672110069,,,
3.480676275,6.441474884,,,
3.480676275,8.210839699,,,
3.480676275,9.980204514,,,
3.480676275,11.74956933,,,
3.480676275,13.51893414,,,
3.480676275,15.28829896,,,
3.480676275,17.05766377,,,
3.480676275,18.82702859,,,
3.480676275,20.5963934,,,
3.480676275,22.36575822,,,
3.480676275,24.13512303,,,
3.480676275,25.90448785,,,
3.480676275,27.67385266,,,
3.480676275,29.44321748,,,
3.480676275,31.2125823,,,
3.480676275,32.98194711,,,
3.480676275,34.75131193,,,
3.480676275,36.52067674,,,
3.480676275,38.29004156,,,
3.480676275,40.05940637,,,
5.25004109,-36.02328068,,,
5.25004109,-34.25391586,,,
5.25004109,-32.48455105,,,
5.25004109,-30.71518623,,,
5.25004109,-28.94582142,,,
5.25004109,-27.1764566,,,
5.25004109,-25.40709179,,,
5.25004109,-23.63772697,,,
5.25004109,-21.86836216,,,
5.25004109,-20.09899734,,,
5.25004109,-18.32963253,,,
5.25004109,-9.482808451,,,
5.25004109,-7.713443636,,,
5.25004109,-5.944078821,,,
5.25004109,-4.174714006,,,
5.25004109,-2.405349191,,,
5.25004109,-0.635984376,,,
5.25004109,1.133380439,,,
5.25004109,2.902745254,,,
5.25004109,4.672110069,,,
5.25004109,8.210839699,,,
5.25004109,9.980204514,,,
5.25004109,11.74956933,,,
5.25004109,13.51893414,,,
5.25004109,15.28829896,,,
5.25004109,17.05766377,,,
5.25004109,18.82702859,,,
5.25004109,20.5963934,,,
5.25004109,22.36575822,,,
5.25004109,24.13512303,,,
5.25004109,25.90448785,,,
5.25004109,27.67385266,,,
5.25004109,29.44321748,,,
5.25004109,31.2125823,,,
5.25004109,32.98194711,,,
5.25004109,34.75131193,,,
5.25004109,36.52067674,,,
5.25004109,38.29004156,,,
5.25004109,40.05940637,,,
7.019405905,-39.56201031,,,
7.019405905,-34.25391586,,,
7.019405905,-32.48455105,,,
7.019405905,-30.71518623,,,
7.019405905,-28.94582142,,,
7.019405905,-27.1764566,,,
7.019405905,-25.40709179,,,
7.019405905,-23.63772697,,,
7.019405905,-21.86836216,,,
7.019405905,-20.09899734,,,
7.019405905,-18.32963253,,,
7.019405905,-9.482808451,,,
7.019405905,-7.713443636,,,
7.019405905,-5.944078821,,,
7.019405905,-4.174714006,,,
7.019405905,-2.405349191,,,
7.019405905,-0.635984376,,,
7.019405905,1.133380439,,,
7.019405905,2.902745254,,,
7.019405905,9.980204514,,,
7.019405905,11.74956933,,,
7.019405905,13.51893414,,,
7.019405905,15.28829896,,,
7.019405905,17.05766377,,,
7.019405905,18.82702859,,,
7.019405905,20.5963934,,,
7.019405905,27.67385266,,,
7.019405905,29.44321748,,,
7.019405905,31.2125823,,,
7.019405905,32.98194711,,,
7.019405905,34.75131193,,,
7.019405905,36.52067674,,,
7.019405905,38.29004156,,,
7.019405905,40.05940637,,,
8.788770721,-39.56201031,,,
8.788770721,-37.79264549,,,
8.788770721,-36.02328068,,,
8.788770721,-34.25391586,,,
8.788770721,-32.48455105,,,
8.788770721,-30.71518623,,,
8.788770721,-28.94582142,,,
8.788770721,-27.1764566,,,
8.788770721,-25.40709179,,,
8.788770721,-23.63772697,,,
8.788770721,-21.86836216,,,
8.788770721,-20.09899734,,,
8.788770721,-18.32963253,,,
8.788770721,-9.482808451,,,
8.788770721,-7.713443636,,,
8.788770721,-5.944078821,,,
8.788770721,-4.174714006,,,
8.788770721,-2.405349191,,,
8.788770721,-0.635984376,,,
8.788770721,1.133380439,,,
8.788770721,2.902745254,,,
8.788770721,8.210839699,,,
8.788770721,9.980204514,,,
8.788770721,11.74956933,,,
8.788770721,13.51893414,,,
8.788770721,15.28829896,,,
8.788770721,17.05766377,,,
8.788770721,18.82702859,,,
8.788770721,20.5963934,,,
8.788770721,36.52067674,,,
8.788770721,38.29004156,,,
8.788770721,40.05940637,,,
10.55813554,-39.56201031,,,
10.55813554,-37.79264549,,,
10.55813554,-36.02328068,,,
10.55813554,-34.25391586,,,
10.55813554,-32.48455105,,,
10.55813554,-30.71518623,,,
10.55813554,-28.94582142,,,
10.55813554,-27.1764566,,,
10.55813554,-25.40709179,,,
10.55813554,-23.63772697,,,
10.55813554,-21.86836216,,,
10.55813554,-20.09899734,,,
10.55813554,-18.32963253,,,
10.55813554,-16.56026771,,,
10.55813554,-9.482808451,,,
10.55813554,-7.713443636,,,
10.55813554,-5.944078821,,,
10.55813554,-4.174714006,,,
10.55813554,-2.405349191,,,
10.55813554,-0.635984376,,,
10.55813554,1.133380439,,,
10.55813554,2.902745254,,,
10.55813554,8.210839699,,,
10.55813554,9.980204514,,,
10.55813554,11.74956933,,,
10.55813554,13.51893414,,,
10.55813554,15.28829896,,,
10.55813554,17.05766377,,,
10.55813554,18.82702859,,,
10.55813554,20.5963934,,,
10.55813554,22.36575822,,,
10.55813554,24.13512303,,,
10.55813554,25.90448785,,,
10.55813554,36.52067674,,,
10.55813554,38.29004156,,,
10.55813554,40.05940637,,,
12.32750035,-39.56201031,,,
12.32750035,-37.79264549,,,
12.32750035,-36.02328068,,,
12.32750035,-34.25391586,,,
12.32750035,-32.48455105,,,
12.32750035,-30.71518623,,,
12.32750035,-28.94582142,,,
12.32750035,-27.1764566,,,
12.32750035,-25.40709179,,,
12.32750035,-23.63772697,,,
12.32750035,-21.86836216,,,
12.32750035,-20.09899734,,,
12.32750035,-18.32963253,,,
12.32750035,-16.56026771,,,
12.32750035,-14.7909029,,,
12.32750035,-13.02153808,,,
12.32750035,-7.713443636,,,
12.32750035,-5.944078821,,,
12.32750035,-4.174714006,,,
12.32750035,-2.405349191,,,
12.32750035,-0.635984376,,,
12.32750035,1.133380439,,,
12.32750035,2.902745254,,,
12.32750035,4.672110069,,,
12.32750035,9.980204514,,,
12.32750035,11.74956933,,,
12.32750035,13.51893414,,,
12.32750035,15.28829896,,,
12.32750035,17.05766377,,,
12.32750035,18.82702859,,,
12.32750035,20.5963934,,,
12.32750035,22.36575822,,,
12.32750035,24.13512303,,,
12.32750035,25.90448785,,,
12.32750035,27.67385266,,,
12.32750035,31.2125823,,,
12.32750035,32.98194711,,,
12.32750035,34.75131193,,,
12.32750035,36.52067674,,,
12.32750035,38.29004156,,,
12.32750035,40.05940637,,,
14.09686517,-39.56201031,,,
14.09686517,-37.79264549,,,
14.09686517,-36.02328068,,,
14.09686517,-34.25391586,,,
14.09686517,-32.48455105,,,
14.09686517,-30.71518623,,,
14.09686517,-28.94582142,,,
14.09686517,-27.1764566,,,
14.09686517,-25.40709179,,,
14.09686517,-23.63772697,,,
14.09686517,-21.86836216,,,
14.09686517,-20.09899734,,,
14.09686517,-18.32963253,,,
14.09686517,-16.56026771,,,
14.09686517,-14.7909029,,,
14.09686517,-13.02153808,,,
14.09686517,-11.25217327,,,
14.09686517,-9.482808451,,,
14.09686517,-7.713443636,,,
14.09686517,-5.944078821,,,
14.09686517,-4.174714006,,,
14.09686517,-2.405349191,,,
14.09686517,-0.635984376,,,
14.09686517,1.133380439,,,
14.09686517,2.902745254,,,
14.09686517,4.672110069,,,
14.09686517,6.441474884,,,
14.09686517,8.210839699,,,
14.09686517,9.980204514,,,
14.09686517,11.74956933,,,
14.09686517,13.51893414,,,
14.09686517,15.28829896,,,
14.09686517,17.05766377,,,
14.09686517,18.82702859,,,
14.09686517,20.5963934,,,
14.09686517,22.36575822,,,
14.09686517,24.13512303,,,
14.09686517,25.90448785,,,
14.09686517,27.67385266,,,
14.09686517,32.98194711,,,
14.09686517,34.75131193,,,
14.09686517,36.52067674,,,
14.09686517,38.29004156,,,
14.09686517,40.05940637,,,
15.86622998,-39.56201031,,,
15.86622998,-37.79264549,,,
15.86622998,-36.02328068,,,
15.86622998,-34.25391586,,,
15.86622998,-32.48455105,,,
15.86622998,-30.71518623,,,
15.86622998,-28.94582142,,,
15.86622998,-27.1764566,,,
15.86622998,-25.40709179,,,
15.86622998,-23.63772697,,,
15.86622998,-21.86836216,,,
15.86622998,-20.09899734,,,
15.86622998,-18.32963253,,,
15.86622998,-16.56026771,,,
15.86622998,-14.7909029,,,
15.86622998,-13.02153808,,,
15.86622998,-11.25217327,,,
15.86622998,-9.482808451,,,
15.86622998,-7.713443636,,,
15.86622998,-5.944078821,,,
15.86622998,-4.174714006,,,
15.86622998,-2.405349191,,,
15.86622998,-0.635984376,,,
15.86622998,1.133380439,,,
15.86622998,2.902745254,,,
15.86622998,4.672110069,,,
15.86622998,6.441474884,,,
15.86622998,8.210839699,,,
15.86622998,9.980204514,,,
15.86622998,11.74956933,,,
15.86622998,13.51893414,,,
15.86622998,15.28829896,,,
15.86622998,17.05766377,,,
15.86622998,18.82702859,,,
15.86622998,20.5963934,,,
15.86622998,22.36575822,,,
15.86622998,24.13512303,,,
15.86622998,25.90448785,,,
15.86622998,27.67385266,,,
15.86622998,29.44321748,,,
15.86622998,31.2125823,,,
15.86622998,32.98194711,,,
15.86622998,34.75131193,,,
15.86622998,36.52067674,,,
15.86622998,38.29004156,,,
15.86622998,40.05940637,,,
17.6355948,-39.56201031,,,
17.6355948,-37.79264549,,,
17.6355948,-36.02328068,,,
17.6355948,-34.25391586,,,
17.6355948,-32.48455105,,,
17.6355948,-30.71518623,,,
17.6355948,-28.94582142,,,
17.6355948,-27.1764566,,,
17.6355948,-25.40709179,,,
17.6355948,-23.63772697,,,
17.6355948,-21.86836216,,,
17.6355948,-20.09899734,,,
17.6355948,-18.32963253,,,
17.6355948,-11.25217327,,,
17.6355948,-9.482808451,,,
17.6355948,-7.713443636,,,
17.6355948,-5.944078821,,,
17.6355948,-4.174714006,,,
17.6355948,-2.405349191,,,
17.6355948,-0.635984376,,,
17.6355948,1.133380439,,,
17.6355948,2.902745254,,,
17.6355948,4.672110069,,,
17.6355948,6.441474884,,,
17.6355948,8.210839699,,,
17.6355948,9.980204514,,,
17.6355948,11.74956933,,,
17.6355948,13.51893414,,,
17.6355948,15.28829896,,,
17.6355948,17.05766377,,,
17.6355948,18.82702859,,,
17.6355948,20.5963934,,,
17.6355948,22.36575822,,,
17.6355948,24.13512303,,,
17.6355948,25.90448785,,,
17.6355948,27.67385266,,,
17.6355948,29.44321748,,,
17.6355948,31.2125823,,,
17.6355948,32.98194711,,,
17.6355948,34.75131193,,,
17.6355948,36.52067674,,,
17.6355948,38.29004156,,,
17.6355948,40.05940637,,,
19.40495961,-39.56201031,,,
19.40495961,-37.79264549,,,
19.40495961,-36.02328068,,,
19.40495961,-34.25391586,,,
19.40495961,-32.48455105,,,
19.40495961,-30.71518623,,,
19.40495961,-28.94582142,,,
19.40495961,-27.1764566,,,
19.40495961,-25.40709179,,,
19.40495961,-23.63772697,,,
19.40495961,-21.86836216,,,
19.40495961,-20.09899734,,,
19.40495961,-18.32963253,,,
19.40495961,-11.25217327,,,
19.40495961,-9.482808451,,,
19.40495961,-7.713443636,,,
19.40495961,-5.944078821,,,
19.40495961,-4.174714006,,,
19.40495961,-2.405349191,,,
19.40495961,-0.635984376,,,
19.40495961,1.133380439,,,
19.40495961,2.902745254,,,
19.40495961,4.672110069,,,
19.40495961,6.441474884,,,
19.40495961,8.210839699,,,
19.40495961,9.980204514,,,
19.40495961,11.74956933,,,
19.40495961,13.51893414,,,
19.40495961,15.28829896,,,
19.40495961,17.05766377,,,
19.40495961,18.82702859,,,
19.40495961,20.5963934,,,
19.40495961,22.36575822,,,
19.40495961,24.13512303,,,
19.40495961,25.90448785,,,
19.40495961,27.67385266,,,
19.40495961,29.44321748,,,
19.40495961,31.2125823,,,
19.40495961,32.98194711,,,
19.40495961,34.75131193,,,
19.40495961,36.52067674,,,
19.40495961,38.29004156,,,
19.40495961,40.05940637,,,
21.17432443,-39.56201031,,,
21.17432443,-37.79264549,,,
21.17432443,-36.02328068,,,
21.17432443,-34.25391586,,,
21.17432443,-32.48455105,,,
21.17432443,-30.71518623,,,
21.17432443,-28.94582142,,,
21.17432443,-27.1764566,,,
21.17432443,-25.40709179,,,
21.17432443,-23.63772697,,,
21.17432443,-21.86836216,,,
21.17432443,-20.09899734,,,
21.17432443,-18.32963253,,,
21.17432443,-16.56026771,,,
21.17432443,-14.7909029,,,
21.17432443,-13.02153808,,,
21.17432443,-11.25217327,,,
21.17432443,-9.482808451,,,
21.17432443,-7.713443636,,,
21.17432443,-5.944078821,,,
21.17432443,-4.174714006,,,
21.17432443,-2.405349191,,,
21.17432443,-0.635984376,,,
21.17432443,1.133380439,,,
21.17432443,2.902745254,,,
21.17432443,4.672110069,,,
21.17432443,6.441474884,,,
21.17432443,8.210839699,,,
21.17432443,9.980204514,,,
21.17432443,11.74956933,,,
21.17432443,13.51893414,,,
21.17432443,15.28829896,,,
21.17432443,17.05766377,,,
21.17432443,18.82702859,,,
21.17432443,20.5963934,,,
21.17432443,22.36575822,,,
21.17432443,24.13512303,,,
21.17432443,25.90448785,,,
21.17432443,27.67385266,,,
21.17432443,29.44321748,,,
21.17432443,31.2125823,,,
21.17432443,32.98194711,,,
21.17432443,34.75131193,,,
21.17432443,36.52067674,,,
21.17432443,38.29004156,,,
21.17432443,40.05940637,,,
22.94368924,-39.56201031,,,
22.94368924,-37.79264549,,,
22.94368924,-36.02328068,,,
22.94368924,-34.25391586,,,
22.94368924,-32.48455105,,,
22.94368924,-30.71518623,,,
22.94368924,-28.94582142,,,
22.94368924,-27.1764566,,,
22.94368924,-25.40709179,,,
22.94368924,-23.63772697,,,
22.94368924,-21.86836216,,,
22.94368924,-20.09899734,,,
22.94368924,-18.32963253,,,
22.94368924,-13.02153808,,,
22.94368924,-11.25217327,,,
22.94368924,-9.482808451,,,
22.94368924,-7.713443636,,,
22.94368924,-5.944078821,,,
22.94368924,-4.174714006,,,
22.94368924,-2.405349191,,,
22.94368924,-0.635984376,,,
22.94368924,1.133380439,,,
22.94368924,2.902745254,,,
22.94368924,4.672110069,,,
22.94368924,6.441474884,,,
22.94368924,8.210839699,,,
22.94368924,9.980204514,,,
22.94368924,11.74956933,,,
22.94368924,13.51893414,,,
22.94368924,15.28829896,,,
22.94368924,17.05766377,,,
22.94368924,18.82702859,,,
22.94368924,20.5963934,,,
22.94368924,22.36575822,,,
22.94368924,24.13512303,,,
22.94368924,25.90448785,,,
22.94368924,27.67385266,,,
22.94368924,29.44321748,,,
22.94368924,31.2125823,,,
22.94368924,32.98194711,,,
22.94368924,34.75131193,,,
22.94368924,36.52067674,,,
22.94368924,38.29004156,,,
22.94368924,40.05940637,,,
24.71305406,-39.56201031,,,
24.71305406,-37.79264549,,,
24.71305406,-36.02328068,,,
24.71305406,-34.25391586,,,
24.71305406,-32.48455105,,,
24.71305406,-30.71518623,,,
24.71305406,-28.94582142,,,
24.71305406,-27.1764566,,,
24.71305406,-25.40709179,,,
24.71305406,-23.63772697,,,
24.71305406,-21.86836216,,,
24.71305406,-20.09899734,,,
24.71305406,-13.02153808,,,
24.71305406,-11.25217327,,,
24.71305406,-9.482808451,,,
24.71305406,-7.713443636,,,
24.71305406,-5.944078821,,,
24.71305406,-4.174714006,,,
24.71305406,-2.405349191,,,
24.71305406,-0.635984376,,,
24.71305406,1.133380439,,,
24.71305406,2.902745254,,,
24.71305406,4.672110069,,,
24.71305406,6.441474884,,,
24.71305406,8.210839699,,,
24.71305406,9.980204514,,,
24.71305406,11.74956933,,,
24.71305406,13.51893414,,,
24.71305406,15.28829896,,,
24.71305406,17.05766377,,,
24.71305406,18.82702859,,,
24.71305406,20.5963934,,,
24.71305406,22.36575822,,,
24.71305406,24.13512303,,,
24.71305406,25.90448785,,,
24.71305406,27.67385266,,,
24.71305406,29.44321748,,,
24.71305406,31.2125823,,,
24.71305406,32.98194711,,,
24.71305406,34.75131193,,,
24.71305406,36.52067674,,,
24.71305406,38.29004156,,,
24.71305406,40.05940637,,,
26.48241887,-39.56201031,,,
26.48241887,-37.79264549,,,
26.48241887,-36.02328068,,,
26.48241887,-34.25391586,,,
26.48241887,-32.48455105,,,
26.48241887,-30.71518623,,,
26.48241887,-28.94582142,,,
26.48241887,-27.1764566,,,
26.48241887,-25.40709179,,,
26.48241887,-23.63772697,,,
26.48241887,-21.86836216,,,
26.48241887,-20.09899734,,,
26.48241887,-18.32963253,,,
26.48241887,-13.02153808,,,
26.48241887,-11.25217327,,,
26.48241887,-9.482808451,,,
26.48241887,-7.713443636,,,
26.48241887,-5.944078821,,,
26.48241887,-4.174714006,,,
26.48241887,-2.405349191,,,
26.48241887,-0.635984376,,,
26.48241887,1.133380439,,,
26.48241887,2.902745254,,,
26.48241887,4.672110069,,,
26.48241887,6.441474884,,,
26.48241887,8.210839699,,,
26.48241887,9.980204514,,,
26.48241887,11.74956933,,,
26.48241887,13.51893414,,,
26.48241887,15.28829896,,,
26.48241887,17.05766377,,,
26.48241887,18.82702859,,,
26.48241887,20.5963934,,,
26.48241887,22.36575822,,,
26.48241887,24.13512303,,,
26.48241887,25.90448785,,,
26.48241887,27.67385266,,,
26.48241887,29.44321748,,,
26.48241887,31.2125823,,,
26.48241887,32.98194711,,,
26.48241887,34.75131193,,,
26.48241887,36.52067674,,,
26.48241887,38.29004156,,,
26.48241887,40.05940637,,,
28.25178369,-39.56201031,,,
28.25178369,-37.79264549,,,
28.25178369,-36.02328068,,,
28.25178369,-34.25391586,,,
28.25178369,-32.48455105,,,
28.25178369,-30.71518623,,,
28.25178369,-28.94582142,,,
28.25178369,-27.1764566,,,
28.25178369,-25.40709179,,,
28.25178369,-23.63772697,,,
28.25178369,-21.86836216,,,
28.25178369,-20.09899734,,,
28.25178369,-18.32963253,,,
28.25178369,-16.56026771,,,
28.25178369,-14.7909029,,,
28.25178369,-13.02153808,,,
28.25178369,-11.25217327,,,
28.25178369,-9.482808451,,,
28.25178369,-7.713443636,,,
28.25178369,-5.944078821,,,
28.25178369,-4.174714006,,,
28.25178369,-2.405349191,,,
28.25178369,-0.635984376,,,
28.25178369,1.133380439,,,
28.25178369,2.902745254,,,
28.25178369,4.672110069,,,
28.25178369,6.441474884,,,
28.25178369,8.210839699,,,
28.25178369,9.980204514,,,
28.25178369,11.74956933,,,
28.25178369,13.51893414,,,
28.25178369,15.28829896,,,
28.25178369,17.05766377,,,
28.25178369,18.82702859,,,
28.25178369,20.5963934,,,
28.25178369,22.36575822,,,
28.25178369,24.13512303,,,
28.25178369,25.90448785,,,
28.25178369,29.44321748,,,
28.25178369,31.2125823,,,
28.25178369,32.98194711,,,
28.25178369,34.75131193,,,
28.25178369,36.52067674,,,
28.25178369,38.29004156,,,
28.25178369,40.05940637,,,
30.0211485,-39.56201031,,,
30.0211485,-37.79264549,,,
30.0211485,-36.02328068,,,
30.0211485,-34.25391586,,,
30.0211485,-32.48455105,,,
30.0211485,-30.71518623,,,
30.0211485,-28.94582142,,,
30.0211485,-27.1764566,,,
30.0211485,-25.40709179,,,
30.0211485,-23.63772697,,,
30.0211485,-21.86836216,,,
30.0211485,-20.09899734,,,
30.0211485,-18.32963253,,,
30.0211485,-16.56026771,,,
30.0211485,-14.7909029,,,
30.0211485,-13.02153808,,,
30.0211485,-11.25217327,,,
30.0211485,-9.482808451,,,
30.0211485,-7.713443636,,,
30.0211485,-5.944078821,,,
30.0211485,-4.174714006,,,
30.0211485,-2.405349191,,,
30.0211485,-0.635984376,,,
30.0211485,1.133380439,,,
30.0211485,2.902745254,,,
30.0211485,4.672110069,,,
30.0211485,6.441474884,,,
30.0211485,9.980204514,,,
30.0211485,11.74956933,,,
30.0211485,13.51893414,,,
30.0211485,15.28829896,,,
30.0211485,17.05766377,,,
30.0211485,18.82702859,,,
30.0211485,20.5963934,,,
30.0211485,22.36575822,,,
30.0211485,24.13512303,,,
30.0211485,25.90448785,,,
30.0211485,31.2125823,,,
30.0211485,32.98194711,,,
30.0211485,34.75131193,,,
30.0211485,36.52067674,,,
30.0211485,38.29004156,,,
30.0211485,40.05940637,,,
31.79051332,-39.56201031,,,
31.79051332,-37.79264549,,,
31.79051332,-36.02328068,,,
31.79051332,-34.25391586,,,
31.79051332,-32.48455105,,,
31.79051332,-30.71518623,,,
31.79051332,-28.94582142,,,
31.79051332,-27.1764566,,,
31.79051332,-25.40709179,,,
31.79051332,-23.63772697,,,
31.79051332,-21.86836216,,,
31.79051332,-20.09899734,,,
31.79051332,-18.32963253,,,
31.79051332,-16.56026771,,,
31.79051332,-14.7909029,,,
31.79051332,-13.02153808,,,
31.79051332,-11.25217327,,,
31.79051332,-9.482808451,,,
31.79051332,-7.713443636,,,
31.79051332,-5.944078821,,,
31.79051332,-4.174714006,,,
31.79051332,-2.405349191,,,
31.79051332,-0.635984376,,,
31.79051332,1.133380439,,,
31.79051332,2.902745254,,,
31.79051332,4.672110069,,,
31.79051332,11.74956933,,,
31.79051332,13.51893414,,,
31.79051332,15.28829896,,,
31.79051332,17.05766377,,,
31.79051332,18.82702859,,,
31.79051332,20.5963934,,,
31.79051332,22.36575822,,,
31.79051332,24.13512303,,,
31.79051332,25.90448785,,,
31.79051332,31.2125823,,,
31.79051332,32.98194711,,,
31.79051332,34.75131193,,,
31.79051332,36.52067674,,,
31.79051332,38.29004156,,,
31.79051332,40.05940637,,,
33.55987813,-39.56201031,,,
33.55987813,-37.79264549,,,
33.55987813,-36.02328068,,,
33.55987813,-34.25391586,,,
33.55987813,-32.48455105,,,
33.55987813,-30.71518623,,,
33.55987813,-28.94582142,,,
33.55987813,-27.1764566,,,
33.55987813,-25.40709179,,,
33.55987813,-23.63772697,,,
33.55987813,-21.86836216,,,
33.55987813,-20.09899734,,,
33.55987813,-18.32963253,,,
33.55987813,-16.56026771,,,
33.55987813,-14.7909029,,,
33.55987813,-13.02153808,,,
33.55987813,-11.25217327,,,
33.55987813,-9.482808451,,,
33.55987813,-7.713443636,,,
33.55987813,-5.944078821,,,
33.55987813,-4.174714006,,,
33.55987813,-2.405349191,,,
33.55987813,-0.635984376,,,
33.55987813,1.133380439,,,
33.55987813,2.902745254,,,
33.55987813,4.672110069,,,
33.55987813,9.980204514,,,
33.55987813,11.74956933,,,
33.55987813,13.51893414,,,
33.55987813,15.28829896,,,
33.55987813,17.05766377,,,
33.55987813,18.82702859,,,
33.55987813,20.5963934,,,
33.55987813,22.36575822,,,
33.55987813,24.13512303,,,
33.55987813,25.90448785,,,
33.55987813,27.67385266,,,
33.55987813,29.44321748,,,
33.55987813,31.2125823,,,
33.55987813,32.98194711,,,
33.55987813,34.75131193,,,
33.55987813,36.52067674,,,
33.55987813,38.29004156,,,
33.55987813,40.05940637,,,
35.32924295,-39.56201031,,,
35.32924295,-37.79264549,,,
35.32924295,-36.02328068,,,
35.32924295,-34.25391586,,,
35.32924295,-32.48455105,,,
35.32924295,-30.71518623,,,
35.32924295,-28.94582142,,,
35.32924295,-27.1764566,,,
35.32924295,-25.40709179,,,
35.32924295,-23.63772697,,,
35.32924295,-21.86836216,,,
35.32924295,-20.09899734,,,
35.32924295,-18.32963253,,,
35.32924295,-16.56026771,,,
35.32924295,-14.7909029,,,
35.32924295,-13.02153808,,,
35.32924295,-11.25217327,,,
35.32924295,-9.482808451,,,
35.32924295,-7.713443636,,,
35.32924295,-5.944078821,,,
35.32924295,-4.174714006,,,
35.32924295,-2.405349191,,,
35.32924295,-0.635984376,,,
35.32924295,1.133380439,,,
35.32924295,2.902745254,,,
35.32924295,4.672110069,,,
35.32924295,9.980204514,,,
35.32924295,11.74956933,,,
35.32924295,13.51893414,,,
35.32924295,15.28829896,,,
35.32924295,17.05766377,,,
35.32924295,18.82702859,,,
35.32924295,20.5963934,,,
35.32924295,22.36575822,,,
35.32924295,24.13512303,,,
35.32924295,25.90448785,,,
35.32924295,27.67385266,,,
35.32924295,29.44321748,,,
35.32924295,31.2125823,,,
35.32924295,32.98194711,,,
35.32924295,34.75131193,,,
35.32924295,36.52067674,,,
35.32924295,38.29004156,,,
35.32924295,40.05940637,,,
37.09860776,-39.56201031,,,
37.09860776,-37.79264549,,,
37.09860776,-36.02328068,,,
37.09860776,-34.25391586,,,
37.09860776,-32.48455105,,,
37.09860776,-30.71518623,,,
37.09860776,-28.94582142,,,
37.09860776,-27.1764566,,,
37.09860776,-25.40709179,,,
37.09860776,-23.63772697,,,
37.09860776,-21.86836216,,,
37.09860776,-20.09899734,,,
37.09860776,-18.32963253,,,
37.09860776,-16.56026771,,,
37.09860776,-14.7909029,,,
37.09860776,-13.02153808,,,
37.09860776,-11.25217327,,,
37.09860776,-9.482808451,,,
37.09860776,-7.713443636,,,
37.09860776,-5.944078821,,,
37.09860776,-4.174714006,,,
37.09860776,-2.405349191,,,
37.09860776,-0.635984376,,,
37.09860776,1.133380439,,,
37.09860776,2.902745254,,,
37.09860776,4.672110069,,,
37.09860776,6.441474884,,,
37.09860776,8.210839699,,,
37.09860776,9.980204514,,,
37.09860776,11.74956933,,,
37.09860776,13.51893414,,,
37.09860776,15.28829896,,,
37.09860776,17.05766377,,,
37.09860776,18.82702859,,,
37.09860776,20.5963934,,,
37.09860776,22.36575822,,,
37.09860776,24.13512303,,,
37.09860776,25.90448785,,,
37.09860776,27.67385266,,,
37.09860776,29.44321748,,,
37.09860776,31.2125823,,,
37.09860776,32.98194711,,,
37.09860776,34.75131193,,,
37.09860776,36.52067674,,,
37.09860776,38.29004156,,,
37.09860776,40.05940637,,,
38.86797258,-39.56201031,,,
38.86797258,-37.79264549,,,
38.86797258,-36.02328068,,,
38.86797258,-34.25391586,,,
38.86797258,-32.48455105,,,
38.86797258,-30.71518623,,,
38.86797258,-28.94582142,,,
38.86797258,-27.1764566,,,
38.86797258,-25.40709179,,,
38.86797258,-23.63772697,,,
38.86797258,-21.86836216,,,
38.86797258,-20.09899734,,,
38.86797258,-18.32963253,,,
38.86797258,-16.56026771,,,
38.86797258,-14.7909029,,,
38.86797258,-13.02153808,,,
38.86797258,-11.25217327,,,
38.86797258,-9.482808451,,,
38.86797258,-7.713443636,,,
38.86797258,-5.944078821,,,
38.86797258,-4.174714006,,,
38.86797258,-2.405349191,,,
38.86797258,-0.635984376,,,
38.86797258,1.133380439,,,
38.86797258,2.902745254,,,
38.86797258,4.672110069,,,
38.86797258,6.441474884,,,
38.86797258,8.210839699,,,
38.86797258,9.980204514,,,
38.86797258,11.74956933,,,
38.86797258,13.51893414,,,
38.86797258,15.28829896,,,
38.86797258,17.05766377,,,
38.86797258,18.82702859,,,
38.86797258,20.5963934,,,
38.86797258,22.36575822,,,
38.86797258,24.13512303,,,
38.86797258,25.90448785,,,
38.86797258,27.67385266,,,
38.86797258,29.44321748,,,
38.86797258,31.2125823,,,
38.86797258,32.98194711,,,
38.86797258,34.75131193,,,
38.86797258,36.52067674,,,
38.86797258,38.29004156,,,
38.86797258,40.05940637,,,
40.63733739,-39.56201031,,,
40.63733739,-37.79264549,,,
40.63733739,-36.02328068,,,
40.63733739,-34.25391586,,,
40.63733739,-32.48455105,,,
40.63733739,-30.71518623,,,
40.63733739,-28.94582142,,,
40.63733739,-27.1764566,,,
40.63733739,-25.40709179,,,
40.63733739,-23.63772697,,,
40.63733739,-21.86836216,,,
40.63733739,-20.09899734,,,
40.63733739,-18.32963253,,,
40.63733739,-16.56026771,,,
40.63733739,-14.7909029,,,
40.63733739,-13.02153808,,,
40.63733739,-11.25217327,,,
40.63733739,-9.482808451,,,
40.63733739,-7.713443636,,,
40.63733739,-5.944078821,,,
40.63733739,-4.174714006,,,
40.63733739,-2.405349191,,,
40.63733739,-0.635984376,,,
40.63733739,1.133380439,,,
40.63733739,2.902745254,,,
40.63733739,4.672110069,,,
40.63733739,6.441474884,,,
40.63733739,8.210839699,,,
40.63733739,9.980204514,,,
40.63733739,11.74956933,,,
40.63733739,13.51893414,,,
40.63733739,15.28829896,,,
40.63733739,17.05766377,,,
40.63733739,18.82702859,,,
40.63733739,20.5963934,,,
40.63733739,22.36575822,,,
40.63733739,24.13512303,,,
40.63733739,25.90448785,,,
40.63733739,27.67385266,,,
40.63733739,29.44321748,,,
40.63733739,31.2125823,,,
40.63733739,32.98194711,,,
40.63733739,34.75131193,,,
40.63733739,36.52067674,,,
40.63733739,38.29004156,,,
40.63733739,40.05940637,,,
42.40670221,-39.56201031,,,
42.40670221,-37.79264549,,,
42.40670221,-36.02328068,,,
42.40670221,-34.25391586,,,
42.40670221,-32.48455105,,,
42.40670221,-30.71518623,,,
42.40670221,-28.94582142,,,
42.40670221,-27.1764566,,,
42.40670221,-25.40709179,,,
42.40670221,-23.63772697,,,
42.40670221,-21.86836216,,,
42.40670221,-20.09899734,,,
42.40670221,-18.32963253,,,
42.40670221,-16.56026771,,,
42.40670221,-14.7909029,,,
42.40670221,-13.02153808,,,
42.40670221,-11.25217327,,,
42.40670221,-9.482808451,,,
42.40670221,-7.713443636,,,
42.40670221,-5.944078821,,,
42.40670221,-4.174714006,,,
42.40670221,-2.405349191,,,
42.40670221,-0.635984376,,,
42.40670221,1.133380439,,,
42.40670221,2.902745254,,,
42.40670221,4.672110069,,,
42.40670221,6.441474884,,,
42.40670221,8.210839699,,,
42.40670221,9.980204514,,,
42.40670221,11.74956933,,,
42.40670221,13.51893414,,,
42.40670221,15.28829896,,,
42.40670221,17.05766377,,,
42.40670221,18.82702859,,,
42.40670221,20.5963934,,,
42.40670221,22.36575822,,,
42.40670221,24.13512303,,,
42.40670221,25.90448785,,,
42.40670221,27.67385266,,,
42.40670221,29.44321748,,,
42.40670221,31.2125823,,,
42.40670221,32.98194711,,,
42.40670221,34.75131193,,,
42.40670221,36.52067674,,,
42.40670221,38.29004156,,,
42.40670221,40.05940637,,,
44.17606702,-39.56201031,,,
44.17606702,-37.79264549,,,
44.17606702,-36.02328068,,,
44.17606702,-34.25391586,,,
44.17606702,-32.48455105,,,
44.17606702,-30.71518623,,,
44.17606702,-28.94582142,,,
44.17606702,-27.1764566,,,
44.17606702,-25.40709179,,,
44.17606702,-23.63772697,,,
44.17606702,-21.86836216,,,
44.17606702,-20.09899734,,,
44.17606702,-18.32963253,,,
44.17606702,-16.56026771,,,
44.17606702,-14.7909029,,,
44.17606702,-13.02153808,,,
44.17606702,-11.25217327,,,
44.17606702,-9.482808451,,,
44.17606702,-7.713443636,,,
44.17606702,-5.944078821,,,
44.17606702,-4.174714006,,,
44.17606702,-2.405349191,,,
44.17606702,1.133380439,,,
44.17606702,2.902745254,,,
44.17606702,4.672110069,,,
44.17606702,6.441474884,,,
44.17606702,8.210839699,,,
44.17606702,9.980204514,,,
44.17606702,11.74956933,,,
44.17606702,13.51893414,,,
44.17606702,15.28829896,,,
44.17606702,17.05766377,,,
44.17606702,18.82702859,,,
44.17606702,20.5963934,,,
44.17606702,22.36575822,,,
44.17606702,24.13512303,,,
44.17606702,25.90448785,,,
44.17606702,27.67385266,,,
44.17606702,29.44321748,,,
44.17606702,31.2125823,,,
44.17606702,32.98194711,,,
44.17606702,34.75131193,,,
44.17606702,36.52067674,,,
44.17606702,38.29004156,,,
44.17606702,40.05940637,,,
45.94543184,-39.56201031,,,
45.94543184,-37.79264549,,,
45.94543184,-36.02328068,,,
45.94543184,-34.25391586,,,
45.94543184,-32.48455105,,,
45.94543184,-30.71518623,,,
45.94543184,-28.94582142,,,
45.94543184,-27.1764566,,,
45.94543184,-25.40709179,,,
45.94543184,-23.63772697,,,
45.94543184,-21.86836216,,,
45.94543184,-20.09899734,,,
45.94543184,-18.32963253,,,
45.94543184,-16.56026771,,,
45.94543184,-14.7909029,,,
45.94543184,-13.02153808,,,
45.94543184,-11.25217327,,,
45.94543184,-9.482808451,,,
45.94543184,-7.713443636,,,
45.94543184,-5.944078821,,,
45.94543184,-4.174714006,,,
45.94543184,-2.405349191,,,
45.94543184,2.902745254,,,
45.94543184,4.672110069,,,
45.94543184,6.441474884,,,
45.94543184,8.210839699,,,
45.94543184,9.980204514,,,
45.94543184,11.74956933,,,
45.94543184,13.51893414,,,
45.94543184,15.28829896,,,
45.94543184,17.05766377,,,
45.94543184,18.82702859,,,
45.94543184,20.5963934,,,
45.94543184,22.36575822,,,
45.94543184,24.13512303,,,
45.94543184,25.90448785,,,
45.94543184,27.67385266,,,
45.94543184,29.44321748,,,
45.94543184,31.2125823,,,
45.94543184,32.98194711,,,
45.94543184,34.75131193,,,
45.94543184,36.52067674,,,
45.94543184,38.29004156,,,
45.94543184,40.05940637,,,
47.71479665,-39.56201031,,,
47.71479665,-37.79264549,,,
47.71479665,-36.02328068,,,
47.71479665,-34.25391586,,,
47.71479665,-32.48455105,,,
47.71479665,-30.71518623,,,
47.71479665,-28.94582142,,,
47.71479665,-27.1764566,,,
47.71479665,-25.40709179,,,
47.71479665,-23.63772697,,,
47.71479665,-21.86836216,,,
47.71479665,-20.09899734,,,
47.71479665,-18.32963253,,,
47.71479665,-16.56026771,,,
47.71479665,-14.7909029,,,
47.71479665,-13.02153808,,,
47.71479665,-11.25217327,,,
47.71479665,-9.482808451,,,
47.71479665,-7.713443636,,,
47.71479665,-5.944078821,,,
47.71479665,-4.174714006,,,
47.71479665,-2.405349191,,,
47.71479665,4.672110069,,,
47.71479665,6.441474884,,,
47.71479665,8.210839699,,,
47.71479665,9.980204514,,,
47.71479665,11.74956933,,,
47.71479665,13.51893414,,,
47.71479665,15.28829896,,,
47.71479665,17.05766377,,,
47.71479665,18.82702859,,,
47.71479665,20.5963934,,,
47.71479665,22.36575822,,,
47.71479665,24.13512303,,,
47.71479665,25.90448785,,,
47.71479665,27.67385266,,,
47.71479665,29.44321748,,,
47.71479665,31.2125823,,,
47.71479665,32.98194711,,,
47.71479665,34.75131193,,,
47.71479665,36.52067674,,,
47.71479665,38.29004156,,,
47.71479665,40.05940637,,,
49.48416147,-39.56201031,,,
49.48416147,-37.79264549,,,
49.48416147,-36.02328068,,,
49.48416147,-34.25391586,,,
49.48416147,-32.48455105,,,
49.48416147,-30.71518623,,,
49.48416147,-28.94582142,,,
49.48416147,-27.1764566,,,
49.48416147,-25.40709179,,,
49.48416147,-23.63772697,,,
49.48416147,-21.86836216,,,
49.48416147,-20.09899734,,,
49.48416147,-18.32963253,,,
49.48416147,-16.56026771,,,
49.48416147,-14.7909029,,,
49.48416147,-13.02153808,,,
49.48416147,-11.25217327,,,
49.48416147,-9.482808451,,,
49.48416147,-7.713443636,,,
49.48416147,-5.944078821,,,
49.48416147,-4.174714006,,,
49.48416147,-2.405349191,,,
49.48416147,-0.635984376,,,
49.48416147,6.441474884,,,
49.48416147,8.210839699,,,
49.48416147,9.980204514,,,
49.48416147,11.74956933,,,
49.48416147,13.51893414,,,
49.48416147,15.28829896,,,
49.48416147,17.05766377,,,
49.48416147,18.82702859,,,
49.48416147,20.5963934,,,
49.48416147,22.36575822,,,
49.48416147,24.13512303,,,
49.48416147,25.90448785,,,
49.48416147,27.67385266,,,
49.48416147,29.44321748,,,
49.48416147,31.2125823,,,
49.48416147,32.98194711,,,
49.48416147,34.75131193,,,
49.48416147,36.52067674,,,
49.48416147,38.29004156,,,
49.48416147,40.05940637,,,